,Mean_Acc1298_Mean_Mem40_Rolloff,Mean_Acc1298_Mean_Mem40_MFCC_3,Mean_Acc1298_Std_Mem40_Flux,Mean_Acc1298_Std_Mem40_MFCC_8,Std_Acc1298_Std_Mem40_MFCC_0,Std_Acc1298_Std_Mem40_MFCC_12,amazed-suprised,happy-pleased,relaxing-calm,quiet-still,sad-lonely,angry-aggresive
0,0.07784803126103235,0.5297333315420018,0.15751488013378373,0.309345362377554,0.6136395062838025,0.1643231565242122,0,1,1,0,0,0
1,0.35524878369553525,0.15393026519662506,0.10056880067772,0.20864107118742664,0.44400018321634577,0.02510065047735592,1,0,0,0,0,1
2,0.3564912248803393,0.3781660199491516,0.11742378400976977,0.2575350327734322,0.3161510394070704,0.1405740795340985,0,1,0,0,0,1
3,0.24393514457015325,0.4731279197285571,0.21376783690713258,0.4825095827230515,0.4789100269466306,0.23583391823241323,0,0,1,0,0,0
4,0.1554475742851039,0.30153746386339303,0.045284015270702915,0.4780947780651729,0.6863839575076356,0.41236820201587965,0,0,0,1,0,0
5,0.10964846490330929,0.6975353214842092,0.2337473732850715,0.314015966011198,0.6019032894247873,0.1049713377707387,0,1,1,0,0,0
6,0.16528861757205782,0.5350082685329134,0.05032290715456639,0.14615989903082044,0.4038092579565156,0.2133868396402414,1,1,0,0,0,0
7,0.08151474792838084,0.4504364265420007,0.20139064614436758,0.4295851641787944,0.38899033965890656,0.1043633906230023,0,0,0,0,0,1
8,0.3996599953635731,0.4583464257619693,0.22733323798312305,0.240066689519773,0.4363377213071968,0.18761301163449068,1,1,0,0,0,0
9,0.028333719702238365,0.3234637643350814,0.02983728119877216,0.11938670572470306,0.612597031203818,0.1358566184048824,0,0,1,1,1,0
10,0.3204028539783118,0.5240044122904869,0.12974596503581132,0.2249511774543717,0.5743398161959792,0.09041191680778173,0,1,1,0,0,0
11,0.2053967402585793,0.5362368680517804,0.11340807322896151,0.3754661514329936,0.5235752768554545,0.0876983329723919,0,0,1,0,0,0
12,0.4665427255826216,0.37340582344541656,0.14815222294346098,0.17511712217062952,0.42059170237368876,0.04620659244319085,1,0,0,0,0,0
13,0.03858234430469506,0.603206470289929,0.16977104947575722,0.31177740035526186,0.45525437688293685,0.33571206788134333,0,0,1,0,1,0
14,0.11570612326531726,0.5354939333011027,0.11611455227575285,0.1652227658491487,0.5004893691308114,0.24236739315915956,0,0,0,0,1,0
15,0.685300254094374,0.46154214806198307,0.24577250173280668,0.1717436920232271,0.3654014512117341,0.05600419561808394,1,0,0,0,0,1
16,0.05432498321946814,0.5355581004050749,0.05306239204339169,0.26958744948944074,0.47024441233357145,0.12966234145755984,0,0,1,1,1,0
17,0.32139377658180185,0.5893578055973366,0.27251823572772377,0.3478138926111752,0.320589714649184,0.10182723342300339,0,1,1,0,0,0
18,0.2322410457112294,0.49793732839059485,0.1563816795572816,0.45130210767968254,0.38603122283083086,0.1115987444456331,0,0,0,0,1,1
19,0.00916982201272442,0.5058593589425582,0.09516684453148205,0.15778122305670678,0.5261943199475934,0.10671951197238407,0,0,1,1,1,0
20,0.277947729590252,0.3863719899361919,0.06268909596998673,0.29032015124601357,0.4280804544456756,0.1131642735814349,1,0,0,0,0,1
21,0.2093861885995415,0.5593843487209391,0.08251460508510006,0.09272388253503266,0.3952186151264107,0.05789848587240416,0,1,0,0,0,0
22,0.24787913774581777,0.5941853775602424,0.06244705312840376,0.1343256256037894,0.3455090821725311,0.28547684712868915,0,1,0,0,0,0
23,0.3703505047796107,0.5104858071389513,0.20163268898595055,0.3514509125660921,0.39950259354836487,0.0994919857954323,0,0,0,0,0,1
24,0.39743572260833865,0.39469326018818207,0.11333105959754874,0.3725017399524239,0.3822024765318875,0.10662297100900962,0,0,0,0,0,1
25,0.3691717008262234,0.5825175923139039,0.07474723025975599,0.40136547311124265,0.37579833065710716,0.0626655220909207,0,0,1,0,0,1
26,0.18744952582686736,0.5556907297985413,0.1860209257038496,0.25650794145449635,0.4436430409765086,0.08651374925963516,0,0,1,0,0,0
27,0.49385976475436794,0.2736588624094868,1.0,0.07126143953795167,0.5766658859806655,0.06736732792877888,1,1,0,0,0,1
28,0.6129053274968901,0.3446613671322859,0.5271693089676872,0.11144654970031259,0.42966307205414916,0.06307516888145552,0,1,0,0,0,0
29,0.18586162538580073,0.358969628707079,0.13236442850384517,0.3646031350306958,0.4861010524569141,0.09413004850531105,0,0,1,0,0,0
30,0.21489232428927063,0.4864064998067969,0.054569658829612844,0.35360767448866165,0.5347581717082852,0.5054884842285985,0,0,0,0,0,1
31,0.12780931861192046,0.3169532095483057,0.022311949215011062,0.1860463606427955,0.5539889741785946,0.09163302953370715,0,0,1,1,0,0
32,0.2159680965346497,0.32851171019569164,0.08706941128579754,0.24182092513530068,0.36072079211685754,0.06001716863618929,1,0,0,0,0,1
33,0.7516860078395008,0.4775051188304583,0.12187957268436511,0.18522702483717163,0.3175098219517381,0.14820081564067977,0,0,0,0,0,1
34,0.3914810959543387,0.4263079912708676,0.061302850604557035,0.27564352270248366,0.4671280060011997,0.07564114941149151,1,1,0,0,0,0
35,0.03601564263755112,0.4358793169171156,0.08033621951085346,0.19284256287201224,0.5280787692009867,0.5429307227265254,0,1,1,0,0,0
36,0.07406464633608639,0.5924468500869966,0.05222624404519599,0.1892367062440919,0.4987933215913551,0.20054689151144012,0,0,1,1,1,0
37,0.17681604749155672,0.597427621010636,0.09879748715522652,0.20235776538169875,0.4619404771575886,0.11856795831517754,0,1,1,0,0,0
38,0.22391820494521897,0.3738596051838197,0.058618375452455074,0.14598590378842174,0.42238756825241003,0.11146828368431626,1,1,0,0,0,0
39,0.18820862708733907,0.42898015010690843,0.17016711958016573,0.3196980793002793,0.3377655988841088,0.11622488304192748,1,0,0,0,0,1
40,0.5095008871333093,0.345585573951685,0.1875832022267942,0.2826513758608869,0.3821571045594944,0.07613950951972175,0,1,0,0,0,0
41,0.24193360212487747,0.43433509545558546,0.040267127281528814,0.13115735402578238,0.41721883636879037,0.11343302274974755,1,0,0,0,1,0
42,0.05047947623528199,0.509227931378897,0.05277634141242998,0.4023289393042268,0.44330966500792507,0.17306663674766543,0,0,1,1,1,0
43,0.2802250333716672,0.4378219759898729,0.1226937167878715,0.47383189462640357,0.36178660135407265,0.2778892492505029,0,1,1,0,0,0
44,0.7231462247212461,0.317833100961524,0.1441695180046868,0.10549175730000931,0.40867680636624953,0.053290611782694106,1,1,0,0,0,0
45,0.33250301898056184,0.5884191611795437,0.158604072920907,0.262882140297298,0.4477664890389958,0.12398990755550453,0,1,1,0,0,0
46,0.014353226028839795,0.4872777687654189,0.05688006777199567,0.207193274954034,0.5784351768469851,0.17495570857153298,0,0,1,1,1,0
47,0.18139641298138914,0.7060091891303332,0.20796981065648623,0.28955535126263415,0.4801348541442328,0.3484111183879225,0,1,1,0,0,0
48,0.4350074470712479,0.5323032240560869,0.1489003553628992,0.3295833463180528,0.46619442365495883,0.1910415204418967,0,0,0,0,0,1
49,0.1718402220636342,0.4561240382203334,0.18124608055625852,0.3449468665274705,0.3441131378219034,0.13129310097402008,1,0,0,0,0,1
50,0.3121966814698988,0.345357379688184,0.1284477352491391,0.33369041312183817,0.39372846991881455,0.11649102299501381,0,0,0,0,0,1
51,0.10430748298082854,0.4251987024609489,0.09451772963814598,0.3671117828539375,0.3873729368715982,0.08375059033494496,0,0,1,0,1,1
52,0.4161177955456968,0.43739205639325934,0.08102934219356822,0.2640105124289735,0.3901062741227654,0.13386056875673502,0,0,0,0,0,1
53,0.3195937520360126,0.5049927019945342,0.1826213239743435,0.3038060810038746,0.34629704209309126,0.12928661446496736,1,0,0,0,0,1
54,0.3204846732758477,0.3029868383243643,0.1564146853993157,0.015395982008372555,0.46587811619027547,0.0642493157333069,1,0,0,0,0,1
55,0.06434936233978947,0.5747794406192607,0.02633866194316392,0.19361385521518276,0.502475581236572,0.5643523797347472,0,0,1,1,1,0
56,0.07292220651493733,0.5076095167033989,0.10059080457240932,0.23841633166090143,0.5359652822309529,0.20475816488674703,0,0,1,1,1,0
57,0.23711383943114378,0.6633623281750335,0.06117082723642081,0.39675979307550874,0.556571719692819,0.26486404684063175,0,0,1,0,1,0
58,0.44726518997986336,0.15968525233412853,0.19247906879517673,0.10583325542501582,0.49446073034183674,0.03431639865677599,1,1,0,0,0,0
59,0.6756940624947916,0.39586832027967234,0.5023269118634,0.21041348541036903,0.377786703332982,0.16708892466412878,0,1,0,0,1,0
60,0.2852493443092406,0.5116273800230561,0.06919124685069261,0.20937081242793482,0.37173192164562857,0.11077423243411079,0,0,0,0,1,1
61,0.18228127353251788,0.2201825995256848,0.1798818390855182,0.4851013327516179,0.4522589624769468,0.08967089968350218,0,1,1,0,0,0
62,0.06727667498496193,0.3837888629569124,0.03671349828919718,0.14365254967953706,0.4697461848652928,0.09986510357279842,0,0,1,1,0,0
63,0.1059635661698417,0.42635290824364813,0.10428745888022184,0.09904484402754826,0.6179530845163177,0.15364885703327008,0,0,1,1,1,0
64,0.01789418340553129,0.6285057546863543,0.06426237444027594,0.21690844214528343,0.5659652303772702,0.09985988514234574,0,0,1,1,1,0
65,0.21088317871001272,0.6096103472663511,0.13244144213525794,0.3743910166516044,0.43144251760000424,0.1219286275266988,1,0,0,0,0,1
66,0.16075976793622943,0.5447871346560713,0.17126731431463366,0.2736958147651843,0.47074415220092974,0.11063594402711495,0,0,1,0,0,0
67,0.08857696544346816,0.46335747553779555,0.04873862673693247,0.08276719955955819,0.5418260447220729,0.14886616552339554,0,0,1,1,1,0
68,0.3601882449912196,0.5705329819917028,0.21954385926308956,0.29940036564970335,0.44142024644326955,0.12175381010653426,0,1,1,0,0,0
69,0.5656152886933306,0.44913443589796553,0.1800138624536543,0.1578773099816136,0.3820436746285117,0.03173849401315568,1,0,0,0,0,1
70,0.2834144708033898,0.5163627117740018,0.056076925615833995,0.1384755419821953,0.4039473183867975,0.09288806205757492,0,0,0,0,1,0
71,0.2999480295943429,0.645935946391593,0.14046186174952968,0.1586304237173693,0.37675740773069283,0.06291078832219633,1,0,0,0,0,1
72,0.2543958932773326,0.38847346259128024,0.11846896900751436,0.27519165446103017,0.5068999967159336,0.11887845492711159,0,0,0,0,0,1
73,0.17933274847687317,0.42152333105874323,0.04397478353668599,0.3712136557698899,0.5101535992505415,0.3241897734418419,1,1,1,0,0,0
74,0.11996678742588915,0.5316356856525765,0.03271979140307835,0.16538507484392367,0.7766054764402794,0.13444764218266075,1,0,1,0,0,0
75,0.19526023839719026,0.5679701077546145,0.10977743060521711,0.3844996208461881,0.6222990713005423,0.12896307177690164,0,0,1,0,1,1
76,0.15866428481600506,0.4892366701363692,0.057914250822395597,0.3748117215660611,0.6065061679955615,0.2912484312093452,0,1,1,0,0,0
77,0.1927677801666992,0.42218345014085684,0.15233296293443938,0.4190506611819211,0.4797662608827918,0.2179112188427087,0,1,1,0,0,0
78,0.5381876419526932,0.5138906740934742,0.259480928124278,0.42356934359645565,0.3309755751869758,0.17589763526824037,0,0,0,0,0,1
79,0.34146071688856366,0.31681885967436396,0.19612071336626585,0.4050414472249057,0.40756540909963007,0.15050997111598746,0,0,0,0,0,1
80,0.4074343438016579,0.41295842633385865,0.12154951426402477,0.34312381189815816,0.3548379918105751,0.12735057676702582,0,0,0,0,0,1
81,0.37703544442272696,0.37710024445661394,0.2508994091954276,0.002338547996717455,0.36993238279771373,0.042308424895044314,1,0,0,0,0,0
82,0.19194201133045755,0.6091020234895715,0.04907968710461752,0.22874790946014728,0.5079390148837355,0.4162611511335736,0,0,1,0,1,0
83,0.7828091595188419,0.4212766887528502,0.349564872982518,0.2811828040761631,0.3173231486938923,0.17113320826495015,1,0,0,0,0,0
84,0.8192960207033126,0.5061436994220349,0.3297613677620939,0.2595840215234711,0.44964510475308145,0.3466342428187874,0,0,1,0,0,0
85,0.2895175843306954,0.44715508126262415,0.062183006392131424,0.09236550427456963,0.7953175260262277,0.07873828788515279,0,0,1,1,0,0
86,0.13076844987280128,0.5102818760616398,0.20377806871816306,0.3367431206955654,0.5890759846582239,0.22126666962377728,0,0,1,0,1,0
87,0.07778742437396874,0.449338366975277,0.09397863421825664,0.3056343295210197,0.4659757739594263,0.6091395590948111,0,0,1,1,0,0
88,0.2924948976576953,0.43655387359762293,0.13832748396466177,0.322636521341685,0.5163961344807979,0.07456093430778825,0,0,0,0,0,1
89,0.4996901472898873,0.3287266699939984,0.143784449847623,0.20329266519160255,0.4451830953537372,0.24271702799948858,0,1,0,0,0,1
90,0.29931771796888135,0.18737576396451638,0.03485416918794626,0.17236566009120463,0.7100789299474033,0.06299950163989178,0,0,0,0,1,0
91,1.0,0.2918813173265819,0.1451486913183634,0.12557262613356596,0.45561389574989936,0.05115627372755095,1,0,0,0,0,1
92,0.43934083949629615,0.5496259358621722,0.19780401131000191,0.20416393987555442,0.4627113685742486,0.1463508820452073,0,0,1,0,1,0
93,0.15134751837525057,0.4056900981536116,0.17235650710175698,0.3646693571005641,0.4408451026789341,0.16417964968676368,0,1,1,0,0,0
94,0.20338762195242055,0.5039493849883868,0.05260031025491513,0.1693194448772684,0.42946581200274486,0.0696295175300125,1,0,0,0,0,1
95,0.20741040408126776,0.253386469042681,0.16208068828182592,0.3692568585288832,0.29458638909966456,0.14133336116496242,0,0,0,0,0,1
96,0.04983098254370135,0.3105202568528963,0.14485163874005696,0.2605578754921208,0.5706411362178962,0.10260738877567795,0,0,1,1,1,0
97,0.5696380708221778,0.4847840746873007,0.14036284422342754,0.1290953805561615,0.4418162789451579,0.054576954889277954,1,0,0,0,0,1
98,0.12092134589714104,0.5550795381332065,0.15678875160903483,0.2750228531064643,0.41448269037647506,0.2343362286924962,0,0,0,0,0,1
99,0.36284737216113555,0.2481019069861734,0.16375298427821727,0.30817024525538345,0.37275776033573543,0.10502352207526543,1,1,0,0,0,0
100,0.1059499296202524,0.5272165774108934,0.13861353459562342,0.29117844121038355,0.43108537536016717,0.27528786166984553,0,0,1,0,0,0
101,0.7560315216419616,0.3255261351611868,0.2017867162487761,0.34095406525600663,0.4625998831563684,0.08633371340901795,0,0,0,0,0,1
102,0.43718020397247837,0.3197011657759136,0.11072359807685955,0.42409132932365196,0.3522867906200146,0.16135647881186777,0,0,0,0,0,1
103,0.24735640334489412,0.49226996945445334,0.2316239974475482,0.3966585122627691,0.3208509275759614,0.298786453998231,0,0,1,0,0,0
104,0.3949735678213793,0.2584506572014841,0.15902214692000488,0.0022775198146820497,0.38076245655093516,0.013894071080241197,1,0,0,0,0,1
105,0.46556998504525055,0.5849689762078405,0.15202490840878835,0.31492359790997954,0.4119870158378433,0.16585737507729797,0,1,1,0,0,0
106,0.48062473579185166,0.287219978267404,0.3468363900410372,0.12439231512356258,0.42163914676493525,0.053259301199978085,1,0,0,0,0,1
107,0.590468657905941,0.22924520035075344,0.12852474888055182,0.1154860959622715,0.40228346334203907,0.07943494835058461,1,1,0,0,0,0
108,0.14095798276037097,0.3323667494890193,0.07769575214813024,0.10155479032274811,0.5188263437449767,0.158139316437795,0,0,0,0,0,1
109,0.46137598846044864,0.17920067439626275,0.20756273860473307,0.28518599312329246,0.43415208857991777,0.114374949446455,1,0,0,0,0,0
110,0.094280073516154,0.42668978553950204,0.03397401340037187,0.11198022167513261,0.5162213443585786,0.6948079226211131,0,0,1,1,1,0
111,0.7057111384852216,0.24167456891236155,0.16452312059234486,0.18522312942129698,0.38250020309359084,0.10824590287979084,1,0,0,0,0,1
112,0.14290800935164266,0.4411608711406244,0.26592806926826046,0.1795903580666271,0.37909795333514246,0.10433990768596528,0,0,0,0,0,1
113,0.06290994877202871,0.5899092416470973,0.08876371117687831,0.24426335088867407,0.3869153281214622,0.11820266818349044,0,0,0,0,1,1
114,0.04652336168220474,0.6104836214469722,0.025029430209146997,0.0880247125183084,0.6214480227326546,0.40420918600312583,0,1,1,1,0,0
115,0.12857751090545175,0.6519193283147974,0.1315172785583048,0.21407777327640826,0.5746639017130728,0.2769029658949478,0,1,1,0,0,0
116,0.2573883583260984,0.38750313566590117,0.037692671602873706,0.13382181848400793,0.5190283570506318,0.04522813673331473,1,1,0,0,0,1
117,0.19449810679236534,0.3827890592681461,0.150902709779631,0.2855755347107524,0.3714923144199907,0.12569372509830218,0,0,1,0,1,0
118,0.19316627044914247,0.5184972705920758,0.12768860088235617,0.2618329749550729,0.4661468911124517,0.11258502780118822,0,0,1,0,1,0
119,0.42994828717361294,0.34720960324878053,0.21803659247686846,0.5228141523055667,0.3408046568064009,0.17448865904601873,0,0,1,0,0,1
120,0.0015015356270009703,0.6179626984593278,0.08591420681460615,0.24186896859775414,0.5094684824674058,0.25703640116162263,0,0,1,1,1,0
121,0.36509134215466577,0.6219723403687885,0.19790302883610394,0.33788577601878106,0.38648602283981887,0.09048497483411914,0,0,0,0,0,1
122,0.2994889324248361,0.3673913605812257,0.1522559493030266,0.3651134345102683,0.45000440756303256,0.20808752351555226,0,1,1,0,0,0
123,0.05293557033353485,0.3257234490059012,0.08397786408194252,0.04426620752698218,0.4743252971648136,0.030065987053074048,1,0,0,0,0,1
124,0.056378041518747986,0.48372010389456227,0.02765889562452556,0.26222251654253276,0.7278189390390823,0.6635782255770932,0,0,0,1,1,0
125,0.3848552480261095,0.5209999881691902,0.18654901917639422,0.23849164303447706,0.5460905780130014,0.16506417364849174,0,1,1,0,0,0
126,0.1769736253979221,0.2603614332444552,0.1944924251592532,0.23055538242596113,0.38767347217444975,0.09336293922876816,1,0,0,0,0,1
127,0.04691579127594165,0.5463568224369905,0.15903314886734954,0.2721298575835956,0.5121246873655045,0.4383116290113423,0,0,1,1,0,0
128,0.18779498508312994,0.3995769783670635,0.13792041191290855,0.31293044345414306,0.5534488316501052,0.1313478944937731,0,0,0,0,0,1
129,0.1885283284165996,0.3819731344367001,0.09782931578889459,0.22154009162018135,0.43681671970146113,0.07663786962795201,1,0,0,0,0,0
130,0.047706711152121765,0.4769530812140978,0.1000077013631413,0.1264075436026883,0.4823719084402241,0.08312176946539789,0,1,1,0,0,0
131,0.15409907104793855,0.2686724768642499,0.07600145225704946,0.4411558477983109,0.5464727828661606,0.23214448790237363,1,1,0,0,0,0
132,0.33915614000796984,0.4013654358680877,0.1204713234242461,0.37658413578900346,0.49994317700600305,0.18529081008305132,0,1,1,0,0,0
133,0.05726138689770013,0.5301440010074235,0.14487364263474634,0.19290099411013112,0.5279022506226765,0.10230471980942292,0,0,0,0,1,1
134,0.8124580486703606,0.23066108760433923,0.11766582685135274,0.1604989248652186,0.39594240611458636,0.05629381850820729,1,0,0,0,0,0
135,0.11701674719806784,0.6428326648257392,0.1007448318352348,0.23250698577913503,0.44528917934633255,0.049757734366234666,0,0,0,0,0,1
136,0.7666331813615639,0.3052314838301906,0.08594721265664024,0.18138614478481713,0.35411160813826265,0.058934344317259704,1,0,0,0,0,0
137,0.21510899391052302,0.507690126627764,0.16265278954374923,0.21942488080027417,0.37419497157553966,0.07745977242424797,0,1,1,0,0,0
138,0.0694600380914285,0.4273876027951993,0.0632611972319101,0.23041774439839197,0.581065238846705,0.3284245297541859,0,0,1,1,1,0
139,0.32247106399935754,0.4723320471171024,0.20340400250844398,0.11538871056540662,0.49898496416046306,0.04765470689380753,1,0,0,0,0,1
140,0.2024679124412303,0.5575503726805346,0.14246421616626148,0.36567567286816866,0.3711967484284014,0.14893922354973294,0,0,1,0,1,0
141,0.2992358986713455,0.40986958236639864,0.12305678105024592,0.40412212907850037,0.5536538697539197,0.23062592464064585,0,0,0,0,0,1
142,0.18225248526116264,0.7119783339773438,0.092658400536895,0.356348748792421,0.4403810122184562,0.12581374899871367,0,0,1,0,0,0
143,0.3506199326960519,0.18829475720671773,0.13922964364692553,0.09100081024650192,0.3802962055203432,0.028941415290523062,1,0,0,0,0,1
144,0.6443103012010769,0.523640063453245,0.34464700251944597,0.4617353298638162,0.32110436245032853,0.26085368303775275,1,0,0,0,0,1
145,0.5844200905769926,0.3223590875357606,0.14179309737823592,0.18853812833058053,0.5012198578863403,0.20085477890814785,1,1,0,0,0,0
146,0.1989951378124853,0.5295550673062791,0.04942074747230257,0.12855132080567583,0.4282107368235472,0.09089723083988029,0,1,0,0,0,0
147,0.1998512100922588,0.4539034553784967,0.04614216716358793,0.13990126419229848,0.34148631667735435,0.3230234542356695,1,0,0,0,0,0
148,0.5709880892315197,0.41753755129107223,0.17417182841362921,0.11109206685572409,0.3452050899574974,0.022676689532089428,1,0,0,0,0,1
149,0.8779453053147693,0.44981761503306916,0.9330091426182436,0.06408868044085714,0.4951728542513972,0.23285941287438983,0,0,0,0,0,1
150,0.3160861284472061,0.3677591182958661,0.02493041268304491,0.24410234036585737,0.5473285846882989,0.15860375674808286,0,1,0,0,0,0
151,0.397359963999509,0.34654808051126745,0.09505682505803531,0.16679651386248656,0.39744508262884354,0.15741656382009983,1,0,0,0,0,0
152,0.03669898528919332,0.5369206487534838,0.05859637155776576,0.09157473485202611,0.6083059229004879,0.42519249485332294,0,0,0,1,1,0
153,0.17791303214740808,0.36293675991015806,0.13809644307042346,0.13089765963414252,0.48429546401268003,0.015091700869129587,1,0,0,0,0,1
154,0.6114250042803614,0.24457191417890473,0.14546774779135907,0.09591942202416187,0.37617362168590157,0.05187380791479347,1,0,0,0,0,1
155,0.344806217054475,0.5926387498323133,0.23963341511447528,0.22918549451006048,0.44199020483933144,0.1542307120287431,0,1,1,1,0,0
156,0.4038570222927282,0.668563874040777,0.12590628541251803,0.18976907974695373,0.5209270660667773,0.1308991094748433,0,0,1,0,1,0
157,0.07378282431124061,0.4403463499645778,0.08884072480829108,0.1592627795610126,0.6575116109037926,0.5061146958829192,0,0,0,1,1,0
158,0.3771233244089692,0.22929513037853178,0.1376453632292916,0.2636352540330538,0.39416144816965154,0.0682388058143752,0,0,0,0,0,1
159,0.09213913523063194,0.5088738091738505,0.04461289648267741,0.08929461809342759,0.5769722548228247,0.19921097331555587,0,0,1,1,1,0
160,0.4999810603477926,0.48227794823278786,0.4537423123892929,0.02581232405704964,0.3568121047236977,0.008978309593823466,0,0,0,0,0,1
161,0.27054156799107865,0.5573580718908181,0.08052325261571297,0.3306805551227316,0.41463004125824693,0.1654085900583681,0,0,0,0,0,1
162,0.056606832517413115,0.521108671201543,0.11753380348321651,0.2797778574173912,0.3370748646186768,0.15018903764314806,0,1,0,0,0,0
163,0.12828205233101664,0.4686069462093183,0.17551406598968022,0.35642276169403847,0.4431327143155919,0.1863945081237916,0,0,1,0,0,0
164,0.24664730276624985,0.3671058169685495,0.14379545179496772,0.3178620399513851,0.43582393773409783,0.19429521182913817,1,0,0,0,0,1
165,0.22870614902324427,0.25959303217438856,0.10657586392791524,0.19476040595427296,0.3879005480934266,0.010134191939090487,0,0,0,0,0,1
166,0.2346289570615357,0.30949939833313916,0.18972858195900677,0.3454870308620815,0.34970793413199536,0.09118685373000361,0,0,1,0,1,0
167,0.2949752345107736,0.4656472385386023,0.15318011287997974,0.30905969854675014,0.3535651999564429,0.1163266424357546,0,0,0,0,0,1
168,0.07898441039347506,0.30830508811045726,0.051819171993442825,0.18286770128912294,0.7050316221041879,0.9580281638691531,0,0,1,1,1,0
169,0.250870087622407,0.1793835506425834,0.15818599892180918,0.13984932531397049,0.4108762667422579,0.048218297382696215,0,0,0,0,0,1
170,0.638648102777159,0.3046630033934372,0.12405795825861177,0.20681541961419797,0.37486301985477516,0.0620836670954477,1,0,0,0,0,0
171,0.31100878648345204,0.4029038421858203,0.09217431485372907,0.2840121744730801,0.4895562361831542,0.12904656666414444,0,0,1,0,1,0
172,0.2103574139647359,0.7621239231205906,0.13421275565775143,0.4176950564575607,0.49979647429526536,0.27107397907931235,0,0,1,1,1,0
173,0.3668595480847466,0.4292847433285763,0.09749925736855425,0.25699616691077926,0.4800938033120676,0.06463547958680467,0,0,0,0,0,1
174,0.3028253415576879,0.24103369996143958,0.19989438130549103,0.07047456553128273,0.424379397840467,0.41598718353480824,0,0,0,0,0,1
175,0.08511328184778277,0.446742807619603,0.10608077629740464,0.1431799058867524,0.5439546383983436,0.14828691974314884,1,0,0,0,0,1
176,0.2790810783783415,0.39179210499984063,0.1921160045328023,0.41232977032628,0.33931364737075903,0.08832715384193894,0,0,0,0,0,1
177,0.36177311508793303,0.2995440726740578,0.10210907330597513,0.12947583283991387,0.4171799461067391,0.09219401080736948,0,1,0,0,0,0
178,0.7116945534105766,0.032214292460425425,0.14931842936199707,0.1387521165092918,0.3373991661927817,0.02576078192961903,1,0,0,0,0,0
179,0.3609912862448124,0.45023911269728634,0.2303037637661866,0.3311038569811046,0.36819830922425173,0.27717432427848676,0,1,1,0,0,0
180,0.5109933317272508,0.5528533406697722,0.43651326284752406,0.8726601535313245,0.4914173512793168,0.3232843757583032,1,0,0,0,0,1
181,0.19768905939626447,0.3350352989254617,0.052083218729715164,0.2775483810651625,0.4728926231222487,0.20387103170979265,0,0,1,0,0,0
182,0.25720350732055436,0.5369946414452518,0.15664572629355394,0.6445471968587366,0.3847562704065847,0.6471427788664004,0,1,1,0,0,0
183,0.35798063912992756,0.3721920625693431,0.09740023984245211,0.30156491840402205,0.4097860430627552,0.2094599707246052,0,0,0,0,0,1
184,0.3473835249268551,0.09023037795025805,0.0982253858933031,0.20203444586410707,0.39990337930450387,0.12236697568472331,1,0,0,0,0,0
185,0.40920861042044515,0.5242733125605702,0.36502260900179334,0.18174582151723845,0.3747850232736613,0.04144216543990065,0,1,0,0,0,0
186,0.02510185744957128,0.39794833705937005,0.04232449143498401,0.17818800835177157,0.6023911461565188,0.10119580333822996,0,0,0,1,1,0
187,0.07009489523341986,0.4194439158456453,0.03943097928333317,0.20883454350919833,0.8019878541390477,0.9004219101020985,0,0,1,1,0,0
188,0.1620264518758589,0.7572289756985141,0.042665551802669066,0.41510979878878523,0.7080654946582068,0.3364791771578862,0,1,1,0,0,0
189,0.32179832755295146,0.3834850718240442,0.11313302454534452,0.3014324742642858,0.5543958095310528,0.1013132180234151,0,0,1,0,0,0
190,0.33156361223107583,0.3854973121001713,0.16205868438713655,0.23799043285861204,0.4134253073627045,0.3077204069332067,0,1,0,0,0,0
191,0.1265244526061719,0.49230445927283834,0.03641644571089081,0.27748605441116886,0.5212317064528451,0.29333319417518794,0,1,1,0,0,0
192,0.2548458994137799,0.37054838209665614,0.23503460112439906,0.33875055834294204,0.5762767673031419,0.04890713020244901,1,0,0,0,0,1
193,0.31894677351660855,0.36332256462279067,0.14291529600739333,0.39027652258821816,0.38019249815487316,0.1682656807312065,0,0,1,0,0,0
194,0.10523779869725497,0.20695254581982397,0.03003531625097644,0.35654481805810917,0.7409407295121779,0.4460766535249194,0,0,1,1,0,0
195,0.3860628402508519,0.5024717368972278,0.22055603841880017,0.24053543789668314,0.44455458550758714,0.14531763281557802,0,1,1,0,0,0
196,0.5223510623629716,0.38766475655903104,0.10882026118622995,0.2033277239344739,0.41798627087326795,0.09343338803987923,1,0,0,0,0,1
197,0.0801359412476837,0.3723177899886886,0.183358454446437,0.25259694391639914,0.48678249627085607,0.16403614284931523,1,0,0,0,0,1
198,0.3374803595806609,0.5793465342444795,0.11709372558942932,0.2712468966520199,0.4144306206367288,0.1464891704522031,0,1,0,0,0,0
199,0.025885201464868467,0.3776220032207876,0.02824199883379358,0.19170769838054574,0.5758710122357407,0.10266479151065731,0,0,0,0,1,0
200,0.03951569036547469,0.6328871647544535,0.04494295490301781,0.16137409496504512,0.5519202282944806,0.30553388457353686,1,1,1,0,0,0
201,0.498988622572126,0.2692602074321949,0.14607285489531646,0.3115605555382425,0.3848943308368667,0.07559679275264379,1,0,0,0,0,0
202,0.7803151861161742,0.5415641413368695,0.24572849394342805,0.30282833161935024,0.32475594199992747,0.14347030843533187,0,0,1,0,1,0
203,0.37528845090311835,0.3901965498551328,0.10565170035096211,0.30438260255331523,0.45747911592927865,0.07764502670531785,0,0,0,0,0,1
204,0.3276726500815921,0.6143930022564763,0.20255685256290362,0.29494271141720413,0.5094045295920326,0.238197867227474,0,0,1,0,1,0
205,0.3671171273547669,0.4820964756418666,0.18549283223130497,0.39884643751233534,0.5646740736771694,0.25507427131141774,0,0,0,0,0,1
206,0.33180149426280053,0.4723727531236847,0.18964056638024934,0.3528883210238191,0.36525496455800793,0.06202365514524198,1,1,0,0,0,0
207,0.1592461109318157,0.4844113039176624,0.10171300320156673,0.0,0.6589747489849642,0.13116264021270324,0,0,0,1,0,0
208,0.156959716117341,0.4790637778903822,0.09176724280197596,0.3462920834761651,0.5702124791072871,0.10007645000613165,0,0,0,0,0,1
209,0.08246021536657319,0.5462914521998188,0.10459551340587286,0.24548651147329809,0.6405710127542776,0.22866379479044086,0,0,1,1,1,0
210,0.28534934567289555,0.6067492965179921,0.06353624591552703,0.23265371311041166,0.5607204464256395,0.06043986150285578,0,1,0,0,0,0
211,0.4414075343451653,0.4438446602642602,0.28140780918222524,0.13610712913043926,0.29996448022732664,0.018569784765835984,1,0,0,0,0,1
212,0.3639110230291019,0.1826235883487779,0.12873378588010082,0.1388754713453208,0.41695481470086476,0.05794545174647821,1,0,0,0,0,1
213,0.674745564712246,0.23673831391710293,0.2033159869296866,0.08479411428630784,0.4900844955760167,0.03696736132673377,0,0,0,0,0,1
214,0.5666759092169438,0.42095685584398895,0.26925065736635384,0.21349995325500942,0.2881936942464883,0.06423105122672255,1,0,0,0,0,0
215,0.46803062466003326,0.5456981070102762,0.05157712915185991,0.3965429482584894,0.390659164014927,0.10575671155386594,0,0,0,0,1,0
216,0.18031154970295052,0.5772057592382082,0.19572464326185735,0.2852353350577041,0.5369053462875357,0.2004660058394237,0,0,1,1,1,0
217,0.43226953094814924,0.6651203063016707,0.03146556940578482,0.14639751939917095,0.5401077433104429,0.07768677414893922,1,0,0,0,0,1
218,0.11778342431942254,0.3371905115301268,0.11611455227575285,0.14280854290670736,0.5034476217308415,0.7413537130437279,0,0,0,1,1,0
219,0.5464332089376975,0.23934510251597207,0.16887989174083817,0.25245930588882987,0.48879355493292725,0.11361044938513844,0,0,0,0,0,1
220,0.31684826005203104,0.5992100628456627,0.10129492920246885,0.27211427592009724,0.42473762036536106,0.16173742423491289,1,0,0,0,0,1
221,0.6805562500094698,0.0,0.1812790863982925,0.14459394184923174,0.38107141807723094,0.08308524045222919,0,0,0,0,0,1
222,0.32558777316660376,0.5203071839684907,0.1587140923943538,0.22737152918445575,0.3665230031578894,0.2477502041710915,0,1,1,0,0,0
223,0.43662262061149315,0.42626848839748477,0.11125169154940429,0.37572714429659176,0.3864724112481009,0.21530983126205133,0,0,1,0,0,0
224,0.12956085764805883,0.4880134847168998,0.03191664924691673,0.3643914841015093,0.7938559003441359,0.41675168359612486,0,1,1,1,0,0
225,0.3578609405279769,0.48787793170975857,0.08242658950634263,0.13081066201294317,0.6011831714058053,0.10648468260201378,0,0,0,0,0,1
226,0.20577704847490347,0.5091551418203285,0.07409811536641986,0.2718987295750361,0.4336106497093602,0.09643920398061874,0,0,0,0,0,1
227,0.49591282305364776,0.4868699066107959,0.19187396169121934,0.2901656330829879,0.46577397671078274,0.09828130993041222,1,0,0,0,0,1
228,0.34532743628322204,0.48415463550177373,0.22056704036614483,0.2501259517799453,0.3693310961349994,0.1950544934600021,0,1,1,0,0,0
229,0.3938553707550558,0.202821587979416,0.07556137436326227,0.20751919141554215,0.4413320951826201,0.1523285941287439,1,0,0,0,0,0
230,0.12379714268830938,0.400666214956991,0.03758265212942691,0.15692682850821155,0.4130595228424115,0.21478016057110505,0,0,1,1,1,0
231,0.35791548672633416,0.4134104033724626,0.22340554278107222,0.22288011468104324,0.43359595783258537,0.6839640241404592,1,0,0,0,0,0
232,0.08819362688279081,0.2258054425334456,0.22567194393407636,0.38325438623827485,0.3947867171606307,0.09118163529955096,0,1,1,0,0,0
233,0.1647249735223662,0.2476272709389793,0.07921402088169605,0.18465829411948015,0.4697299805894381,0.08877072043041613,1,1,0,0,0,0
234,0.10383171891737919,0.23384237230595917,0.03337990824375914,0.41491113257918083,0.5313129266045691,0.3703754921632221,0,0,1,1,0,0
235,0.08271021877571058,0.29657072949374763,0.04966279031388554,0.21992219556026465,0.5960068775267868,0.7205687045507322,0,0,1,1,1,0
236,0.23896992534746686,0.5865366587667604,0.22106212799665542,0.29920169944009894,0.4826158368060897,0.15041603936783937,0,1,1,0,0,0
237,0.16226130356323043,0.6003576513957649,0.2089269800754734,0.392181380950897,0.33262452229794787,0.16526247400569333,0,0,0,0,0,1
238,0.07819046017294176,0.5567272290498918,0.06802504043215651,0.27148192007645394,0.38952875373130463,0.235630399444759,0,1,0,0,0,0
239,0.19807391312911843,0.612427283130729,0.0994466020485626,0.3441794696001745,0.3135838499976666,0.35313901637804396,0,1,0,0,0,0
240,0.13461244168481085,0.3822318080745879,0.05661602103572333,0.25089594565115764,0.3615902055307139,0.18316951810403986,0,1,1,0,0,0
241,0.32539231595582363,0.4969830432412088,0.1692099501611785,0.34129945879688767,0.3278725643893106,0.1171589820929559,0,0,0,0,0,1
242,0.23737899456204703,0.5689737213651792,0.12110943637023752,0.27365556213448,0.36295741429882594,0.23244454765340228,1,1,0,0,0,0
243,0.14618987228613725,0.6422180642830058,0.03548128018659302,0.16312443516469816,0.6347588630907217,0.13171318462546022,0,0,1,1,1,0
244,0.09132397259962635,0.22806011414926752,0.03648245739495892,0.19714310199756918,0.6486221612269274,0.2261928679711004,0,0,1,1,0,0
245,0.3754687563921326,0.5491446825823811,0.11371612775461254,0.3542802829630091,0.47015172387568255,0.22875511732336268,1,0,0,0,0,1
246,0.42982858857166234,0.2982005739346406,0.1776264398798587,0.14767911122191396,0.3877197083748884,0.017729617462955663,1,0,0,0,0,1
247,0.07984351301760176,0.47399678242078025,0.12970195724643263,0.27566299978185665,0.43933983348054023,0.10916434663946124,1,1,0,0,0,0
248,0.21642567853197997,0.6241135164194596,0.0650545146490929,0.1861891925581975,0.36101268513925316,0.21459751550526152,0,1,0,0,0,0
249,0.17037050505234164,1.0,0.17223548568096558,0.30751841233236726,0.47560500284331036,0.21945587425669982,0,1,1,0,0,0
250,0.166759849755527,0.44031085753519317,0.03598736976444833,0.4259702182471667,0.5179482880506645,0.20263165447728287,1,1,1,0,0,0
251,0.10553931796039642,0.4740178372517711,0.01747109238335187,0.18115501677625762,0.7172617452912537,0.08585361780737209,0,0,1,0,0,0
252,0.009322854402560025,0.5347666392820182,0.1025161453577283,0.22905045342640779,0.5783079192672729,0.10239082391189201,0,0,0,1,0,0
253,0.16905079008653148,0.33071725387253487,0.05393154588362142,0.20855147662231083,0.671499141821551,0.36710875469984894,0,0,1,1,1,0
254,0.24124571395670547,0.3755929190798678,0.05657201324634459,0.25579897576531924,0.42043981429467764,0.5538241962964798,1,1,1,0,0,0
255,0.13653519517690393,0.4912615433110908,0.10778607813583002,0.25791808200110117,0.46977988975907065,0.27645679009124424,0,1,0,1,0,0
256,0.13790188048018837,0.4683476710048308,0.1428712882180146,0.36840246398038784,0.5510668030994677,0.2258588884221293,0,0,1,0,1,0
257,0.24232300137426116,0.5549638368238566,0.07503328089071765,0.35175215806039445,0.41027044288230424,0.13033030055550193,1,0,0,0,0,1
258,0.171559915210965,0.6140021844888458,0.08415389523945743,0.1989194116363862,0.3355406437807558,0.25506905288096504,1,1,0,0,0,0
259,0.55835458362311,0.36489806754750725,0.2203580033665959,0.2109056062825267,0.4075522296219349,0.061898412814377815,1,0,0,0,0,1
260,0.19260262639945092,0.44915468864015673,0.03001331235628707,0.25045706212928626,0.46866957277750815,0.22786537493118192,1,1,0,0,0,0
261,0.42243454834990174,0.4821658563230365,0.1514638090942097,0.37461954771624745,0.4045676180665145,0.1319584508567358,0,0,0,0,0,1
262,0.23351530551174182,0.4215068882383503,0.029683253935946674,0.08332294555766767,0.43720086906772276,0.07223090511066986,1,0,0,0,0,1
263,0.12416229918286767,0.443861303606853,0.03179562782612522,0.21879252495663098,0.6711504258051584,0.12044659327813974,1,1,0,0,0,0
264,0.35745941990118046,0.45089822916840033,0.19223702595359382,0.4180560316619402,0.36911115009739853,0.18512382030856583,1,0,0,0,0,1
265,0.2829856770774147,0.4740222487401692,0.021849867426534497,0.10415043576718913,0.4049202231091123,0.07229352627610193,1,0,0,0,0,1
266,0.12237742635884427,0.4980099174269633,0.04058618375452455,0.3276187582452968,0.654490269656435,0.22076830951554705,0,1,1,1,0,0
267,0.36720803768536237,0.5379938435674183,0.03680151386795466,0.13824571244559397,0.6686899685593839,0.1256858974526232,1,0,0,0,0,1
268,0.14063828143111043,0.6547743633971589,0.15121076430528202,0.29740201730603427,0.34220168144208557,0.11930114779377808,0,0,1,0,1,0
269,0.27107036308070864,0.48660421469591114,0.12986698645660283,0.288643823947978,0.4510220360867064,0.34447120339615456,0,0,1,1,0,0
270,0.2688339689480614,0.5149891347045977,0.057837237190982826,0.1391001069940893,0.44364390520455427,0.10690737546868027,0,0,0,0,1,1
271,0.15595061144773187,0.4688483749380136,0.03471114387246543,0.2693147703782189,0.8000802867854349,0.19850648520444508,0,1,1,0,0,0
272,0.11851828282506882,0.558826897005181,0.05780423134894874,0.479565946793813,0.6644954377401475,0.35354083552289983,0,0,1,1,0,0
273,0.5502620490279412,0.4729548690700322,0.14919740794120556,0.45712575441220765,0.51977267345489,0.1191237211583872,0,0,0,0,0,1
274,0.09400279700783798,0.4406112397906629,0.06229302586557822,0.1596042776860191,0.5356195910127197,0.1586559410526096,0,0,1,1,1,0
275,0.14543986205872506,0.5919060417138312,0.0906450441728186,0.17903850748439237,0.43907192278640955,0.8007577161017281,1,0,0,0,0,0
276,0.11871222486367239,0.5123364265219484,0.03180662977346993,0.2588503848670884,0.7856761979497056,0.27901121179782756,0,1,1,0,0,0
277,0.0039318717982517945,0.5901328239000004,0.11588351138151454,0.11853101270424965,0.6462245765714694,0.40415961091382546,0,0,1,1,1,0
278,0.25099887725741715,0.4539251117760873,0.043105629696456316,0.1002095733740534,0.5796232743526502,0.11798610331970454,1,0,0,0,0,1
279,0.22187272250682205,0.4493518019626712,0.04452488090391998,0.15632953140743971,0.32360846321240483,0.14299804047936499,1,0,0,0,0,1
280,0.16253100421066347,0.5122969236485656,0.28320112659940805,0.28555995304725396,0.3503617226484787,0.14033925016372828,0,0,1,0,1,0
281,0.307736014582017,0.46116175744874804,0.24674067309913855,0.08991139227357242,0.4567715292169576,0.1442922112316279,0,0,0,0,0,1
282,0.16221887874228588,0.3796374518521133,0.04516299384991146,0.2755383464738695,0.504754550592774,0.13754738987154835,1,1,0,0,0,0
283,0.10795450240988133,0.5116985654040251,0.07627650094066651,0.15372479665929123,0.5754080020603196,0.10067917872341535,1,0,1,0,0,0
284,0.3320151335396998,0.5711582102110316,0.05653900740431056,0.18389609108001698,0.43261592322889425,0.10264913621929932,1,0,0,0,0,1
285,0.12680172911448792,0.5373824513798835,0.07523131594292187,0.2232047326705932,0.40600698987643274,0.11055505835509853,0,0,1,1,1,0
286,0.11441216622650915,0.4547953781237098,0.03245574466680606,0.28925929965616465,0.5689187297230496,0.17569411648058614,0,0,1,1,0,0
287,0.09676950140229185,0.3673863475262278,0.19154390327087895,0.32216387754890036,0.510951497793626,0.22843157463529695,0,0,1,0,0,0
288,0.15734456985019493,0.2967145039110853,0.058541361821042304,0.1469493699814058,0.49772578389804883,0.09563556569090716,0,0,0,0,0,1
289,0.43084072358562464,0.44547791358255173,0.11765482490400803,0.28673896558529927,0.34366978883451943,0.16239494647194963,0,0,0,0,1,1
290,0.17314630047985502,0.621620423907941,0.20077453709306547,0.33433575368506335,0.47682421255861634,0.1693537234805888,0,0,1,0,1,0
291,0.01877146809577706,0.596318532722917,0.2056594017141034,0.2875544059750485,0.5102970611061082,0.23349084295916317,0,0,1,1,1,0
292,0.20400732737264599,0.42407918701883446,0.09774130021013722,0.35234555974529175,0.49510695686292144,0.16668971473449934,1,0,0,0,0,1
293,0.3646443663625716,0.5945316793994921,0.09081007338298874,0.36904520759969667,0.3269290434205456,0.17283180737729514,0,0,0,0,0,1
294,0.032924691397306936,0.4566654481600985,0.0319936628783295,0.3020713224677199,0.5166461124429826,0.4292054678714284,0,0,0,0,1,0
295,0.08390871996739349,0.419191057351555,0.022939060213657825,0.14815954584644792,0.5989299128339596,0.07093151592795437,0,0,1,1,0,1
296,0.33800006363723145,0.3783336565082789,0.05614293729990211,0.22596009016589275,0.4317437010738899,0.21266408702254624,1,0,0,0,0,1
297,0.18407675256177736,0.35132812871279384,0.0685751377993905,0.09178898272512898,0.33142929491090684,0.0929063265641593,1,0,0,0,1,0
298,0.1068696391314427,0.34540931493796145,0.054723686092438384,0.33999189753498077,0.519231018527321,0.45126116417964973,0,0,1,0,0,0
299,0.059894756140614035,0.4191792265417601,0.05660501908837867,0.3209199414129453,0.6230014726445898,0.2585706197147084,0,0,0,1,1,0
300,0.07647073975251178,0.6371594907458001,0.10188903435908153,0.28019336844401505,0.45173826507948317,0.16277850111022107,0,0,0,1,1,0
301,0.004515213086239055,0.6902886497015528,0.09905053194415409,0.24444643543478034,0.592292425386872,0.3838964454660972,0,0,1,1,1,0
302,0.027568557753060267,0.425364333798077,0.14061588901235522,0.23165778511847263,0.5581975487035715,0.18109780121432878,0,0,0,1,1,0
303,0.27598406644939094,0.39824410730424176,0.038671844916550235,0.13975583533298014,0.6575749156081314,0.1687953514221528,1,0,0,0,1,0
304,0.08496176463012375,0.6214977043215943,0.09512283674210337,0.10889894771832503,0.3372403642894059,0.0,1,0,0,0,0,1
305,0.10249533705762653,0.5258720760604767,0.08473699844872545,0.21834325365909396,0.38752698552072345,0.07741541576540024,1,1,0,0,0,0
306,0.3444940915860974,0.4807928808202321,0.03291782645528263,0.1505110785627473,0.4074087677663681,0.09579994625016634,1,0,0,0,1,0
307,0.1637143536805805,0.6725546668634458,0.06789301706402034,0.3496953784786064,0.5720586862696635,0.8026024312667479,0,0,1,1,0,0
308,0.27147188370750513,0.6652438279768172,0.3692143509401164,0.3804341051450652,0.4884195602462014,0.14166473149870712,0,1,1,0,0,0
309,0.3122936524892006,0.4324283298566126,0.15418129008834563,0.37055013659925,0.4254328918280326,0.3112245829821765,0,1,1,0,0,0
310,0.0748434448348538,0.4802264056054778,0.06115982528907621,0.15976658668079396,0.41254530715528975,0.16553122317400593,0,0,1,1,1,0
311,0.07583739778269705,0.4832663221561591,0.04394177769465196,0.15737220438987393,0.5061589211668462,0.0505561542254936,1,0,0,0,0,1
312,0.14960810071652494,0.6065010500344998,0.06341522449473558,0.36606391598367044,0.49241834341311314,0.4232408018640234,0,0,1,0,0,0
313,0.4031297396479649,0.5380525965719928,0.18064097345230107,0.3470114369410077,0.3363363817537261,0.10277437855016346,0,0,0,0,0,1
314,0.17805394315983095,0.5699352253137621,0.04486594127160504,0.3719174275712341,0.6120097882468445,0.2059766683974461,0,0,1,1,0,0
315,0.12635626849457038,0.5370947020230084,0.025051434103836423,0.3135459191623297,0.7320553849185294,0.2032448200554719,0,0,1,1,1,0
316,0.1186637393540215,0.46159829427795873,0.06626472885700768,0.0727507868740066,0.838791005460193,0.10483565857896919,0,0,0,1,0,0
317,0.13733066056961385,0.5393888765122131,0.0298812889881509,0.4300824789387849,0.713461734574826,0.134131927140274,0,0,1,1,0,0
318,0.04197026929155095,0.40824815985790197,0.0677939995379182,0.21000057132766153,0.5416542793980135,0.12039179975838667,0,0,1,1,1,0
319,0.07100399853937403,0.493379659308772,0.04090524022752029,0.07701756572865043,0.5008942599701669,0.054895279146891005,1,0,0,0,0,1
320,0.03682322940767375,0.48994270880226287,0.044062799115443474,0.21392455358534074,0.4239003994462028,0.14333462924356238,0,0,1,1,0,0
321,0.03516714621866055,0.42259171333987977,0.03304984982341874,0.11880239334351334,0.4938255227283334,0.11709114249707116,0,0,1,1,0,0
322,0.10099834694715534,0.3993439715707646,0.05642898793086376,0.2694614977094954,0.42402160742959577,0.16973988733408657,0,0,1,0,0,0
323,0.20755586061022047,0.6305041589306873,0.04397478353668599,0.39101145771655904,0.5146912286038741,0.26276362858343094,0,1,1,0,0,0
324,0.043046041536930056,0.5724762426310598,0.07733268788575581,0.31843856150082567,0.5759343169400797,0.623458932256945,0,0,0,1,1,0
325,0.009581948844756973,0.662570064963177,0.03160859472126565,0.1897132454527512,0.6650208883918618,0.1880565782229679,0,0,0,1,1,0
326,0.25181100954406954,0.5147705655066925,0.08702540349641885,0.15777862611279042,0.5263833698325646,0.12073099773781039,1,1,0,0,0,0
327,0.15193085966323783,0.4145886718191515,0.03343491798048254,0.23456246688896493,0.48994643514573494,0.16256715467688782,0,1,1,0,0,0
328,0.2481624749428401,0.5711736504204249,0.21185349806915826,0.29015524530732223,0.49757562427512886,0.3047641660817676,1,0,0,0,0,0
329,0.5653577094233102,0.22862739145282146,0.415400525893083,1.0,0.2662098933369747,0.03586105407076713,1,0,0,0,0,1
330,0.3324015024447303,0.5328737097148394,0.21531911148273242,0.6450224375954376,0.3978281517100481,0.10985317945921406,0,0,1,0,0,0
331,0.2574504803853386,0.5032104606817073,0.03691153334140146,0.2035848213821974,0.4306359767764641,0.09446663726950845,0,0,0,0,0,1
332,0.14527167794712353,0.5070640963196357,0.044568888693298725,0.33820909553637274,0.5800091521750028,0.13357616429706437,0,1,1,0,0,0
333,0.030147380797616925,0.6393925059640315,0.04997084483953662,0.2702327900526659,0.6051097915309112,0.35657796204635533,0,0,1,1,1,0
334,0.14175647849743403,0.3972954367764533,0.05086200257445567,0.26325999563713415,0.7227778968491976,0.15866637791351496,0,1,1,0,0,0
335,0.06598271794615382,0.2795423842771345,0.1875942041741388,0.10450232166786116,0.6143373704306103,0.3039187803484346,0,0,1,1,0,0
336,0.12074255558030336,0.6346822394880749,0.09547489905713308,0.24999870152804177,0.6297368339178397,0.261933898141456,0,0,0,1,0,0
337,0.35862004178844864,0.4778139230183243,0.05610993145786802,0.21626050463814178,0.5167072565772077,0.1472145322851246,1,1,0,0,0,0
338,0.7205992202923979,0.4824116965401299,0.2812647838667444,0.4123920969802735,0.40418973435358346,0.42808872375455637,0,0,1,0,0,0
339,0.789835012901691,0.31229547988872625,0.17427084593973136,0.18271707854197178,0.5064231588917831,0.06886762668392228,0,0,0,0,0,1
340,0.3390546234721382,0.34522142563664293,0.043545707590243454,0.219293735132496,0.3839497295830446,0.10160545012876478,1,0,0,0,0,1
341,0.21437262023270015,0.47840526298586783,0.08780654175789115,0.21144447214517953,0.30044715159078467,0.17153502740980597,0,1,0,0,0,0
342,0.31555127266886973,0.3222989308757867,0.04133431617396277,0.21646306626362094,0.6130565844670566,0.7284172239515521,0,0,1,1,1,0
343,0.1992012012285016,0.5224784383491489,0.13403672450023651,0.11915298077222719,0.3816897732438455,0.07419825339132748,0,0,0,0,1,0
344,0.10139380688524541,0.33011909615019436,0.049332731893545145,0.3675169061048958,0.4797563222602675,0.3509785861706375,0,1,1,0,0,0
345,0.07323736232766812,0.6557823884961216,0.11530040817224652,0.21459196817185539,0.42138808851769344,0.15702257232092304,0,0,1,1,1,0
346,0.14845960020666948,0.5113261956787867,0.15478639719230303,0.32449723165778505,0.5906970604147259,0.15868725163532565,0,0,1,0,0,0
347,0.32281197773909037,0.37243629860883715,0.06389931017790151,0.1593718512055013,0.5907534512947001,0.07288320891725396,1,0,0,0,0,0
348,0.12458654739231292,0.46372543377463593,0.04171938433102662,0.21002654076682553,0.6538980573881992,0.622070829756534,0,0,1,1,0,0
349,0.10363171619006925,0.5473999389209379,0.07318495373681139,0.2965865769162848,0.5938104419489381,0.1514884268258636,0,0,1,1,0,0
350,0.11694250376141493,0.5423943032445093,0.03560230160738448,0.22933092336937894,0.570274055355535,0.1661235150303843,0,0,0,1,1,0
351,0.007537981578536669,0.6043263867764432,0.09442971405938849,0.21708243738768213,0.539907890574902,0.24355719530236897,0,0,0,1,1,0
352,0.4025070038833863,0.5973640554732634,0.0953208717943076,0.3222755461373055,0.4236510696550521,0.11930636622423076,0,0,0,0,0,1
353,0.4360953406940397,0.3361554159341758,0.12727052688325835,0.4682354804865633,0.47815145077962024,0.1906266552209092,0,0,0,0,0,1
354,0.2668187899531963,0.3990560216916895,0.06804704432684588,0.27679656580136497,0.48959274981808004,0.12592072682299343,0,0,1,0,1,0
355,0.327402949434159,0.6115548110389075,0.2820239182335273,0.35321423748532726,0.40480095963882184,0.13796225509253585,0,1,0,0,0,0
356,0.053855279844725164,0.4322380342888952,0.056131935352557394,0.3833037281726864,0.4882253249929566,0.434384760095706,1,1,1,0,0,0
357,0.3032011042574823,0.5142913174489004,0.09104111427722705,0.3162467408353849,0.4810930669897728,0.1687744777003421,1,1,1,0,0,0
358,0.07934350619932695,0.6467316184808478,0.031938653141606044,0.1488425420964608,0.49092258072322076,0.41068003976444006,0,0,0,1,1,0
359,0.3036783834931083,0.4648036416435682,0.05734214956047223,0.2616602781846323,0.4261085021026669,0.6828290155170029,1,1,0,0,0,0
360,0.09275884065085735,0.32620369967469287,0.029606240304533904,0.17606760364403168,1.0000000000000002,1.0000000000000002,0,0,1,1,1,0
361,0.08980425490650631,0.33526229005576325,0.0,0.14259559350556256,0.0,0.6014215004553081,0,0,1,1,1,0
362,0.15198692103377168,0.46175189428309205,0.0423134894876393,0.22555626538689272,0.47578713890391694,0.26713928251799707,0,0,1,1,0,0
363,0.24399423628504024,0.5225099203345351,0.053799522515485254,0.14600538086779474,0.4576223617278338,0.09578690017403464,0,1,0,0,0,1
364,0.29579494265830897,0.45670775834428023,0.10163598957015396,0.2590490510766929,0.384311409020121,0.17019389078346908,1,1,1,0,0,0
365,0.3896871320972559,0.301901812700635,0.030200345461146638,0.1638230130782095,0.3899461758773212,0.0792627401456464,1,0,0,0,0,1
366,0.1635082902645642,0.45404823240683395,0.031234528511546567,0.2499065100190096,0.4347663386633159,0.12494488032834365,1,1,0,0,0,0
367,0.198016336586408,0.40040333035290504,0.038616835179826836,0.15046952746008496,0.39743125498011417,0.08684511959337989,1,1,0,0,0,1
368,0.2715340057667453,0.3822779281805679,0.13089016755965804,0.1732953660132755,0.32999986172351276,0.154423793955492,0,1,1,0,0,0
369,0.2314243679080472,0.4554789583032133,0.15470938356089026,0.3056148524416466,0.4916174200718692,0.24040004487850192,0,0,1,0,0,0
370,0.011468338204611885,0.8166491176321377,0.057694211875501944,0.15156413932084717,0.6981707317073174,0.3919145638566289,0,0,0,1,1,0
371,0.8152096013430485,0.2857172649012559,0.5405036691494396,0.3970402630184799,0.45113373756159797,0.3366148563496557,1,0,0,0,0,0
372,0.10592417169325036,0.4557466554400971,0.11922810337429723,0.21640463502550195,0.46854577210997833,0.190710150108152,0,1,1,1,0,0
373,0.29308581480656554,0.34784205026730614,0.031344547984993365,0.21279098756583242,0.4230409246548706,0.1936298619464224,1,0,0,0,0,1
374,0.12804113995493877,0.5108706092405844,0.1199542318990462,0.09318743702410998,0.31416417913027556,0.06438760414030271,1,0,0,0,0,0
375,0.19139957969123822,0.5053660743307722,0.03344591992782725,0.24664344998805404,0.44711248446550095,0.3315268866582998,0,1,1,0,0,0
376,0.20058152308137533,0.47711791046242624,0.18104804550405418,0.34266804824083014,0.36515514621874307,0.11820266818349044,0,0,1,0,1,0
377,0.02469882165059826,0.535737968818397,0.04916770268337495,0.09373409371851199,0.6110126851392532,0.4104582564702015,0,0,0,1,1,1
378,0.11517429783133407,0.3353220456713373,0.2084538963396521,0.23444041052489434,0.5772719258976307,0.23382482250813424,0,0,1,0,0,0
379,0.294478258036852,0.4233938021395318,0.031102505143410397,0.13824181702971933,0.4381612424833767,0.11158308915427508,1,0,0,0,0,1
380,0.19974817838425069,0.54608130493431,0.08511106465844454,0.14385251436109986,0.4108706492599616,0.13852845479665082,1,0,0,0,0,0
381,0.08550268109716647,0.4085774173101591,0.07494526531196022,0.30767942285518407,0.6159498039066567,0.39190673621094985,0,1,1,0,0,0
382,0.17833879552902993,0.471544596438044,0.02314809721320671,0.23735288312713593,0.5495840038302588,0.1639239465945827,0,1,0,0,0,0
383,0.013575942702248968,0.5693922111963977,0.11286897780907218,0.21572163877548894,0.5327907565625158,0.13774569022874994,0,0,1,1,1,0
384,0.04839762966464694,0.32526244846830116,0.05068597141694081,0.15042667788546432,0.707547606001891,0.21841740659661796,0,0,0,1,1,0
385,0.0006712212742294929,0.49834318532321875,0.059432519555961405,0.1976001641268555,0.560719798254605,0.10611156482464769,0,0,1,1,1,0
386,0.2124407757075475,0.3667374576873093,0.03536025876580157,0.1657499454641777,0.4649451820150689,0.10204118907156297,0,0,0,0,0,1
387,0.7199204231572853,0.3899509101602393,0.2285104463490037,0.06791917271754594,0.33459388195681977,0.04166133951891292,1,0,0,0,0,1
388,0.07726923548957487,0.6562040866825387,0.05434961988271925,0.22402796389209184,0.44381264573045426,0.3527737262463569,0,1,1,0,0,0
389,0.032248924606547665,0.6240774224234752,0.09579395553012882,0.296041218693841,0.49255770018546347,0.1959207529151457,0,0,0,1,1,0
390,0.23413652610414387,0.4235818919630502,0.09866546378709029,0.25749348167076974,0.5995871582626251,0.34870595970849844,0,1,1,0,0,0
391,0.040455097114960654,0.631841842526307,0.13661118017889162,0.1019170639990859,0.46066077147909174,0.16145823820569488,0,0,1,1,1,0
392,0.6508179656995322,0.34127976075295285,0.17034315073768053,0.39693248984594925,0.3717982511481271,0.1276010614287541,1,0,0,0,0,1
393,0.45241980572462354,0.4806637445234881,0.049596778629817484,0.22330731195529102,0.4985608442470933,0.2203430074336542,0,0,0,0,1,0
394,0.15690971543551352,0.3871796933574415,0.036108391185239785,0.26657888996229234,0.5764411866888142,0.15418113693944274,0,1,1,0,0,0
395,0.155055144691367,0.32650307931916295,0.07556137436326227,0.14635986371238324,0.5386528153957042,0.10785191138061405,0,0,0,0,1,0
396,0.0042621793327484725,0.3619032684918064,0.10197704993783901,0.14642219036637688,0.5039227310989005,0.10936786542711548,0,0,1,0,1,0
397,0.32024376089976986,0.5000195509144916,0.0430946277491116,0.15019425140494663,0.4791937098025932,0.0867094404016104,1,0,0,0,0,1
398,0.042755128479024705,0.46583673201752007,0.14222217332467846,0.24659800346951705,0.47944260747972106,0.3765436769582813,0,0,1,1,1,0
399,0.2998374220254519,0.4333330860226201,0.054536652987578815,0.24240264057257405,0.4468975077391622,0.07795552331725188,0,0,0,0,1,1
400,0.09311490611235607,0.5478186292743563,0.14087993574862745,0.22696640593349743,0.5239840567210152,0.2691040215834284,0,0,1,1,1,0
401,0.5612546231691038,0.46543588813989395,0.2982957983563091,0.28118540102007944,0.43793308627934274,0.19016743334107405,0,1,1,1,0,0
402,0.03838082640520856,0.3685221052665351,0.05799126445380837,0.165673335618644,0.528312110773294,0.23157046055257963,0,0,1,1,1,0
403,0.1495217359024593,0.35191124727014095,0.03734060928784394,0.16475401747223856,0.5429225340549062,0.12180077598060833,1,1,0,0,0,0
404,0.2540337671271275,0.5473682564133516,0.04004708833463522,0.0632563599156512,0.44373724183347724,0.03406852321027405,1,0,0,0,1,1
405,0.3397758454281953,0.4330623810527376,0.028649070885546746,0.1527093915879792,0.3623483495837014,0.08580143350284535,1,0,0,0,0,1
406,0.14394893263696018,0.44226434480674576,0.045284015270702915,0.296535936509915,0.4636816806124267,0.3996691515093006,0,0,1,1,1,0
407,0.2731370579295778,0.3794938779569756,0.08298768882092133,0.307465174982081,0.5326611223556783,0.12424039221723283,0,0,1,0,0,0
408,0.030432233166815904,0.5198722513168794,0.03212568624646561,0.291831572605358,0.5117783479762372,0.22580670411760256,0,0,0,1,1,0
409,0.20173456910776055,0.32004345717116517,0.05269932778101721,0.17679085252474885,0.4633822255946322,0.1430423971382127,1,1,0,0,0,0
410,0.11638340522825313,0.5781572370767954,0.18329244276236895,0.31398739962811756,0.35040471799374656,0.4765627242294335,0,1,1,0,0,0
411,0.23047283978114852,0.6689919889375913,0.14302531548084008,0.38663690568938475,0.6420959431407087,0.2793008346879509,1,1,0,0,0,1
412,0.049011274396166,0.5291899163802375,0.14389446932106986,0.25969569011187627,0.46237302329440283,0.20973915675382315,0,0,1,1,1,0
413,0.3280514431257396,0.475401239908971,0.03641644571089081,0.1297653920865925,0.4768188111333315,0.13321348338060363,1,0,0,0,0,1
414,0.2555337875819519,0.664739514644036,0.07432915626065811,0.2541849751212772,0.34097447761735794,0.14582382056948728,1,0,0,0,1,0
415,0.029118578889712123,0.48513137913755006,0.06183094407710166,0.1891523055668089,0.4440714820301063,0.11744338655262655,0,0,1,1,1,0
416,0.08106474179193351,0.3563937205269964,0.05186317978282157,0.3794277893774605,0.5058948994989207,0.6711084207203,0,0,1,1,1,0
417,0.08998304522334397,0.44951582912220006,0.05412958093582565,0.10831073992126067,0.5481990783872122,0.313734648029912,0,0,1,1,1,0
418,0.17558724285634197,0.4986443696674881,0.05201720704564705,0.08010533204524911,0.44193964749866493,0.11094383142382268,0,0,0,0,0,1
419,0.41154349074457075,0.45745731032755504,0.1465239347364483,0.18188605648872408,0.31043417088554,0.10578802213658196,1,1,0,0,0,0
420,0.33861673871310366,0.40719241047536,0.05414058288317031,0.23485722002347637,0.4277529120163997,0.6971327333877789,0,1,1,0,0,0
421,0.07708135413967768,0.37779826223451113,0.058530359873697646,0.20986942565988337,0.4206122277897714,0.2601100566982469,0,0,1,1,1,0
422,0.20307701165621955,0.4980955404063262,0.061093813605008096,0.2275987617771405,0.3645171298640916,0.13886765277607455,0,0,0,0,1,1
423,0.0805071584309483,0.5368173798205286,0.033566941348618706,0.2055818712539083,0.45450077002718864,0.0387494553263215,0,0,1,0,0,0
424,0.12073649489159702,0.529765014049588,0.05832132287414871,0.20195004518682408,0.638156143537908,0.5658657245660222,0,1,1,0,0,0
425,0.17127051732523627,0.5803603744872396,0.040465162333733096,0.2974643439600278,0.5750212600099214,0.3583417915393587,1,1,0,0,0,0
426,0.08927091430034653,0.4493141037890876,0.07438416599738157,0.25129587501428324,0.4790807119856331,0.1453985184875945,0,0,0,1,1,0
427,0.16754773928735392,0.499453677266337,0.025986599628134155,0.5197861156990453,0.6753322092607223,0.310243518057074,0,0,1,1,0,0
428,0.21007559193989012,0.6507426640457078,0.029254177989504138,0.1707062129286256,0.6588273981031925,0.11071943891435775,0,0,1,0,0,0
429,0.19592388381053683,0.4463000546021951,0.06367927123100792,0.20190459866828708,0.5370835933219371,0.10370064995551288,0,1,0,0,0,1
430,0.24190935937005204,0.5433327471401023,0.05375551472610651,0.2053312661659758,0.4103769589889224,0.09145821211354262,0,0,0,0,0,1
431,0.4958658527161734,0.4905466816684009,0.17652624514539073,0.34166173247322545,0.38819546591398174,0.13377707386949228,1,0,0,0,0,1
432,0.32673324333210607,0.4144154206384266,0.1963517542605041,0.3612452865467917,0.39819501651539807,0.14782247943286098,0,0,1,0,1,0
433,0.14130647236098673,0.5284002599569799,0.08041323314226623,0.22741697570299274,0.4711786428508464,0.1439582316826568,0,0,1,0,1,0
434,0.048443084829944645,0.38569863638888396,0.11155974607505531,0.21142239812189006,0.4762244382949819,0.25735472541923565,0,0,0,1,1,0
435,0.06077355600303639,0.7273313162136836,0.1108226156029617,0.2994743785513207,0.5533416673724529,0.15219813336742705,0,0,0,1,1,0
436,0.047499132563928896,0.4197076025385309,0.04408480301013279,0.23691529807722272,0.7160075343401016,0.42659364342986567,0,0,1,1,1,0
437,0.09374673290999422,0.4763627438575539,0.13504890365594713,0.15310542553523004,0.5443783261976904,0.04161959207529152,1,0,0,0,0,1
438,0.3174528137504905,0.6828803570257665,0.13337660765955578,0.13492162423260307,0.38852624919842854,0.05834727089133403,1,0,0,0,0,1
439,0.26904609305278404,0.506009750592493,0.054437635461476674,0.23552203766607455,0.3823042393842548,0.15319746279911395,0,1,0,0,0,0
440,0.0462991162000694,0.3643129437681611,0.09540888737306502,0.3641473713733678,0.48024072207981666,0.6254523726898661,0,1,1,0,0,0
441,0.843997872698264,0.332003202740577,0.2560263166580485,0.09117740243281697,0.5631534644309666,0.025176317718919677,0,0,0,0,0,1
442,0.018241157833970463,0.5622311623931041,0.09360456800853756,0.11681183583159332,0.46621235638690467,0.24362242568302733,0,0,1,1,1,0
443,0.14075494968870786,0.35024631144426316,0.06147888176207189,0.3499589682861209,0.46922181449863537,0.5509253581800202,0,0,0,1,1,0
444,0.41448595511150904,0.43493205004472646,0.20782678534100535,0.3897376567255652,0.5900538586918007,0.1209110335884276,0,0,1,0,0,0
445,0.014203223983357348,0.4287934639387894,0.07773975993750898,0.18958599520084757,0.725557254243792,0.10709523896497651,0,0,0,1,1,0
446,0.22955464544213477,0.390352756648865,0.20405311740178012,0.334183832465954,0.44792313037225767,0.124094276164558,1,1,0,0,0,1
447,0.42134059403840357,0.46367369904705835,0.08596921655132961,0.3496161716891561,0.543592310790233,0.788431783372515,1,1,0,0,0,0
448,0.09777254538319463,0.5666185881272008,0.09428668874390767,0.18110827178576244,0.44367242473005847,0.2272783015052563,0,0,0,1,1,0
449,0.10528779937908245,0.4921801355088923,0.03189464535222736,0.26326129410909244,0.7012387412691363,0.11519163381229826,0,1,1,0,0,0
450,0.013144118631920741,0.42142527570298577,0.04437085364109444,0.26691389572750784,0.6385052916683231,0.1825850538933405,0,0,0,1,1,0
451,0.051103727172037185,0.4941342243470446,0.0527873433597747,0.21155354378966823,0.5938182200013482,0.20875809182872068,0,0,1,0,0,0
452,0.0,0.7810219373291927,0.07836687093615569,0.1660602802621874,0.6397000869413416,0.3119525540303243,0,0,0,1,1,0
453,0.27774621169076547,0.397941519304573,0.049541768893094085,0.22310604880177004,0.548013269357412,0.0736320536872125,1,1,0,0,0,0
454,0.41804964007084944,0.3168276826511602,0.030926473985895542,0.1460144701715021,0.38384926307274564,0.07165687776087586,1,0,0,0,0,1
455,0.28764180117607663,0.3986415423044693,0.0654395828061567,0.2626367290971983,0.42908511954866563,0.2909614175344482,0,1,1,0,0,0
456,0.14504894763716475,0.2653893268850741,0.0980493547357883,0.14962552068725526,0.4309751862843553,0.6669206302820301,0,0,1,0,0,0
457,0.25135494271891584,0.38633308862940874,0.06982935979668398,0.19794945308361117,0.3771270812771909,0.1473919589205155,0,1,1,0,0,0
458,0.04643396652378592,0.24306519036875832,0.045471048375562484,0.1589277737957971,0.6889561162283016,0.15835066287112826,0,0,1,1,1,0
459,0.6345889565160736,0.2281597736826243,0.1721474701022081,0.08799484766326987,0.5227609579795041,0.04672321705800546,1,0,0,0,0,1
460,0.02059270505203859,0.5245616634840452,0.14708503405102702,0.16923244725606906,0.4501588883261805,0.1167936919612688,0,0,1,1,1,0
461,0.20986498300734407,0.5376110466877843,0.028153983255036152,0.3267046339867244,0.6388620017941375,0.22597630310731442,1,1,1,0,0,0
462,0.10725449286429664,0.45101232630015087,0.04259954011860101,0.15177189483415904,0.5258505732424628,0.4483831997850007,0,1,1,0,0,0
463,0.3242362395850852,0.4185620192104278,0.15925318781424314,0.31634672317616624,0.3430877312458193,0.15822542054026412,0,0,0,0,0,1
464,0.11037271720371944,0.3725554087955855,0.2628255201170608,0.12405081699855608,0.38763112500021607,0.09072241341971575,0,0,0,0,0,1
465,0.023568503206861914,0.5936373503878801,0.0554718185118766,0.20966946097832068,0.5772956921688841,0.2878851527825976,0,0,0,1,1,0
466,0.2737810061046287,0.3984223715399644,0.05814529171663385,0.24045882805114932,0.4647850837696245,0.13545219004480025,0,1,0,0,0,1
467,0.2943282559913696,0.42507076929740434,0.03650446128964829,0.1630049757445438,0.39927638185743347,0.14013312216084772,1,1,0,0,0,0
468,0.10486203599746058,0.4650212082304738,0.16614040685201287,0.25090113953899046,0.6437876695399372,0.1430319602773074,0,0,1,0,0,0
469,0.03382773401455474,0.713787445264959,0.08560615228895518,0.31572865052406324,0.6511470034620976,0.22441338318673892,0,0,1,1,0,0
470,0.09954529682980526,0.47799740083124476,0.06271109986467605,0.22710793937694113,0.5462148107945541,0.15732263207195174,0,0,0,1,1,0
471,0.1084923885325709,0.5734379471018426,0.04465690427205615,0.4776974456459638,0.6506146389860188,0.41676212045703015,0,0,1,1,0,0
472,0.2280622008481934,0.5301028939564414,0.02921017020012545,0.2726466494229591,0.6826962964371337,0.49494464549897327,0,0,1,0,1,0
473,0.5404467636679894,0.3931229708406633,0.0637232790203866,0.3563877029511671,0.35171877673705515,0.15976746673902892,0,0,0,0,0,1
474,0.225966717727969,0.36692614907742743,0.011210984344228903,0.2209311082717857,0.48187324885792265,0.10679517921394781,0,0,0,0,0,1
475,0.180672160680979,0.44525112297445013,0.20630851660743948,0.28134641154289625,0.400071039545347,0.10316837004934028,0,1,1,0,0,0
476,0.09409976802713976,0.33154460846937595,0.03332489850703574,0.1645527543187177,0.5152700453374033,0.31175947210357546,0,0,0,0,1,0
477,0.4840566007718287,0.38336856842589473,0.24186681042544528,0.24255845720755803,0.34046220644333874,0.023302901186410166,1,0,0,0,0,1
478,0.022545761987663455,0.6821249898986941,0.07772875799016427,0.24356347450320465,0.5341774104616535,0.3099460675212717,0,0,1,1,1,0
479,0.3583942811341366,0.3606512078755495,0.09415466537577155,0.18982491404115626,0.42708032653992484,0.21321463143530323,1,0,0,0,0,1
480,0.29458735043356654,0.5367927155899394,0.14680998536741008,0.19956345372765322,0.399163600097485,0.1382049121085851,1,0,0,0,1,0
481,0.03319893756126977,0.18878062249710698,0.10907330597515758,0.16302834823979134,0.5908145954289252,0.2076543937879804,0,0,1,1,1,0
482,0.1668628814635351,0.33232123094963906,0.03912292475768209,0.18405840007479196,0.6199107770965744,0.43981192776648564,0,1,1,0,0,0
483,0.3642170878087732,0.46171399558730847,0.05631896845741696,0.19135840942379007,0.593824053540656,0.08369840603041821,1,0,0,0,0,1
484,0.20456036521710147,0.6230286913179302,0.06436139196637808,0.45023736067395875,0.7163290271730582,0.3622817065311266,0,1,1,0,0,0
485,0.017303266256661072,0.64926240916595,0.09972165073217965,0.29119142592996555,0.5815505028942998,0.21213441633159996,0,0,0,1,1,0
486,0.12461533566366814,0.5671263103373806,0.04045416038638838,0.16395675568990403,0.5786116954252953,0.12970147968595486,1,1,0,0,0,0
487,0.2873811915617031,0.3765002820344742,0.1071479651898386,0.2760733169206477,0.5181980499558381,0.14777551355878693,0,0,0,0,0,1
488,0.12242288152414199,0.6104613634827819,0.09189926617011213,0.1807641767168396,0.3752720157773473,0.05878300983413219,1,0,0,0,0,1
489,0.14566562271303699,0.4945166201822787,0.13476285302498547,0.44503698048136947,0.3771849845562449,0.09992511552300413,0,0,0,0,1,1
490,0.26139750390535627,0.48951780226064723,0.04424983222030299,0.1709243562176031,0.36580807050718095,0.4410408681380901,0,1,0,0,0,0
491,0.017685089645161835,0.5386563689159309,0.067628970327748,0.24242211765194716,0.5225544074766098,0.1839314089501301,0,0,0,1,1,0
492,0.12582898857711697,0.44390862684603244,0.10093186494009443,0.23368469984522205,0.44651465471496904,0.2865048779278656,0,1,1,0,0,0
493,0.023182134301831393,0.3544685068856316,0.10817114629289387,0.1811498228884248,0.48426391968901633,0.39619628604304685,0,0,0,1,1,0
494,0.17826303692020043,0.48036977897841565,0.06969733642854786,0.2562469485908982,0.6647808490522011,0.19825860975794313,0,0,0,0,0,1
495,0.34947294735837303,0.43546584014089496,0.11326504791348069,0.30181552349195456,0.5126518664733102,0.11886279963575357,0,0,0,0,0,1
496,0.12133498790135017,0.5590705314780752,0.16065043512701743,0.25952948570122675,0.425667961856431,0.11199273594480989,0,1,1,0,0,0
497,0.39535236086552694,0.5197846231155174,0.10718097103187263,0.26469610562290297,0.48849820499834934,0.11462282489295693,0,0,1,1,1,0
498,0.3752339047047611,0.39688576992203095,0.1617066220721068,0.36706763480735866,0.4891111587396791,0.12507273187443413,0,1,1,0,0,0
499,0.05920535280026545,0.46199853658898504,0.10223009472676664,0.2076503370833203,0.5224569657644702,0.603678471626089,0,0,1,0,0,0
500,0.18721164379514263,0.47700421437507556,0.03351193161189531,0.2720844110650586,0.49485460227361117,0.15354187920899032,1,1,1,0,0,0
501,0.07759651267971834,0.5927305889998734,0.12524616857183718,0.13180399306096574,0.5227039189284957,0.04692412663043337,0,0,0,0,1,0
502,0.33850916148856575,0.477503514652859,0.09972165073217965,0.19575893089012847,0.33746765626539404,0.11123084509871965,1,1,0,0,0,0
503,0.4585517075232844,0.14556508058285386,0.17805551582630125,0.12222256848141105,0.29528360507543855,0.020114440179827123,0,0,0,0,0,1
504,0.3298908621481202,0.4895220132268454,0.24459529336692593,0.47740269251145256,0.46983087921376004,0.1884923171657661,0,0,1,0,0,0
505,0.13063662989343794,0.42063682241292777,0.046241184689690074,0.47184263558644185,0.49180387727270386,0.3328601956389577,0,0,1,0,0,0
506,0.09397552390865935,0.4211579796105017,0.05132408436293223,0.3201447536539,0.6406075263892035,0.15189024597071937,0,0,1,0,0,0
507,0.14053221937874913,0.4798626583348356,0.17204845257610596,0.38901440784484814,0.5099868032377439,0.14434439553615458,0,0,1,0,1,0
508,0.36602468821544537,0.5415589277596717,0.048540591684728185,0.16481244871035766,0.7511062118983463,0.07735018538474182,1,0,0,0,0,1
509,0.0897436480194427,0.535237665929614,0.04815552352766439,0.2649622923743337,0.3964185957677025,0.1797149171443705,0,0,1,1,1,0
510,0.06677212265015733,0.46458326774586384,0.09381360500808644,0.3395530140131094,0.48495357366939135,0.32314869656653367,0,0,1,1,1,0
511,0.3506229630404051,0.618898335044122,0.11340807322896151,0.33931799058867523,0.39361395970277474,0.11787651628019839,0,0,0,0,0,1
512,0.1193182937343085,0.5223216299888169,0.04387576601058385,0.2733465258084286,0.6593908747889123,0.2231479138019658,0,1,1,0,0,0
513,0.3849597949062942,0.4838570605571028,0.15370820635252436,0.2886295407564378,0.449802610314389,0.2028403916953898,0,0,0,0,0,1
514,0.47260795980551246,0.5031222309137455,0.1687918761620807,0.34231356539624164,0.3935333704375242,0.09753768359090635,0,1,1,0,0,0
515,0.36722621975148145,0.34072210851499474,0.2634306272210181,0.016710035630070452,0.3885530402678416,0.012166770600406523,1,0,0,0,0,1
516,0.218104489303642,0.5369601516268667,0.08463798092262331,0.2547446165352613,0.36704521295443276,0.1680804264501366,1,0,0,0,0,1
517,0.37593391425034584,0.2612762155204584,0.12568624646562437,0.40402084826576073,0.45523817260708227,0.14746762616207926,0,0,1,0,0,0
518,0.34949415976884535,0.3807142560656462,0.03078344867041466,0.13249997403056085,0.4366579177980853,0.05845163950038747,1,0,0,0,0,1
519,0.22775765124069874,0.42224721620042915,0.09694916000132026,0.2645961232821215,0.3124123888818791,0.13615667815591104,0,0,0,0,0,1
520,0.18454797110869695,0.3801435698846937,0.15591959776880504,0.2736438758868563,0.385692229379951,0.2240167824723358,0,0,1,0,0,0
521,0.0064440272670384866,0.4491558917733562,0.055152762038880865,0.15793054733189976,0.5983160948645843,0.15928215270693036,0,0,0,1,1,0
522,0.018091155788488016,0.7263287052141186,0.10567370424565153,0.13183126097208803,0.46677345644549934,0.11684587626579555,0,0,1,1,0,0
523,0.4351241153288454,0.47066089510302733,0.29547929983607096,0.04180560316619403,0.41952265228130287,0.03345796684731134,1,0,0,0,0,1
524,0.11356821532414835,0.48931687901633436,0.0908650831197122,0.1774699533588872,0.6361911050192639,0.11388702619913006,0,0,0,1,1,0
525,0.6507770560507643,0.5333677964154251,0.5038231767022763,0.2281272398641278,0.5198498058079584,0.1268052507847215,0,1,1,0,0,0
526,0.24175481180803982,0.4760545412362876,0.16140956949380036,0.34493647875180483,0.40557660430973247,0.0964339855501661,0,0,1,0,0,1
527,0.1371958102458973,0.8122596866760418,0.2127446558040773,0.3425369025730521,0.4162792044262305,0.15387846797318772,0,0,1,0,0,0
528,0.26256721682568396,0.381821138609166,0.11067959028748087,0.29004487519087535,0.5292139327388596,0.06416843006129046,0,0,0,0,0,1
529,0.21383927962654037,0.39275701782582206,0.049332731893545145,0.19263350888674208,0.42753534260592424,0.1710262304406704,1,1,0,0,0,0
530,0.16238403250953423,0.41258826235281926,0.049387741630268545,0.18863291678352906,0.44134981185755456,0.5851634803800061,0,1,1,0,0,0
531,0.023679110775753,0.5174493415753305,0.03592135808038022,0.2554146280656922,0.5448990235951541,0.25485248801717914,0,0,0,1,1,0
532,0.26546877154385434,0.4955260489366408,0.19612071336626585,0.35790042278246953,0.5818380747764675,0.2588419780982474,0,1,1,0,0,0
533,0.18353583609473464,0.6498082305941132,0.02488640489366617,0.07271702660309343,0.7675701882807222,0.7040471537375703,0,0,0,1,1,0
534,0.3313863370864148,0.44303575370981113,0.042830581012839264,0.23945900464333575,0.47485463684273294,0.10975402928061327,1,0,0,0,0,1
535,0.045767290766086204,0.5520295954725295,0.08704740739110828,0.0974451265750465,0.46698584048770125,0.12274531189254208,0,0,1,0,0,0
536,0.1123909265429377,0.4291507944990344,0.04232449143498401,0.4422192963320764,0.5254430897189704,0.4940862136895086,1,0,0,0,0,0
537,0.09542554368165626,0.5940442099315036,0.07996215330113426,0.20656481452626546,0.44860133333102886,0.13320826495015098,0,0,1,1,0,0
538,0.16253251938284005,0.4467383961312049,0.2137898408018219,0.3598299521123541,0.37081108666306,0.12069707793986802,0,0,0,0,0,1
539,0.3426425511863041,0.3496631928869161,0.4105596690614239,0.18530363468270533,0.4117703106554133,0.026079106187232068,1,0,0,0,0,0
540,0.04037933850613113,0.6027149903779422,0.07789378720033452,0.3196863930526556,0.544444655700189,0.2520240987118305,0,0,0,1,1,0
541,0.10249230671327336,0.517145951486862,0.03719758397236311,0.23422486417983318,0.6518543741174072,0.1703739266340863,0,1,1,0,0,0
542,0.1624370635357149,0.47258871553299103,0.06496649907033547,0.3090545046589173,0.5467272980255846,0.2573468977735567,0,0,1,1,0,0
543,0.12721537111869707,0.42370160371639826,0.04680228400426878,0.15529594772871286,0.563622308145695,0.5425445588730278,0,1,1,0,0,0
544,0.22126968398053914,0.3841357663627619,0.15166184414641393,0.2568507380514609,0.4557234366546771,0.16773079160980753,1,0,0,0,1,1
545,0.2601883965084372,0.5128068516029444,0.06085177076342513,0.20077752500856988,0.43075221544859493,0.08253991446992488,1,1,0,0,0,1
546,0.21809388309840588,0.5626035321183426,0.07644153015083671,0.23758790655157008,0.4488828556168774,0.1645292845270928,0,0,0,0,1,0
547,0.1541551324184724,0.5378602957822762,0.05296337451728955,0.17541706919297367,0.42504096440936073,0.11868015456991,0,1,0,0,0,0
548,0.40809344369847467,0.34316426838773534,0.031025491511997627,0.11768700593141984,0.39115501485608023,0.12522667557278794,1,1,0,0,0,1
549,0.0989589251974648,0.6081816265919708,0.24785186978095125,0.2822384617781793,0.3296399107425276,0.15427506868759083,0,1,1,0,0,0
550,0.1503899295596455,0.48068239308808,0.026382669732542663,0.2532189119843768,0.6221648998964657,0.13310911477155019,1,1,0,0,0,0
551,0.2408002533367879,0.3803280503086137,0.12702848404167538,0.2570182409340687,0.33636382099417345,0.1480520903727786,0,0,0,0,0,1
552,0.37039292960055514,0.4373545587418756,0.04389776990527322,0.25306828923722563,0.42830493768051575,0.5495868307689096,0,1,1,0,0,0
553,0.23068496388587117,0.7316565800658074,0.10132793504450294,0.12514283191540193,0.39029165103854285,0.1627654550340894,0,1,0,0,0,0
554,0.07875258905045673,0.5533237657507681,0.04670326647816664,0.21486464728307725,0.4152166360441864,0.24610118014804688,0,0,1,1,1,0
555,0.307089036062613,0.5634607645229707,0.06075275323732299,0.11062072153489771,0.5059024614943195,0.10228384608761222,0,0,0,0,1,1
556,0.35505029614040196,0.5009716303196785,0.06348123617880364,0.21172104667227604,0.3387579487374493,0.18185969206041902,0,0,0,0,1,1
557,0.9522705612652294,0.3292881321537548,0.10480455040542175,0.1526379756302782,0.41991738844112286,0.009502761854317074,1,1,0,0,0,0
558,0.14882475670122775,0.65011502955998,0.14901037483634605,0.287688148586743,0.3701843052730011,0.11876104024192645,0,0,1,0,1,0
559,0.0459854755595152,0.5675690633547886,0.11953615789994831,0.300028826077472,0.41939971584181873,0.1613825709641311,0,1,1,0,0,0
560,0.14227618255400454,0.4484424337860657,0.02649268920598946,0.3225664038559423,0.4861462083722958,0.23872492870319395,1,1,1,0,0,0
561,0.13623367591376248,0.2916779878158701,0.014412551021530773,0.2894086239313575,0.7610778911452925,0.19674004649621535,0,0,0,1,1,0
562,0.19571933556669713,0.19508704568437124,0.11404618617495299,0.3028127499558519,0.5702883151182871,0.19599120172625684,0,0,1,0,0,0
563,0.049576433618034176,0.5290401262969024,0.08841164886184855,0.34431061526795265,0.5380895547669955,0.3926921099940771,0,0,0,1,1,0
564,0.045646076991958974,0.6064832035587076,0.06729891190740761,0.2327355168437782,0.5047236544401446,0.13777178238101329,0,0,1,1,1,0
565,0.45985475559515204,0.3209191376181853,0.12490510820415218,0.36110764851922256,0.3933000288652168,0.1805681305233825,0,0,1,0,1,1
566,0.49518857075323747,0.32009398876554324,0.10641083471774504,0.20332642546251561,0.3656630962525344,0.0478295243139721,1,0,0,0,0,1
567,0.003172770537780055,0.5153163869348557,0.11997623579373545,0.09815279379226521,0.6403285967874917,0.3809976073496375,0,0,1,1,1,0
568,0.31673159179443355,0.46970721152024103,0.1368972308098534,0.35261564191259714,0.6082467232793654,0.18317473653449257,0,0,1,1,0,0
569,0.047397616028097354,0.5042676137196487,0.09993068773172853,0.25681567930858956,0.7105896887223426,0.23454235669537676,0,0,1,1,1,0
570,0.023556381829449184,0.6109618668937647,0.06740893138085441,0.28275135820166825,0.5557850561143272,0.15765400240569644,0,0,1,1,1,0
571,0.26899154685442683,0.5457392140612584,0.038858878021409804,0.26486490697746884,0.5052361416711753,0.10528444359789906,1,0,0,0,0,1
572,0.1570112319713451,0.5940213504007135,0.20724368213173733,0.28029594772871286,0.44465224327673797,0.10398505441518356,0,0,1,1,0,0
573,0.14338831893162182,0.5325584888165761,0.041466339542098996,0.18835893920034902,0.5512692485191453,0.09519721753288264,1,1,0,0,0,0
574,0.062455397119051605,0.47829597838691523,0.07728868009637702,0.16089366034051117,0.47660188989389024,0.4294611709636093,0,0,1,0,0,0
575,0.21748781422776975,0.6401508809241025,0.12249568173566722,0.1451834481182544,0.46130872645626747,0.20393104365999842,0,0,1,1,0,0
576,0.2098240733585761,0.41785076696733636,0.0412022928058266,0.07321693830700027,0.4504492689494964,0.1184635897061241,0,0,0,0,1,1
577,0.5157797606330995,0.3052068195996013,0.0712376090568031,0.28331749197544326,0.477735324975672,0.3311981255397814,1,1,1,0,0,0
578,0.06727515981278531,0.42142627831398527,0.047946486528115506,0.1729097198416903,0.49110795763899834,0.1477885596349186,0,0,1,1,1,0
579,0.44607577982123997,0.529084842747483,0.17235650710175698,0.34477416975702985,0.3975226470959346,0.14580555606290296,1,1,0,0,0,0
580,0.09234519864664822,0.43172630163471715,0.042797575170805235,0.165692812698017,0.6244030344775138,0.09086592025716424,0,0,1,0,0,0
581,0.30387687104824157,0.3661739903055537,0.05606592366848934,0.14496660330123506,0.6601120730929513,0.07615255559585342,1,0,0,0,0,1
582,0.18087670892481866,0.3795247583757622,0.13672119965233848,0.34427685499703936,0.39538649142426513,0.17393028698758278,1,0,0,0,1,1
583,0.12729719041623297,0.44386651718405074,0.0410922733323798,0.2081463533713525,0.7068281361539435,0.18531951145054104,1,1,0,0,0,0
584,0.22357880637766275,0.4876685865330494,0.24648762831021093,0.365749685769786,0.5619141614136005,0.13003545923492588,0,1,1,0,0,0
585,0.028233718338583395,0.5009299217020966,0.17389677973001222,0.2500480434624533,0.6778430077901518,0.4647821174825248,0,0,1,1,1,0
586,0.15131569975954218,0.4771720514564028,0.022113914162806836,0.2298996540870702,0.6472653231953622,0.12883261101558485,0,1,1,0,0,0
587,0.22461821449080366,0.5144340892552385,0.04988282926077914,0.1898677636157769,0.5227702484309942,0.14343899785261588,1,0,0,0,0,1
588,0.014038070216109012,0.4613265866970766,0.05228125378191939,0.28095946689935275,0.6770652025491273,0.1939038295451877,0,0,1,1,1,0
589,0.25183979781542476,0.410060078456316,0.049464755261681315,0.27748605441116886,0.4613655494502646,0.35280503682907294,1,0,0,0,1,1
590,0.041086923912598806,0.28543533068817817,0.050212887681119533,0.12322369036118291,0.624948146317265,0.17297270499951733,0,0,1,1,1,0
591,0.30284049327945384,0.6040508692737627,0.2453324238390195,0.24924039390445324,0.47239504382500425,0.06845537067816111,0,1,1,0,0,0
592,0.1552248439751451,0.5127126061689853,0.03212568624646561,0.24266103649225584,0.5047368339178395,0.12856647106249852,0,1,0,0,0,0
