,Mean_Acc1298_Mean_Mem40_MFCC_0,Mean_Acc1298_Std_Mem40_Rolloff,amazed-suprised,happy-pleased,relaxing-calm,quiet-still,sad-lonely,angry-aggresive
0,0.6026286917415518,0.2456306769286976,0,1,1,0,0,0
1,0.853088987372979,0.5390779578352896,1,0,0,0,0,1
2,0.7911424375162845,0.43564258376049003,0,1,0,0,0,1
3,0.43898731455852125,0.5814363468695597,0,0,1,0,0,0
4,0.1260260812770264,0.15000847343852133,0,0,0,1,0,0
5,0.6846461407958984,0.3632265973532059,0,1,1,0,0,0
6,0.7102249074910352,0.22731264347072044,1,1,0,0,0,0
7,0.7170481957976917,0.2470964717482354,0,0,0,0,0,1
8,0.5347055311422504,0.6832320555681496,1,1,0,0,0,0
9,0.372588954073257,0.004051844238391937,0,0,1,1,1,0
10,0.6455731816891255,0.4749835483239098,0,1,1,0,0,0
11,0.5996215282118751,0.25563813795638274,0,0,1,0,0,0
12,0.6043988815967041,0.589480611232038,1,0,0,0,0,0
13,0.5707035588639771,0.09748195817862887,0,0,1,0,1,0
14,0.6045707548988566,0.22137023204016187,0,0,0,0,1,0
15,0.5524991733490057,0.8487150085504699,1,0,0,0,0,1
16,0.6735421206431402,0.07576574573962114,0,0,1,1,1,0
17,0.6389889970707929,0.5212089065742879,0,1,1,0,0,0
18,0.6986583600412681,0.5463254988874485,0,0,0,0,1,1
19,0.5446590867930965,0.04858691657074441,0,0,1,1,1,0
20,0.8658458655181962,0.28711311050024096,1,0,0,0,0,1
21,0.8963158355951828,0.28384258332031137,0,1,0,0,0,0
22,0.6943359860164535,0.1916735811392263,0,1,0,0,0,0
23,0.6086510574706463,0.5152114728156687,0,0,0,0,0,1
24,0.7464178963221915,0.6114675335251045,0,0,0,0,0,1
25,0.6716851178284375,0.6872068685472565,0,0,1,0,0,1
26,0.5244338404627844,0.5209447993995964,0,0,1,0,0,0
27,0.4523193081135648,0.8122814238017788,1,1,0,0,0,1
28,0.33748597614337794,0.8789398738007884,0,1,0,0,0,0
29,0.5650835706181945,0.4156628759950788,0,0,1,0,0,0
30,0.5465468421932014,0.24100219869222927,0,0,0,0,0,1
31,0.6358783824046603,0.12147609499935072,0,0,1,1,0,0
32,0.8159256329576112,0.3260711196603582,1,0,0,0,0,1
33,0.7033264903378227,0.9553372758665467,0,0,0,0,0,1
34,0.6610815749716952,0.2816240830529029,1,1,0,0,0,0
35,0.4812766996587068,0.045481456374996974,0,1,1,0,0,0
36,0.6596484250399888,0.08746569357845413,0,0,1,1,1,0
37,0.6179340618767255,0.22199528568693178,0,1,1,0,0,0
38,0.904198008326099,0.22264675005117074,1,1,0,0,0,0
39,0.6602535452519853,0.46325939066073013,1,0,0,0,0,1
40,0.6976621024626606,0.6106466003904385,0,1,0,0,0,0
41,0.9301572564767959,0.19281144288352212,1,0,0,0,1,0
42,0.6042275457637494,0.1283604886863089,0,0,1,1,1,0
43,0.7819423669442422,0.4162395099931552,0,1,1,0,0,0
44,0.6117137439052744,0.7165139613655223,1,1,0,0,0,0
45,0.6089808065075832,0.5848191195987332,0,1,1,0,0,0
46,0.36733523940163315,0.0220309401555151,0,0,1,1,1,0
47,0.5162063320881962,0.26180944227167385,0,1,1,0,0,0
48,0.7202553679736126,0.5702470062351302,0,0,0,0,0,1
49,0.6438735872446872,0.41751602800416404,1,0,0,0,0,1
50,0.7613959243477049,0.5164703836816981,0,0,0,0,0,1
51,0.6344670350278021,0.28226234205840733,0,0,1,0,1,1
52,0.7013644473472973,0.5817576772654344,0,0,0,0,0,1
53,0.6993994132238452,0.5541122587546027,1,0,0,0,0,1
54,0.5736308497972222,0.7711159188398652,1,0,0,0,0,1
55,0.5983293120511108,0.043861599036889166,0,0,1,1,1,0
56,0.49147335496452094,0.23868025644806662,0,0,1,1,1,0
57,0.4904689652432688,0.1393649542984543,0,0,1,0,1,0
58,0.8330718350951027,0.6051729791949574,1,1,0,0,0,0
59,0.5800181571115937,0.691148668129527,0,1,0,0,1,0
60,0.7157076307773556,0.48729974623702293,0,0,0,0,1,1
61,0.7262863799463231,0.31765490436018934,0,1,1,0,0,0
62,0.6195775024741108,0.033706678170001385,0,0,1,1,0,0
63,0.4280259340572028,0.13849340062197238,0,0,1,1,1,0
64,0.616156207243449,0.06186050299211419,0,0,1,1,1,0
65,0.6234655546506858,0.3412044607701805,1,0,0,0,0,1
66,0.5505185058823665,0.20138612248850585,0,0,1,0,0,0
67,0.34590755763480807,0.30192292032106627,0,0,1,1,1,0
68,0.5151013655222858,0.6502120560523461,0,1,1,0,0,0
69,0.6264098810206773,0.6688228082956065,1,0,0,0,0,1
70,0.9003352172018184,0.2584706874049489,0,0,0,0,1,0
71,0.6857882862093581,0.3601937666304987,1,0,0,0,0,1
72,0.5584638195599061,0.45504125574157994,0,0,0,0,0,1
73,0.5786268596726343,0.08344026005753133,1,1,1,0,0,0
74,0.03692897110869353,0.08291424660127081,1,0,1,0,0,0
75,0.7424948852795366,0.35708830643475126,0,0,1,0,1,1
76,0.46897288467897313,0.08455171108435802,0,1,1,0,0,0
77,0.6554163692086232,0.29428362029311494,0,1,1,0,0,0
78,0.5064286223379206,0.6729384784345488,0,0,0,0,0,1
79,0.700296425946676,0.5278049832622078,0,0,0,0,0,1
80,0.7727667862730367,0.6410013183349804,0,0,0,0,0,1
81,0.4613970693907785,0.9085000693281334,1,0,0,0,0,0
82,0.6398940718315898,0.10536335645004744,0,0,1,0,1,0
83,0.6759604282461094,0.749151005478023,1,0,0,0,0,0
84,0.5070851526470941,0.8627435013128327,0,0,1,0,0,0
85,0.0,0.5940870805372821,0,0,1,1,0,0
86,0.7591939831491721,0.2779772031490379,0,0,1,0,1,0
87,0.5067127799659525,0.09386809167160032,0,0,1,1,0,0
88,0.6851789597166835,0.5492350795952997,0,0,0,0,0,1
89,0.5232188095524632,0.6812226401473719,0,1,0,0,0,1
90,0.5585045503778057,0.22578302275063222,0,0,0,0,1,0
91,0.599749586090297,0.6039272736876625,1,0,0,0,0,1
92,0.5749222247018506,0.7261362660967822,0,0,1,0,1,0
93,0.547830856106643,0.3248474230842876,0,1,1,0,0,0
94,0.9036949371569982,0.1706682571787631,1,0,0,0,0,1
95,0.7721723219720913,0.40903378591032236,0,0,0,0,0,1
96,0.3755240499939827,0.14355985658980414,0,0,1,1,1,0
97,0.5541103657945254,0.6659440400914691,1,0,0,0,0,1
98,0.6158792236607962,0.3497527296576951,0,0,0,0,0,1
99,0.8474161168317826,0.5762730516043412,1,1,0,0,0,0
100,0.5434684289424827,0.21351084269996767,0,0,1,0,0,0
101,0.4985697710965422,0.5864829947992897,0,0,0,0,0,1
102,0.8556081756075447,0.496347617863329,0,0,0,0,0,1
103,0.6536952993645011,0.5628211928400546,0,0,1,0,0,0
104,0.6200931691170197,0.750823684251069,1,0,0,0,0,1
105,0.6364640135161819,0.7624488017237395,0,1,1,0,0,0
106,0.6875933648259125,0.6528311188680367,1,0,0,0,0,1
107,0.7249711227147335,0.6578601596527872,1,1,0,0,0,0
108,0.49093719438741923,0.190425674738809,0,0,0,0,0,1
109,0.6061752406635172,0.6847374664638911,1,0,0,0,0,0
110,0.598074434810244,0.12276581836909417,0,0,1,1,1,0
111,0.683564635928881,0.5518651468766025,1,0,0,0,0,1
112,0.6709272862595999,0.32653110632294585,0,0,0,0,0,1
113,0.6259573553243918,0.2361602338228853,0,0,0,0,1,1
114,0.4230740667606847,0.06296755223269604,0,1,1,1,0,0
115,0.49194885162695434,0.21205165055979713,0,1,1,0,0,0
116,0.9199733835905979,0.1855661027244856,1,1,0,0,0,1
117,0.6373980648772057,0.4860650451953403,0,0,1,0,1,0
118,0.5044942239587411,0.4730841775592535,0,0,1,0,1,0
119,0.7026947537164241,0.7561586491798372,0,0,1,0,0,1
120,0.5873409646170005,0.03456502648774872,0,0,1,1,1,0
121,0.5828242837930837,0.5754433148971854,0,0,0,0,0,1
122,0.7037860498701309,0.479667048888439,0,1,1,0,0,0
123,0.5833326595494841,0.28021110966830337,1,0,0,0,0,1
124,0.09931820863853158,0.07874575502739012,0,0,0,1,1,0
125,0.6634870300503699,0.5701215553271519,0,1,1,0,0,0
126,0.7094672394997796,0.35347443992772265,1,0,0,0,0,1
127,0.43045725776204824,0.03638076331375272,0,0,1,1,0,0
128,0.7170415825897367,0.3781244428989284,0,0,0,0,0,1
129,0.6679435143241381,0.2880969097259668,1,0,0,0,0,0
130,0.4670637707203138,0.13543195828867352,0,1,1,0,0,0
131,0.6062689706179609,0.4000739500089136,1,1,0,0,0,0
132,0.5982835804328495,0.33742772817209227,0,1,1,0,0,0
133,0.4738973410464058,0.27743798433404276,0,0,0,0,1,1
134,0.6231429095544496,0.6840243770922241,1,0,0,0,0,0
135,0.5651889846856331,0.23790994385521647,0,0,0,0,0,1
136,0.7237735946056785,0.6012619921164009,1,0,0,0,0,0
137,0.5841114757852599,0.47845875856422543,0,1,1,0,0,0
138,0.36925131709163694,0.14212487427398038,0,0,1,1,1,0
139,0.7345291945089343,0.5426015877242986,1,0,0,0,0,1
140,0.563626678568883,0.44648418328157563,0,0,1,0,1,0
141,0.6503124682338177,0.4080874018676779,0,0,0,0,0,1
142,0.7078519576147115,0.128699426227163,0,0,1,0,0,0
143,0.8053183979211624,0.5637939876001682,1,0,0,0,0,1
144,0.6411955651780716,0.8855513567405654,1,0,0,0,0,1
145,0.810955515076595,0.5584568217782777,1,1,0,0,0,0
146,0.8522132163675729,0.1289371226843853,0,1,0,0,0,0
147,0.8255164670046489,0.16134747480527598,1,0,0,0,0,0
148,0.6325517051210297,0.7554279526631908,1,0,0,0,0,1
149,0.2594371529088182,0.9941830394774199,0,0,0,0,0,1
150,0.8040375387182292,0.1493548081811599,0,1,0,0,0,0
151,0.6477296015834311,0.629453232121595,1,0,0,0,0,0
152,0.4802342664655441,0.016240390350404192,0,0,0,1,1,0
153,0.6177002160392491,0.10159102563820396,1,0,0,0,0,1
154,0.6718120072955602,0.7939831983819035,1,0,0,0,0,1
155,0.500400064028939,0.6004278536230002,0,1,1,1,0,0
156,0.5143919762859241,0.5772700561888015,0,0,1,0,1,0
157,0.5381354025118505,0.1078063478159437,0,0,0,1,1,0
158,0.6600649870364765,0.6217523070862155,0,0,0,0,0,1
159,0.506833383380284,0.2621923976749765,0,0,1,1,1,0
160,0.4625260351247804,0.9839752971755938,0,0,0,0,0,1
161,0.7009481891377474,0.3533930068821928,0,0,0,0,0,1
162,0.6949139289816244,0.1353989448918371,0,1,0,0,0,0
163,0.5980043768687278,0.2832439403910107,0,0,1,0,0,0
164,0.6503610741438757,0.453938608287243,1,0,0,0,0,1
165,0.8143890085212235,0.4799729730324566,0,0,0,0,0,1
166,0.7539766294371879,0.3381672282612284,0,0,1,0,1,0
167,0.6419798963151813,0.413622648070587,0,0,0,0,0,1
168,0.33752764169031724,0.06412082022884885,0,0,1,1,1,0
169,0.7502613619235787,0.3126852876897445,0,0,0,0,0,1
170,0.7340928162568072,0.6711953710815849,1,0,0,0,0,0
171,0.5873196995313501,0.551959785280867,0,0,1,0,1,0
172,0.5634771920272283,0.26440869704926256,0,0,1,1,1,0
173,0.7264665723369275,0.4300347080845407,0,0,0,0,0,1
174,0.5518591877438328,0.6327457682327489,0,0,0,0,0,1
175,0.84583273257519,0.08109850977526678,1,0,0,0,0,1
176,0.7916274450466956,0.5522326960280483,0,0,0,0,0,1
177,0.7682071312815253,0.37392733971445613,0,1,0,0,0,0
178,0.7023316815892264,0.5575632591705715,1,0,0,0,0,0
179,0.5811335692745214,0.6879419668501479,0,1,1,0,0,0
180,0.6649771049805866,0.7504957511758272,1,0,0,0,0,1
181,0.6845265889517362,0.16435829659675896,0,0,1,0,0,0
182,0.703201446960553,0.41093975935434596,0,1,1,0,0,0
183,0.7446330545893445,0.5117472670409653,0,0,0,0,0,1
184,0.703542833374033,0.5236232863295927,1,0,0,0,0,0
185,0.5607704036744197,0.7867928805509276,0,1,0,0,0,0
186,0.42977065254602653,0.05649912734587694,0,0,0,1,1,0
187,0.22706278925482204,0.12290227374268475,0,0,1,1,0,0
188,0.17800683053245647,0.08267434925092601,0,1,1,0,0,0
189,0.5781435813909468,0.513725869958029,0,0,1,0,0,0
190,0.6638819063331398,0.596450839750771,0,1,0,0,0,0
191,0.40102289735623575,0.07246880784222237,0,1,1,0,0,0
192,0.6711609217830421,0.5594604290421054,1,0,0,0,0,1
193,0.7382894925940249,0.5391527882014523,0,0,1,0,0,0
194,0.12372421754416285,0.028428936462416447,0,0,1,1,0,0
195,0.5363521264501443,0.7384194506130588,0,1,1,0,0,0
196,0.584283933293062,0.6805425641725412,1,0,0,0,0,1
197,0.5924526705792865,0.3325109329365857,1,0,0,0,0,1
198,0.5822933576986036,0.6033506396895861,0,1,0,0,0,0
199,0.5069029038526023,0.048047697755749276,0,0,0,0,1,0
200,0.5049356263794553,0.020188792612041956,1,1,1,0,0,0
201,0.7945910268349021,0.6448836938029453,1,0,0,0,0,0
202,0.5572544437602747,0.9285568083528296,0,0,1,0,1,0
203,0.7041906005984604,0.48867090265229635,0,0,0,0,0,1
204,0.5543752446361156,0.6676783438719432,0,0,1,0,1,0
205,0.7237026253033487,0.5680307068608442,0,0,0,0,0,1
206,0.7595771285824948,0.6890314089457502,1,1,0,0,0,0
207,0.0046783188430858935,0.3046520277928783,0,0,0,1,0,0
208,0.6285485644314568,0.3545176632677541,0,0,0,0,0,1
209,0.5390153330614829,0.13264342670255588,0,0,1,1,1,0
210,0.8332058518711523,0.16158517126249833,0,1,0,0,0,0
211,0.6947683916701619,0.8201342104626058,1,0,0,0,0,1
212,0.6664633708899672,0.4582083409447554,1,0,0,0,0,1
213,0.6250043055956385,0.8529451251317784,0,0,0,0,0,1
214,0.777638220135699,0.6315176698704335,1,0,0,0,0,0
215,0.6643675214374263,0.4584196266845086,0,0,0,0,1,0
216,0.4878875006864416,0.3501246805953856,0,0,1,1,1,0
217,0.7723253604840963,0.03719069198280662,1,0,0,0,0,1
218,0.3945466973102001,0.2558538254823807,0,0,0,1,1,0
219,0.6423323358995539,0.7488406795477606,0,0,0,0,0,1
220,0.5891404348593174,0.5152554906781172,1,0,0,0,0,1
221,0.7319289886348632,0.5613708042723737,0,0,0,0,0,1
222,0.6587729344532944,0.5550806517284715,0,1,1,0,0,0
223,0.6362738428930799,0.7120747599375827,0,0,1,0,0,0
224,0.14770625672566728,0.05738608727421587,0,1,1,1,0,0
225,0.717096895180654,0.49982943078301173,0,0,0,0,0,1
226,0.6859559298626063,0.46028158226608357,0,0,0,0,0,1
227,0.5652407686744259,0.8339712255233174,1,0,0,0,0,1
228,0.5281939749702931,0.6921522753933548,0,1,1,0,0,0
229,0.707744276829352,0.37130167421939825,1,0,0,0,0,0
230,0.8675443850242386,0.15134001377759093,0,0,1,1,1,0
231,0.5434660220152054,0.32882883874276175,1,0,0,0,0,0
232,0.6362971643826172,0.20822869920613785,0,1,1,0,0,0
233,0.804366189448545,0.20313803341395936,1,1,0,0,0,0
234,0.3480048559173605,0.04619674663978642,0,0,1,1,0,0
235,0.4315677859657443,0.039869178912802804,0,0,1,1,1,0
236,0.6424919175148358,0.5695009034666269,0,1,1,0,0,0
237,0.680085901598737,0.4286591498830225,0,0,0,0,0,1
238,0.7982655401623857,0.17229031540999334,0,1,0,0,0,0
239,0.8536800866493819,0.12620361342632838,0,1,0,0,0,0
240,0.7594936105428085,0.09676226612759456,0,1,1,0,0,0
241,0.7246750940278992,0.5631183134115825,0,0,0,0,0,1
242,0.8824944880196948,0.13380990005744328,1,1,0,0,0,0
243,0.3373873154932505,0.06420225327437873,0,0,1,1,1,0
244,0.45002566999624927,0.015100327712985924,0,0,1,1,0,0
245,0.6907850672362281,0.49563672938478426,1,0,0,0,0,1
246,0.7286054660617411,0.7217806986074949,1,0,0,0,0,1
247,0.6682378838669272,0.23017600542300065,1,1,0,0,0,0
248,0.8778966727151425,0.11149724558225727,0,1,0,0,0,0
249,0.526789170696712,0.2525678920505941,0,1,1,0,0,0
250,0.5575071944925765,0.0635794005207313,1,1,1,0,0,0
251,0.5877174968423684,0.04207667471459919,0,0,1,0,0,0
252,0.41075884808666796,0.04578517962589219,0,0,0,1,0,0
253,0.5668382907077416,0.13135590422593488,0,0,1,1,1,0
254,0.6821295931708695,0.29350450412777507,1,1,1,0,0,0
255,0.46893072839928807,0.23646175618065812,0,1,0,1,0,0
256,0.5636730878656981,0.28569353443627427,0,0,1,0,1,0
257,0.754244172256541,0.28740362839240163,1,0,0,0,0,1
258,0.7813901757641117,0.10897722295707596,1,1,0,0,0,0
259,0.7262850713256674,0.7542152605527324,1,0,0,0,0,1
260,0.6139539622579779,0.08300008143304552,1,1,0,0,0,0
261,0.6964363922730623,0.6422294166972958,0,0,0,0,0,1
262,0.8525356044133232,0.2200981158153979,1,0,0,0,0,1
263,0.5296539282572092,0.09159456907613109,1,1,0,0,0,0
264,0.7347935125131007,0.5888247450815541,1,0,0,0,0,1
265,0.9577813037834326,0.11597166130015557,1,0,0,0,0,1
266,0.2008022545664434,0.061838494060889905,0,1,1,1,0,0
267,0.8684967804426642,0.23901259130955343,1,0,0,0,0,1
268,0.6575357270965096,0.20991238244479607,0,0,1,0,1,0
269,0.6170365584211492,0.2991960137423767,0,0,1,1,0,0
270,0.9170275616541432,0.19427503680993743,0,0,0,0,1,1
271,0.4019374596167844,0.1206265502540931,0,1,1,0,0,0
272,0.35178884938360455,0.09291950673583338,0,0,1,1,0,0
273,0.6278660720232092,0.6066079615107811,0,0,0,0,0,1
274,0.746963497662593,0.10074808357231363,0,0,1,1,1,0
275,0.6975125691845541,0.17382433791632643,1,0,0,0,0,0
276,0.29017298329288677,0.09317921212428001,0,1,1,0,0,0
277,0.2395542510892512,0.03627512044387612,0,0,1,1,1,0
278,0.9696462634790848,0.12312896573429497,1,0,0,0,0,1
279,0.8981712727387443,0.198324680155207,1,0,0,0,0,1
280,0.5575843096383415,0.41522709915683786,0,0,1,0,1,0
281,0.4431943196516266,0.7901140282726732,0,0,0,0,0,1
282,0.42645818314379746,0.1143540048551702,1,1,0,0,0,0
283,0.4716825706918044,0.10644619586628251,1,0,1,0,0,0
284,0.8997755248211454,0.21981199970948206,1,0,0,0,0,1
285,0.6253819127594018,0.20577690426775186,0,0,1,1,1,0
286,0.43187540529266943,0.06874489667907235,0,0,1,1,0,0
287,0.5134192505108879,0.24899364161976928,0,0,1,0,0,0
288,0.7474178460805059,0.07485457598693548,0,0,0,0,0,1
289,0.6820182202058038,0.6753308492586292,0,0,0,0,1,1
290,0.6431039313534994,0.5100811909472864,0,0,1,0,1,0
291,0.25370095447519025,0.085002894174456,0,0,1,1,1,0
292,0.8357132157833671,0.26790371532768,1,0,0,0,0,1
293,0.7186067863665095,0.42000963991187623,0,0,0,0,0,1
294,0.47030770111571574,0.08774740789812505,0,0,0,0,1,0
295,0.4124191605432177,0.038018227796839964,0,0,1,1,0,1
296,0.9244552223895646,0.2658348757925966,1,0,0,0,0,1
297,0.8754644142812575,0.13410702062897123,1,0,0,0,1,0
298,0.3594341851441176,0.17660406592995437,0,0,1,0,0,0
299,0.5370769387156586,0.0812503714007144,0,0,0,1,1,0
300,0.5370541546953191,0.17965450379764106,0,0,0,1,1,0
301,0.4627394571327419,0.0111937424206743,0,0,1,1,1,0
302,0.5322445297903986,0.060918520735714556,0,0,0,1,1,0
303,0.8538009003777474,0.09066799307158843,1,0,0,0,1,0
304,0.8530803177611368,0.13700779776433278,1,0,0,0,0,1
305,0.808699032438603,0.10388215537865264,1,1,0,0,0,0
306,0.8136150295082274,0.18564533487689303,1,0,0,0,1,0
307,0.39488855108819965,0.14433016918265432,0,0,1,1,0,0
308,0.5529001020023063,0.5802412619040808,0,1,1,0,0,0
309,0.6966669899271261,0.559407607607167,0,1,1,0,0,0
310,0.7225265258575262,0.11982762605065134,0,0,1,1,1,0
311,0.6262568191404463,0.04326515700071088,1,0,0,0,0,1
312,0.5647321826039915,0.27379770710954504,0,0,1,0,0,0
313,0.7251659202465814,0.4624120468085949,0,0,0,0,0,1
314,0.242172777652498,0.07371231245639479,0,0,1,1,0,0
315,0.17777955116648325,0.0653951373467353,0,0,1,1,1,0
316,0.2283811778286946,0.2882267624201901,0,0,0,1,0,0
317,0.14681307639189933,0.09193350661698516,0,0,1,1,0,0
318,0.6019102823699587,0.07229933907179534,0,0,1,1,1,0
319,0.3998167931082428,0.0895521402585169,1,0,0,0,0,1
320,0.7035158664412411,0.06540394091922502,0,0,1,1,0,0
321,0.5129088650870521,0.02190108746129179,0,0,1,1,0,0
322,0.683391664320107,0.22966099643235227,0,0,1,0,0,0
323,0.497959813661766,0.06974410215665516,0,1,1,0,0,0
324,0.2951034920308504,0.12651173846346847,0,0,0,1,1,0
325,0.3731240630801891,0.05079881415878564,0,0,0,1,1,0
326,0.7176637849749319,0.3809701977062292,1,1,0,0,0,0
327,0.5063308496803809,0.04945186756785904,0,1,1,0,0,0
328,0.698855447659263,0.26171920565365425,1,0,0,0,0,0
329,0.7656313685718392,0.5986891480562814,1,0,0,0,0,1
330,0.6979331972523639,0.3617784096786476,0,0,1,0,0,0
331,0.7665393409926589,0.11066750887510152,0,0,0,0,0,1
332,0.46330153307246613,0.06754761082047095,0,1,1,0,0,0
333,0.3663441228327431,0.07551924570990909,0,0,1,1,1,0
334,0.4657631887346454,0.05691729703913848,0,1,1,0,0,0
335,0.33688802997676026,0.018516113838995853,0,0,1,1,0,0
336,0.34298304752045583,0.23880350646292264,0,0,0,1,0,0
337,0.7117457817431059,0.2884732624499022,1,1,0,0,0,0
338,0.528168012871219,0.7113770768177727,0,0,1,0,0,0
339,0.5995442261203019,0.6742766214529857,0,0,0,0,0,1
340,0.94250477003913,0.22013993278472405,1,0,0,0,0,1
341,0.8073633981139503,0.30689473788463356,0,1,0,0,0,0
342,0.5969316818229085,0.22456372796080648,0,0,1,1,1,0
343,0.8239437386591077,0.23526006853581183,0,0,0,0,1,0
344,0.540172550980706,0.18387361591333762,0,1,1,0,0,0
345,0.6650406665552779,0.11499666564691949,0,0,1,1,1,0
346,0.12647468111134597,0.3941403421508448,0,0,1,0,0,0
347,0.8279032742389845,0.20744518125455308,1,0,0,0,0,0
348,0.3867982375683956,0.09913262802045067,0,0,1,1,0,0
349,0.5393984551265798,0.16486670290804006,0,0,1,1,0,0
350,0.39593231627024417,0.07370350888390509,0,0,0,1,1,0
351,0.38141125390395403,0.030871927828312724,0,0,0,1,1,0
352,0.6580410416153053,0.6569489899001015,0,0,0,0,0,1
353,0.6111198871782046,0.47036827544617604,0,0,0,0,0,1
354,0.6989942782898664,0.3158743818241442,0,0,1,0,1,0
355,0.5597840542236314,0.5238499783212027,0,1,0,0,0,0
356,0.5451165198168397,0.029089204399145176,1,1,1,0,0,0
357,0.674752805063427,0.3512075200116207,1,1,1,0,0,0
358,0.548415342175091,0.10140174882967506,0,0,0,1,1,0
359,0.673141752827263,0.2497705568919868,1,1,0,0,0,0
360,0.46989702791217747,0.07554345553425579,0,0,1,1,1,0
361,0.5022938484313495,0.05456234139813936,0,0,1,1,1,0
362,0.6322411647658561,0.11743085344032608,0,0,1,1,0,0
363,0.8977616043689234,0.12567759997006786,0,1,0,0,0,1
364,0.8560199938541566,0.25995849115571096,1,1,1,0,0,0
365,0.8631808128170044,0.16374424741560123,1,0,0,0,0,1
366,0.5244597558254067,0.05345969394380238,1,1,0,0,0,0
367,0.8066846913583132,0.1920763445806308,1,1,0,0,0,1
368,0.6571872834787811,0.3270131019167578,0,1,1,0,0,0
369,0.5541472174869106,0.41733115298188,0,0,1,0,0,0
370,0.2615461119361391,0.04320353199328287,0,0,0,1,1,0
371,0.5493828100992799,0.88587268713644,1,0,0,0,0,0
372,0.6861289715760583,0.12571941693939398,0,1,1,1,0,0
373,0.9340953633934401,0.1668365022526141,1,0,0,0,0,1
374,0.6681735511407783,0.5811832441604804,1,0,0,0,0,0
375,0.6755923319503239,0.15868439412713678,0,1,1,0,0,0
376,0.597910857228318,0.5445207665270567,0,0,1,0,1,0
377,0.27708177593843875,0.025490744143973613,0,0,0,1,1,1
378,0.4887863361308995,0.2598396429270998,0,0,1,0,0,0
379,0.9554109477801938,0.17461445854727847,1,0,0,0,0,1
380,0.849701319019516,0.2023897297523335,1,0,0,0,0,0
381,0.3937379230087057,0.188548312905377,0,1,1,0,0,0
382,0.5975161445231305,0.06362561927630234,0,1,0,0,0,0
383,0.5177854399594326,0.01880443083803407,0,0,1,1,1,0
384,0.4372107218094483,0.03353941029269677,0,0,0,1,1,0
385,0.5640401793277663,0.043386206122444475,0,0,1,1,1,0
386,1.0,0.2700958048776193,0,0,0,0,0,1
387,0.7078633846772204,1.0,1,0,0,0,0,1
388,0.6453364849280783,0.13285691333543148,0,1,1,0,0,0
389,0.41430018589423767,0.10359163748649203,0,0,0,1,1,0
390,0.6259346647769559,0.21399724008002446,0,1,1,0,0,0
391,0.6164617467982607,0.07278573645185216,0,0,1,1,1,0
392,0.6494674731820393,0.5510376110625692,1,0,0,0,0,1
393,0.8066679597085047,0.30159058545957945,0,0,0,0,1,0
394,0.4194528797249091,0.047460059292060715,0,1,1,0,0,0
395,0.7593428153804989,0.2374763679100979,0,0,0,0,1,0
396,0.5442036868050144,0.027363704191160763,0,0,1,0,1,0
397,0.9377263650841314,0.14543501753011373,1,0,0,0,0,1
398,0.5062771261288315,0.08946410453361975,0,0,1,1,1,0
399,0.8692304492658287,0.2403661405798473,0,0,0,0,1,1
400,0.3691036532716101,0.12390808189963487,0,0,1,1,1,0
401,0.537062964516517,0.8478456557671104,0,1,1,1,0,0
402,0.5762909250662782,0.09016618943967461,0,0,1,1,1,0
403,0.592234925449517,0.054511720856323505,1,1,0,0,0,0
404,0.9161948349210096,0.07780377277099046,1,0,0,0,1,1
405,0.7975893805433814,0.17879615547989372,1,0,0,0,0,1
406,0.5198312346719043,0.12838689940377804,0,0,1,1,1,0
407,0.640524523200559,0.48301020554140867,0,0,1,0,0,0
408,0.5236449291533809,0.12406654620444973,0,0,0,1,1,0
409,0.8590466464843087,0.23557259535919672,1,1,0,0,0,0
410,0.7005982499535557,0.25174035623656077,0,1,1,0,0,0
411,0.5624490134519191,0.30968326947075125,1,1,0,0,0,1
412,0.5429439291101494,0.14978178144691115,0,0,1,1,1,0
413,0.8979517516237996,0.12545751065782493,1,0,0,0,0,1
414,0.8829017494622386,0.18845587539423497,1,0,0,0,1,0
415,0.6494494562798019,0.09555617669650343,0,0,1,1,1,0
416,0.5390914901099826,0.04658190293621151,0,0,1,1,1,0
417,0.4594374099593044,0.09995356115511675,0,0,1,1,1,0
418,0.9190056819841492,0.13895778907080494,0,0,0,0,0,1
419,0.7030952383734312,0.6677179599481471,1,1,0,0,0,0
420,0.7148893222396575,0.23339151027486954,0,1,1,0,0,0
421,0.7531099019352394,0.07684198247648896,0,0,1,1,1,0
422,0.8767873129227459,0.1393957668021683,0,0,0,0,1,1
423,0.38845132924311465,0.036110053459693946,0,0,1,0,0,0
424,0.4926555301491007,0.12443409535589539,0,1,1,0,0,0
425,0.5321646338257406,0.09405736848012922,1,1,0,0,0,0
426,0.7303748380289834,0.24166686841520285,0,0,0,1,1,0
427,0.2081177945535675,0.06463803011261968,0,0,1,1,0,0
428,0.4607345568157517,0.08624199700238358,0,0,1,0,0,0
429,0.6817845613141356,0.19898934987818057,0,1,0,0,0,1
430,0.8130226683476209,0.18042701728361368,0,0,0,0,0,1
431,0.7313798119558854,0.5676521532437864,1,0,0,0,0,1
432,0.5862979939546398,0.46597969456005245,0,0,1,0,1,0
433,0.7804472444772119,0.17679994541785057,0,0,1,0,1,0
434,0.5035107721679755,0.10303701241963989,0,0,0,1,1,0
435,0.5218547360967818,0.15842468873869014,0,0,0,1,1,0
436,0.2118481112047137,0.12258314423993255,0,0,1,1,1,0
437,0.7212484241052597,0.2657754516782911,1,0,0,0,0,1
438,0.7924254699642348,0.1544190632558692,1,0,0,0,0,1
439,0.8093958963058341,0.15797130475546975,0,1,0,0,0,0
440,0.3961840388006024,0.08945310006800758,0,1,1,0,0,0
441,0.5356940772062817,0.9560943831006624,0,0,0,0,0,1
442,0.5725856825216182,0.05127200618010789,0,0,1,1,1,0
443,0.609026257707133,0.08452750126001132,0,0,0,1,1,0
444,0.09157605831774429,0.6771333807258987,0,0,1,0,0,0
445,0.49802339860468314,0.0389382011220153,0,0,0,1,1,0
446,0.6258240863315738,0.46498048908246964,1,1,0,0,0,1
447,0.5628486334845648,0.24570110550861535,1,1,0,0,0,0
448,0.5334735582680874,0.11480298705214576,0,0,0,1,1,0
449,0.22726422336285124,0.0551785914724195,0,1,1,0,0,0
450,0.5375515473855044,0.06481850334865888,0,0,0,1,1,0
451,0.4693347416584195,0.18041821371112396,0,0,1,0,0,0
452,0.39234122750954303,0.029591008031058998,0,0,0,1,1,0
453,0.8919651860169209,0.29023837873409025,1,1,0,0,0,0
454,0.8081792763561457,0.20043313576649405,1,0,0,0,0,1
455,0.698116661194607,0.26143088865461606,0,1,1,0,0,0
456,0.5903089162634674,0.1426949055926895,0,0,1,0,0,0
457,0.668506151101286,0.2904078475045173,0,1,1,0,0,0
458,0.3826214475914953,0.04694505030141231,0,0,1,1,1,0
459,0.710449219092308,0.7562070688285306,1,0,0,0,0,1
460,0.5234139809759273,0.05139525619496391,0,0,1,1,1,0
461,0.4557855170745784,0.10799562462447262,1,1,1,0,0,0
462,0.6958208264640484,0.16628627897200685,0,1,1,0,0,0
463,0.7196935490843743,0.6112254352816373,0,0,0,0,0,1
464,0.6610920439369385,0.09666762772333012,0,0,0,0,0,1
465,0.43361853474212575,0.0718041381192488,0,0,0,1,1,0
466,0.8075948136559237,0.24512887329678384,0,1,0,0,0,1
467,0.8156611981123147,0.15186162544760662,1,1,0,0,0,0
468,0.0872062000577194,0.3456392604118751,0,0,1,0,0,0
469,0.5725941651876527,0.08050426863221094,0,0,1,1,0,0
470,0.624584729097998,0.2048503282632092,0,0,0,1,1,0
471,0.14627357415848108,0.10312064635829218,0,0,1,1,0,0
472,0.5481450652732971,0.14663670517495997,0,0,1,0,1,0
473,0.7873449372154189,0.6001461393033294,0,0,0,0,0,1
474,0.6593359451220582,0.08285482248696521,0,0,0,0,0,1
475,0.5280435770678251,0.3822819300071969,0,1,1,0,0,0
476,0.7059223263536338,0.23590713111380596,0,0,0,0,1,0
477,0.6849915699124742,0.8090329055530735,1,0,0,0,0,1
478,0.487700741824334,0.05950334645799265,0,0,1,1,1,0
479,0.8131618027651621,0.4656253507673414,1,0,0,0,0,1
480,0.8483581834943208,0.2549822718058988,1,0,0,0,1,0
481,0.4018377941329394,0.009355996663446019,0,0,1,1,1,0
482,0.5483079418084438,0.1407339098206052,0,1,1,0,0,0
483,0.8017186395486193,0.12440768463842625,1,0,0,0,0,1
484,0.4165593792464446,0.15911136739288803,0,1,1,0,0,0
485,0.5533769773900727,0.0337308879943481,0,0,0,1,1,0
486,0.5099877901019203,0.08024016145751947,1,1,0,0,0,0
487,0.9332474940498654,0.3036352151703161,0,0,0,0,0,1
488,0.7740252353472461,0.1899788934349559,1,0,0,0,0,1
489,0.8014542280715489,0.2755760287524677,0,0,0,0,1,1
490,0.7585375463129029,0.2205669060504753,0,1,0,0,0,0
491,0.4893648866699458,0.04175754521184697,0,0,0,1,1,0
492,0.6361711395398562,0.18889165223247595,0,1,1,0,0,0
493,0.4915705901528633,0.05800013645537359,0,0,0,1,1,0
494,0.4829447002616072,0.19621842543704235,0,0,0,0,0,1
495,0.6647877288771682,0.6051245595462639,0,0,0,0,0,1
496,0.7128996112695605,0.30854540772645533,0,1,1,0,0,0
497,0.47953749607121665,0.7798182502459499,0,0,1,1,1,0
498,0.6049942572584628,0.6140733909820606,0,1,1,0,0,0
499,0.5442618035830502,0.15174937989836274,0,0,1,0,0,0
500,0.560176757261384,0.08826241688877345,1,1,1,0,0,0
501,0.8094391976285924,0.1035168071203294,0,0,0,0,1,0
502,0.8879426029633246,0.30145633097911134,1,1,0,0,0,0
503,0.6356118911554769,0.7370130799078266,0,0,0,0,0,1
504,0.5513385203005619,0.3809151753781685,0,0,1,0,0,0
505,0.44200405906085427,0.07127812466298825,0,0,1,0,0,0
506,0.4178111683762469,0.03881275021403686,0,0,1,0,0,0
507,0.7766616853398265,0.2691516217280972,0,0,1,0,1,0
508,0.9322687626407498,0.27882454700117304,1,0,0,0,0,1
509,0.5850969606116865,0.11992446534803822,0,0,1,1,1,0
510,0.5745135845339733,0.1551057419100671,0,0,1,1,1,0
511,0.5948141232884234,0.6217413026206035,0,0,0,0,0,1
512,0.40214957300409027,0.08833284546869119,0,1,1,0,0,0
513,0.6469717933828192,0.6132656632061291,0,0,0,0,0,1
514,0.6230355091878019,0.8140333347272324,0,1,1,0,0,0
515,0.7941759136684259,0.7093148399620567,1,0,0,0,0,1
516,0.8451434166449536,0.3103083231175211,1,0,0,0,0,1
517,0.5514145605079317,0.799274145448223,0,0,1,0,0,0
518,0.91304662077926,0.14695803557083464,1,0,0,0,0,1
519,0.8513434276280198,0.34309722885546956,0,0,0,0,0,1
520,0.6759013066343562,0.35345243099649837,0,0,1,0,0,0
521,0.5695776777358057,0.06856882522927804,0,0,0,1,1,0
522,0.5890576412346367,0.147847196392296,0,0,1,1,0,0
523,0.6346232282503157,0.8209683489560065,1,0,0,0,0,1
524,0.3919571006107285,0.20414164067778703,0,0,0,1,1,0
525,0.4825708553822283,0.8557028442141821,0,1,1,0,0,0
526,0.6312981400060524,0.48780815254830406,0,0,1,0,0,1
527,0.3435411742299874,0.19849634981875644,0,0,1,0,0,0
528,0.7994279925642305,0.47552936981827226,0,0,0,0,0,1
529,0.8015850200324115,0.15726481806317003,1,1,0,0,0,0
530,0.7118386470731879,0.1748499541113784,0,1,1,0,0,0
531,0.4521064002065749,0.051263202607618165,0,0,0,1,1,0
532,0.10153447455959652,0.49330378267500957,0,1,1,0,0,0
533,0.3109328712656114,0.21759570033519604,0,0,0,1,1,0
534,0.7772286218705562,0.2520682893118027,1,0,0,0,0,1
535,0.5816615042360751,0.08824260885067159,0,0,1,0,0,0
536,0.7205936464130358,0.08205809917664589,1,0,0,0,0,0
537,0.6923682178105606,0.17450441389115703,0,0,1,1,0,0
538,0.6709840476805282,0.3421376394540904,0,0,0,0,0,1
539,0.56265107850205,0.7881684387524458,1,0,0,0,0,0
540,0.5313579392963592,0.08971280545645421,0,0,0,1,1,0
541,0.3238888466962586,0.06145773955070968,0,1,1,0,0,0
542,0.4375223371030177,0.4733218740164759,0,0,1,1,0,0
543,0.5452938379156476,0.19572762627074067,0,1,1,0,0,0
544,0.7023123560663331,0.43280783341880136,1,0,0,0,1,1
545,0.9224447838030152,0.1761132667636527,1,1,0,0,0,1
546,0.606379011594145,0.20733073481218678,0,0,0,0,1,0
547,0.7968642411227029,0.16531568510501563,0,1,0,0,0,0
548,0.9881192901200309,0.11733841592918406,1,1,0,0,0,1
549,0.4360862895112887,0.34467086743800635,0,1,1,0,0,0
550,0.621980387047927,0.08265674210594659,1,1,0,0,0,0
551,0.6978332279815811,0.5358030288691151,0,0,0,0,0,1
552,0.6952203331607978,0.20387973439621798,0,1,1,0,0,0
553,0.9031362963464946,0.12203732274557014,0,1,0,0,0,0
554,0.5982850292628608,0.11014369631196338,0,0,1,1,1,0
555,0.7688230476139286,0.2671312018417073,0,0,0,0,1,1
556,0.8520726331200204,0.24640759220091513,0,0,0,0,1,1
557,0.6072131637890641,0.6547987173194882,1,1,0,0,0,0
558,0.6584769758711382,0.20962626633888032,0,0,1,0,1,0
559,0.6351187281141959,0.10551081628925016,0,1,1,0,0,0
560,0.5077684863114773,0.07452444201857114,1,1,1,0,0,0
561,0.1481600676743824,0.02024381494010269,0,0,0,1,1,0
562,0.614699735822205,0.34587035418973017,0,0,1,0,0,0
563,0.5648407513819382,0.1011838604105546,0,0,0,1,1,0
564,0.6444440056410896,0.07850805857016777,0,0,1,1,1,0
565,0.7474354657229019,0.6193269228652988,0,0,1,0,1,1
566,0.8341175164716781,0.5381205693270329,1,0,0,0,0,1
567,0.256114494960058,0.0,0,0,1,1,1,0
568,0.11441003992461418,0.42745085955880896,0,0,1,1,0,0
569,0.5290573841841508,0.15829483604446684,0,0,1,1,1,0
570,0.4278939970532665,0.06673328036517218,0,0,1,1,1,0
571,0.8725562385568717,0.14676215608293844,1,0,0,0,0,1
572,0.4822200282054485,0.37090771435048336,0,0,1,1,0,0
573,0.5708618318586034,0.07448922772861227,1,1,0,0,0,0
574,0.6240996514629094,0.08038982218984464,0,0,1,0,0,0
575,0.49463514604557024,0.4585054615162833,0,0,1,1,0,0
576,0.8512312601432706,0.1510494958854303,0,0,0,0,1,1
577,0.6161533563198782,0.41610305461956465,1,1,1,0,0,0
578,0.541690574309206,0.08142204106426387,0,0,1,1,1,0
579,0.6350708699873693,0.549974579684436,1,1,0,0,0,0
580,0.36734834897641333,0.04196442916535529,0,0,1,0,0,0
581,0.892267781175258,0.21390700346200486,1,0,0,0,0,1
582,0.6297110869379796,0.4143885588771924,1,0,0,0,1,1
583,0.36786576823627115,0.07921234436934507,1,1,0,0,0,0
584,0.6814045705913212,0.4820154018500707,0,1,1,0,0,0
585,0.2866188630657005,0.028563190942884627,0,0,1,1,1,0
586,0.5184204948689215,0.06957683427935055,0,1,1,0,0,0
587,0.7732447599674248,0.33029683445542196,1,0,0,0,0,1
588,0.44889088557397594,0.02581427543297069,0,0,1,1,1,0
589,0.8815982464483216,0.2516699276566431,1,0,0,0,1,1
590,0.4052113247096787,0.038748924313486414,0,0,1,1,1,0
591,0.6562049767310887,0.5859019590149683,0,1,1,0,0,0
592,0.5742442657294449,0.05716599796197296,0,1,0,0,0,0
