,Mean_Acc1298_Mean_Mem40_Centroid,Mean_Acc1298_Mean_Mem40_Rolloff,Mean_Acc1298_Std_Mem40_MFCC_4,Mean_Acc1298_Std_Mem40_MFCC_6,Std_Acc1298_Mean_Mem40_MFCC_5,Std_Acc1298_Mean_Mem40_MFCC_12,BH_HighPeakAmp,amazed-suprised,happy-pleased,relaxing-calm,quiet-still,sad-lonely,angry-aggresive
0,0.1324975298443397,0.07784803126103235,0.43005327178846864,0.5819163211154492,0.24024365559548128,0.14460729523229277,0.008472739978717466,0,1,1,0,0,0
1,0.38428063127999956,0.35524878369553525,0.17118206055891894,0.39056872181361424,0.12867071623682574,0.041256200283007124,0.15676355740498302,1,0,0,0,0,1
2,0.5417820755786644,0.3564912248803393,0.4468474461780947,0.6260500216915361,0.241480170667137,0.09250718075686669,0.0,0,1,0,0,0,1
3,0.1742877042940214,0.24393514457015325,0.3755963011672714,0.7681184862334411,0.49152175525017894,0.11236272662108296,0.11716851546387075,0,0,1,0,0,0
4,0.3474361673982647,0.1554475742851039,0.30262776785577217,0.3999899109133649,0.48521492716184733,0.3402285116449043,0.0817034875674155,0,0,0,1,0,0
5,0.22802641311801136,0.10964846490330929,0.40884997415729774,0.5679631142992623,0.38129655719733946,0.17289111545688532,0.03055677195243422,0,1,1,0,0,0
6,0.29083585748146706,0.16528861757205782,0.223291183288727,0.25055237749326553,0.14272029307611686,0.08297131582548156,0.2032215357458076,1,1,0,0,0,0
7,0.18761304674128426,0.08151474792838084,0.6827519151745278,1.0,0.22423709825785654,0.06975117783557544,0.033895497768510474,0,0,0,0,0,1
8,0.3841726463331011,0.3996599953635731,0.38077917027014585,0.4234995005902116,0.17726355406897634,0.06297556149548938,0.6557845154820222,1,1,0,0,0,0
9,0.15991490786184404,0.028333719702238365,0.14640274700250244,0.2467124711199894,0.23822955892284914,0.14333922509202238,0.0,0,0,1,1,1,0
10,0.32707560566057087,0.3204028539783118,0.495439914437627,0.4996418374244578,0.44007110462681104,0.08174941875426185,0.2303238666143301,0,1,1,0,0,0
11,0.3585586169288001,0.2053967402585793,0.37569864850342616,0.43263214181220144,0.31698274289905676,0.09272284277450593,0.3028421711814529,0,0,1,0,0,0
12,0.553228479949895,0.4665427255826216,0.34739346921647996,0.32757448268208267,0.17524244312932508,0.02318338535311418,0.7760784776408607,1,0,0,0,0,0
13,0.11762800265642971,0.03858234430469506,0.3928827662438016,0.5140046611580251,0.2749763017978569,0.1179389693382667,0.008084753492445609,0,0,1,0,1,0
14,0.2493534401304458,0.11570612326531726,0.39425422054827475,0.5567400143265029,0.33380896743977256,0.14166516979583058,0.03173547943558176,0,0,0,0,1,0
15,0.384383216979553,0.685300254094374,0.2567618326314012,0.463228305941463,0.014406302419120498,0.02205158207516412,0.7448892423372669,1,0,0,0,0,1
16,0.14232955925943924,0.05432498321946814,0.2191635152216076,0.46884994501447763,0.18926997512941326,0.07322541973853655,0.12513925538359613,0,0,1,1,1,0
17,0.3433219409214356,0.32139377658180185,0.37783463740897494,0.7930405480391858,0.17155093460097842,0.09924112871756553,0.5749409511795016,0,1,1,0,0,0
18,0.3338084670996863,0.2322410457112294,0.6116215400203672,0.7871908956082205,0.23712130473382864,0.10104919853124593,0.03898413339474562,0,0,0,0,1,1
19,0.10942114669215112,0.00916982201272442,0.18045063532108918,0.46288931263052757,0.17554906680187504,0.08270216061808847,0.04280897678207185,0,0,1,1,1,0
20,0.4353953058943583,0.277947729590252,0.4727095945510279,0.5060443718030205,0.2054118076166924,0.071435931769718,0.23640515772444792,1,0,0,0,0,1
21,0.2582945937336335,0.2093861885995415,0.20032444105561054,0.225390195425608,0.15039490323317634,0.04488810632419013,0.1200171530867615,0,1,0,0,0,0
22,0.4263947605703765,0.24787913774581777,0.24331748655411867,0.3093737703925663,0.21621678494056917,0.14776226725535452,0.1100418163212982,0,1,0,0,0,0
23,0.586417653379119,0.3703505047796107,0.6507663256794585,0.8819092587548047,0.36228588949924156,0.05023573604095212,0.07670334008717218,0,0,0,0,0,1
24,0.33535265184033347,0.39743572260833865,0.5435513502172322,0.5623999919287306,0.17640781349264406,0.06488611299901403,0.029582267883113966,0,0,0,0,0,1
25,0.2095231924669701,0.3691717008262234,0.30109153434009006,0.49686330296518255,0.2069048444536187,0.05869948483242836,0.2280226075868375,0,0,1,0,0,1
26,0.1573556646203519,0.18744952582686736,0.34665042755599684,0.6832006618440831,0.2812961563820812,0.0826931512387615,0.0,0,0,1,0,0,0
27,0.26404479215597343,0.49385976475436794,0.36842482332291104,0.5350424246093,0.1714848000833696,0.03203453745564992,0.9091776955417857,1,1,0,0,0,1
28,0.42346836850942976,0.6129053274968901,0.32571425647218966,0.2390124802001674,0.10989452546479542,0.039247671779301746,0.6362439504738654,0,1,0,0,0,0
29,0.2921316768442479,0.18586162538580073,0.6922978512176776,0.8350858076818304,0.4346570925261984,0.09945791690762064,0.15064426177062512,0,0,1,0,0,0
30,0.3599408242490997,0.21489232428927063,0.23557900446746127,0.505592380721773,0.18169156063433026,0.14675096442590263,0.12187540415258986,0,0,0,0,0,1
31,0.29638628375204495,0.12780931861192046,0.13205365047361234,0.1837949090468839,0.21755951605565726,0.09046261473585344,0.006924764655565564,0,0,1,1,0,0
32,0.3308172840706005,0.2159680965346497,0.39708310091959087,0.44799176730530577,0.17562021151021182,0.04048083057468016,0.014180792626895406,1,0,0,0,0,1
33,0.11011225035230089,0.7516860078395008,0.3623853070164217,0.4688176599372458,0.16273700707238528,0.06843918697108609,0.3508736502721578,0,0,0,0,0,1
34,0.5395845819092819,0.3914810959543387,0.24345667893128908,0.4963649020854142,0.1405067908125127,0.07114819471746305,0.3996345893355902,1,1,0,0,0,0
35,0.11869165438337893,0.03601564263755112,0.21389979172317097,0.32895063409909486,0.22505275730836527,0.2776566829605046,0.07743223282819459,0,1,1,0,0,0
36,0.17008169061232864,0.07406464633608639,0.19451213583538463,0.35431661571677897,0.284556788507825,0.1599226770019263,0.16196620660393843,0,0,1,1,1,0
37,0.3167468454897387,0.17681604749155672,0.4221530809106866,0.42109628015375744,0.24471875795367787,0.13917689184296428,0.2930336005372819,0,1,1,0,0,0
38,0.34495251361960144,0.22391820494521897,0.19593271686121194,0.34905616594529687,0.13046336247928292,0.05463625475596688,0.06956359461538288,1,1,0,0,0,0
39,0.17293249321044646,0.18820862708733907,0.34312558529882864,0.532734041587215,0.24948745748853174,0.06842454672967976,0.041503776628692396,1,0,0,0,0,1
40,0.49342641635755974,0.5095008871333093,0.28382553873079075,0.5740649938961024,0.12174563061266619,0.07570130979482827,0.42179236143096677,0,1,0,0,0,0
41,0.3681044862346189,0.24193360212487747,0.11439464109347897,0.2811122209106408,0.23849008884070205,0.052956568597695736,0.2352020592779821,1,0,0,0,1,0
42,0.16016327323971036,0.05047947623528199,0.2947112014042055,0.5869144546344218,0.3944823771551336,0.16232818128222612,0.03348765817256096,0,0,1,1,1,0
43,0.4233387865731517,0.2802250333716672,0.6911587253662757,0.9295680862011559,0.34556387692566687,0.16852550808676256,0.08626743386645551,0,1,1,0,0,0
44,0.8746348758982999,0.7231462247212461,0.2769109527001786,0.44589121946790145,0.1553559940919831,0.09120251001308048,0.8867380092889864,1,1,0,0,0,0
45,0.27876314041822564,0.33250301898056184,0.5638304514029262,0.45396047095856407,0.2577763170288367,0.10019555984001595,0.0,0,1,1,0,0,0
46,0.11794115900243506,0.014353226028839795,0.20055983992876625,0.25041516591502966,0.3768044201906679,0.2029176874950378,0.0,0,0,1,1,1,0
47,0.2993180750603366,0.18139641298138914,0.5960135712567741,0.7010240422934513,0.3964443678441952,0.21434946368854124,0.05566074552397462,0,1,1,0,0,0
48,0.6677573146303406,0.4350074470712479,0.7961292237466289,0.9079935833409001,0.33958471531094253,0.08698724666047647,0.11841926137356293,0,0,0,0,0,1
49,0.2728077705967788,0.1718402220636342,0.7944630091140303,0.5404098186991131,0.2691344194090782,0.07713886888368722,0.045891313867453834,1,0,0,0,0,1
50,0.4930538682907602,0.3121966814698988,0.5058435211577531,0.6298253579103483,0.226544792107146,0.11239594870735115,0.009253818036606866,0,0,0,0,0,1
51,0.17984892905928912,0.10430748298082854,0.6011544779518251,0.6714892500781904,0.26573149786666084,0.07189259468435358,0.0,0,0,1,0,1,1
52,0.44470360831700056,0.4161177955456968,0.6266901383224248,0.5277379258855697,0.15976796804700766,0.07994979523370048,0.019602393264010056,0,0,0,0,0,1
53,0.3023254558314571,0.3195937520360126,0.6497981198794349,0.9077514452616604,0.2026521945637427,0.0727642521342375,0.021765814987169223,1,0,0,0,0,1
54,0.16002289280874243,0.3204846732758477,0.056224509116588994,0.05596618138159948,0.06053011826054195,0.0419296513876978,0.30982649516605143,1,0,0,0,0,1
55,0.1979796016435309,0.06434936233978947,0.15735902933786394,0.18617391567541386,0.3352228432631974,0.3590682499900052,0.048216963858264676,0,0,1,1,1,0
56,0.1613511076555928,0.07292220651493733,0.5347934886624739,0.6505907160224784,0.3369834242849957,0.10020963699521433,0.013932912371777274,0,0,1,1,1,0
57,0.42327939485235755,0.23711383943114378,0.460920204899367,0.6223836476083819,0.3381097151606368,0.1971916638465432,0.02592816123901556,0,0,1,0,1,0
58,0.5068273482676515,0.44726518997986336,0.27882791830635634,0.21450205312913007,0.12007823913840757,0.049840449522981514,0.17802850679657028,1,1,0,0,0,0
59,0.5865634330574319,0.6756940624947916,0.47621908470777286,0.5676523704309047,0.20582765344711149,0.06569864639706474,0.4816330373896451,0,1,0,0,1,0
60,0.2952254455728871,0.2852493443092406,0.47939594602201496,0.5361320459658785,0.26344384478028315,0.08670964515996435,0.0,0,0,0,0,1,1
61,0.3491747250433289,0.18228127353251788,0.3783944773377411,0.6019572828071875,0.533775699773339,0.10488663103832534,0.6993586878342414,0,1,1,0,0,0
62,0.20018249456025827,0.06727667498496193,0.19335049357002865,0.2487020390044089,0.3110586933823397,0.0812037882187725,0.04175335857892575,0,0,1,1,0,0
63,0.10350357160211866,0.1059635661698417,0.0940899530737464,0.11679530252126269,0.2802981263890754,0.1754250033925944,0.0050727531384930245,0,0,1,1,1,0
64,0.10546349838832465,0.01789418340553129,0.20791861339828988,0.5024708173169081,0.30234897782088777,0.12519039352405814,0.07515536476402027,0,0,1,1,1,0
65,0.39812970071971965,0.21088317871001272,0.588836976045606,0.8946194900975615,0.23965545920402104,0.05257198071767588,0.0,1,0,0,0,0,1
66,0.31294037611157005,0.16075976793622943,0.44600819802162606,0.4856139713671721,0.450133571684807,0.14548176811321634,0.2514430374577129,0,0,1,0,0,0
67,0.09845527533461836,0.08857696544346816,0.22429316370968155,0.26234853758689214,0.189528500970975,0.10945382327088893,0.2922003371625255,0,0,1,1,1,0
68,0.2785039765456695,0.3601882449912196,0.49816747094615,0.6363812464057628,0.2987827240607396,0.07810118321304874,0.11108098480499709,0,1,1,0,0,0
69,0.4671266825404538,0.5656152886933306,0.36859574337428946,0.45227761130784816,0.16945567283855364,0.020223804244205983,0.4766714616653469,1,0,0,0,0,1
70,0.40597480711188855,0.2834144708033898,0.27078444115795774,0.3787644904506795,0.23300994222248061,0.0945956675020989,0.13870516884218934,0,0,0,0,1,0
71,0.4546652196683782,0.2999480295943429,0.2912416267085608,0.3385070169597546,0.18192202940781554,0.10829724419978973,0.020741394527802298,1,0,0,0,0,1
72,0.3799990281354779,0.2543958932773326,0.47651384503589833,0.725691859115994,0.2721796133335204,0.1078281933885796,0.07044337098995547,0,0,0,0,0,1
73,0.42126007634535745,0.17933274847687317,0.2478197458715644,0.5671156310219234,0.6669816406570966,0.20635983348414658,0.09476796819872169,1,1,1,0,0,0
74,0.2023367942508814,0.11996678742588915,0.14320029885422164,0.2364619590988427,0.23919953184777842,0.15413302461193507,0.0,1,0,1,0,0,0
75,0.35470355432452716,0.19526023839719026,0.6235132770081827,0.8116508772460826,0.33879911740480145,0.14881523846419364,0.0,0,0,1,0,1,1
76,0.35732758853415836,0.15866428481600506,0.2229012399379775,0.4129523694219963,0.3580893537455184,0.20510302506803488,0.10571270394815957,0,1,1,0,0,0
77,0.3003871260346308,0.1927677801666992,0.4881742770440043,0.6002159064539885,0.33962880498934844,0.1062228346097559,0.210459412302575,0,1,1,0,0,0
78,0.621431772410926,0.5381876419526932,0.6316017869844893,0.9559792971942249,0.2527170264317623,0.065470033396643,0.0,0,0,0,0,0,1
79,0.46224576294064607,0.34146071688856366,0.6523363338160717,0.7651361522241391,0.528936857568294,0.08882684930180125,0.014021400517769102,0,0,0,0,0,1
80,0.32732937028578213,0.4074343438016579,0.6299683234994602,0.7707376131238839,0.1981370106797226,0.08115085811522657,0.16231675579767527,0,0,0,0,0,1
81,0.02998202050634141,0.37703544442272696,0.0,0.011527790389135983,0.0,0.0037968903001080537,0.3746151332881061,1,0,0,0,0,0
82,0.38884299528645705,0.19194201133045755,0.236736552839371,0.30143567702815854,0.6458857315780299,0.274334474333686,0.015031072952804056,0,0,1,0,1,0
83,0.6289205284783301,0.7828091595188419,0.30452017010127275,0.4377594156401019,0.32904026790491864,0.1071035014389668,0.8480783324295441,1,0,0,0,0,0
84,0.17304587740468974,0.8192960207033126,0.4989801087952185,0.5151770130250108,0.27325780637817326,0.11528120243681186,0.0,0,0,1,0,0,0
85,0.12081895783727749,0.2895175843306954,0.21517810995174336,0.1926773409203264,0.41899523631065594,0.07965023337107886,0.009967395521592244,0,0,1,1,0,0
86,0.24257198546522613,0.13076844987280128,0.46486057734132324,0.5701806955416326,0.34345458662920386,0.11484424753945402,0.2813503291078353,0,0,1,0,1,0
87,0.20379459103400988,0.07778742437396874,0.3135871206112183,0.5717525752393635,0.35950523364523446,0.23229896273889636,0.019252411301978276,0,0,1,1,0,0
88,0.2516319225100021,0.2924948976576953,0.5045058414742111,0.7061714942946216,0.17207399851297542,0.05608226013794486,0.15249684051940274,0,0,0,0,0,1
89,0.3586827996177333,0.4996901472898873,0.5013995998219156,0.5788613456823752,0.1352050069842059,0.09552813826243983,0.45056518967093756,0,1,0,0,0,1
90,0.4108233312276269,0.29931771796888135,0.13962121250889148,0.23287226207411427,0.6740309790113092,0.13358882431541386,0.18894034310711377,0,0,0,0,1,0
91,0.8557051147070099,1.0,0.20353610046414528,0.4326543378027987,0.09988015623778768,0.02306738959427949,0.3805069690087286,1,0,0,0,0,1
92,0.18416292768788034,0.43934083949629615,0.3932020899326044,0.46626512101859396,0.33999054075990576,0.11842660199433871,0.17521220138086888,0,0,1,0,1,0
93,0.23752368919772582,0.15134751837525057,0.5645653052765169,0.5849450649232724,0.32717547491597915,0.07661745105513909,0.48811819747377694,0,1,1,0,0,0
94,0.2972285663378525,0.20338762195242055,0.1772666096933163,0.32469505735645743,0.2248974413957991,0.08518142919162781,0.15166130821782609,1,0,0,0,0,1
95,0.3136692745031342,0.20741040408126776,0.4606131628909029,0.6959129110041669,0.20386466071990433,0.10629434655816372,0.0,0,0,0,0,0,1
96,0.15685353461727436,0.04983098254370135,0.3208374059044179,0.5114944964032406,0.43605994593002173,0.10799599307854432,0.05542704606148338,0,0,1,1,1,0
97,0.5668561802484734,0.5696380708221778,0.25808211326779695,0.23440176760797837,0.163216983344122,0.0639440697731382,0.9930610545518076,1,0,0,0,0,1
98,0.15280949835592922,0.12092134589714104,0.4319333923536306,0.7513685846020359,0.2516338231963815,0.08034170323442348,0.006241250450949206,0,0,0,0,0,1
99,0.5380511956633245,0.36284737216113555,0.5081627117950188,0.8578952147462089,0.20058498986939438,0.05631537782803009,0.7799209052110443,1,1,0,0,0,0
100,0.20624045008125863,0.1059499296202524,0.48741793022982105,0.6578710009382851,0.3406518859359939,0.21997976268168679,0.048561273503245704,0,0,1,0,0,0
101,0.9634200992381663,0.7560315216419616,0.2824868355738871,0.5327158812312722,0.3698462673077039,0.08420391153465204,1.0,0,0,0,0,0,1
102,0.6317335363450336,0.43718020397247837,0.49915921663348906,0.8708617088894941,0.20184655589468986,0.08727610988514731,0.15792354624186308,0,0,0,0,0,1
103,0.27857956600849837,0.24735640334489412,0.5968896644542585,0.6907937084455744,0.3828216592549246,0.144631507939234,0.006141984902560939,0,0,1,0,0,0
104,0.23007272786173605,0.3949735678213793,0.04047223060901789,0.06660411432952962,0.07452959319255367,0.027042778222303058,0.30381667525077316,1,0,0,0,0,1
105,0.30824843016883446,0.46556998504525055,0.37204587207606454,0.5956536214776476,0.31006968173264426,0.13576121090562843,0.0011616905319952716,0,1,1,0,0,0
106,0.4298124841397109,0.48062473579185166,0.3581092353118779,0.28801113835164494,0.27524184190643775,0.032617331680863004,0.2201959445202014,1,0,0,0,0,1
107,0.6953150730788128,0.590468657905941,0.34095377482562583,0.4559722348335804,0.1053903640003768,0.022331999006715935,0.9229625604385382,1,1,0,0,0,0
108,0.25767907953631264,0.14095798276037097,0.22489905993971748,0.2896859267330527,0.2617443880853657,0.12696636742388623,0.02553904028933355,0,0,0,0,0,1
109,0.49544033561721496,0.46137598846044864,0.47099937056388275,0.5596618138159952,0.2988137872432528,0.03971334407326427,0.1860939744110433,1,0,0,0,0,0
110,0.17721949560231304,0.094280073516154,0.10725284397660345,0.1796180271799993,0.25941665347316445,0.38788418668109675,0.011890311001799261,0,0,1,1,1,0
111,0.877258910107931,0.7057111384852216,0.31497699743619934,0.46966716103191186,0.16376008801903075,0.02218784893748448,0.3833096608635082,1,0,0,0,0,1
112,0.2062080545971891,0.14290800935164266,0.32401836111210625,0.3238637166177345,0.22410082107005652,0.06964137602502805,0.03760065526606571,0,0,0,0,0,1
113,0.12093234203152083,0.06290994877202871,0.41411472112909586,0.5697367757296932,0.3152191557628216,0.07664729462415966,0.0,0,0,0,0,1,1
114,0.15871627495127177,0.04652336168220474,0.167685875555874,0.20330922041627564,0.44291188276955334,0.3768961224194463,0.00992995822905724,0,1,1,1,0,0
115,0.25019572271625334,0.12857751090545175,0.279386734761761,0.4142982535791033,0.49433848447742723,0.16370323780200424,0.15620653587059857,0,1,1,0,0,0
116,0.3480624800902754,0.2573883583260984,0.20246657080132857,0.3825398266694915,0.20474946040245864,0.08165256792649697,0.026067133006759134,1,1,0,0,0,1
117,0.13244353737089049,0.19449810679236534,0.3170300849994627,0.6660693927378754,0.2531499069106563,0.0959605884701342,0.007771074359538682,0,0,1,0,1,0
118,0.15373276965191052,0.19316627044914247,0.3972785843316464,0.6108316434113219,0.43026616137223117,0.09652761628152508,0.001040302947109047,0,0,1,0,1,0
119,0.2957869672967588,0.42994828717361294,0.6432069514310716,0.9602853193700374,0.40730245318978814,0.12852161153020367,0.0,0,0,1,0,0,1
120,0.08744620999832624,0.0015015356270009703,0.2746541939379673,0.6216007344855068,0.574748037508292,0.12830932802981201,0.07013196078386884,0,0,1,1,1,0
121,0.4069898656127336,0.36509134215466577,0.6160685317762892,0.5815672387178787,0.34516606778186837,0.049149542745844835,0.0,0,0,0,0,0,1
122,0.38202914513716785,0.2994889324248361,0.30684959547215396,0.5917108064206946,0.3957760084010879,0.134859146800516,0.009186317463702845,0,1,1,0,0,0
123,0.111861606492055,0.05293557033353485,0.032100218511562695,0.07703622991010617,0.05385253605834269,0.03642097901546629,0.24578887182151715,1,0,0,0,0,1
124,0.18670597318733767,0.056378041518747986,0.09897396795504909,0.019724164371399344,0.7398438423753917,0.5812598152964621,0.0,0,0,0,1,1,0
125,0.3558319970196155,0.3848552480261095,0.30448741895370324,0.35266402332596813,0.2887853894822069,0.11871715447763337,0.019435059911012693,0,1,1,0,0,0
126,0.26111300084768185,0.1769736253979221,0.27358978164195846,0.4134144495898784,0.2546359294805635,0.08326693608464762,0.17641643429074483,1,0,0,0,0,1
127,0.1739637494533262,0.04691579127594165,0.21366336937665364,0.23712985663407882,0.33132892302944195,0.27060121277507465,0.0,0,0,1,1,0,0
128,0.2786605547186722,0.18779498508312994,0.6327931099773302,0.5978994521625958,0.1732153199608003,0.05508221903265169,0.0014867142990037142,0,0,0,0,0,1
129,0.28598733336572885,0.1885283284165996,0.19459913107111604,0.25939041738551405,0.2312503632388278,0.12115362849936961,0.7116931412611149,1,0,0,0,0,0
130,0.11771978986129332,0.047706711152121765,0.17625644148546926,0.3580576490410323,0.29221837216899177,0.15592363875316945,0.0,0,1,1,0,0,0
131,0.139170999562661,0.15409907104793855,0.30232789016083894,0.4951501760545618,0.35732780475487147,0.11282333113917409,0.025382484338732626,1,1,0,0,0,0
132,0.6178196759371745,0.33915614000796984,0.5163566395275647,0.6273091397035826,0.4439990941575165,0.16285917157630916,0.37249822456476317,0,1,1,0,0,0
133,0.10903240088331685,0.05726138689770013,0.26049443998096344,0.36410908320469737,0.26621949044356225,0.08341446467112669,0.0046887372741566975,0,0,0,0,1,1
134,0.7681833152458548,0.8124580486703606,0.34522063526991553,0.3207905808287175,0.08798496141151105,0.04578679191205494,0.9605155682413775,1,0,0,0,0,0
135,0.24416476343197757,0.11701674719806784,0.1717613464815545,0.42686118425698916,0.22005960122889962,0.058278296348892714,0.24188291430036507,0,0,0,0,0,1
136,0.8896015895384184,0.7666331813615639,0.21179041312502245,0.3349879435414711,0.12517660922315996,0.037341061879232654,0.7940029995212564,1,0,0,0,0,0
137,0.2778344698748994,0.21510899391052302,0.3993419066285253,0.4558693261499036,0.3571624684608494,0.09315472989599234,0.008156791918990238,0,1,1,0,0,0
138,0.19254255956719635,0.0694600380914285,0.20230997937701178,0.31624443839099237,0.1491052801398044,0.2014953317337931,0.12739456864297757,0,0,1,1,1,0
139,0.4170864581477342,0.32247106399935754,0.31212867107101383,0.7708465752595417,0.17417427046612816,0.018785118982931174,0.06328433964019359,1,0,0,0,0,1
140,0.1774138685067302,0.2024679124412303,0.5612809792593123,0.6192842801941141,0.2827270668539811,0.1218237010868127,0.04873654810011413,0,0,1,0,1,0
141,0.41457040888500146,0.2992358986713455,0.479581194700455,0.7115893338176094,0.3731139137004668,0.10352452550132973,0.11856333822665219,0,0,0,0,0,1
142,0.32140099670105987,0.18225248526116264,0.3438174532912345,0.5648778716062832,0.46463406568961274,0.10526952965972136,0.12776723987321237,0,0,1,0,0,0
143,0.3276533251264774,0.3506199326960519,0.22256963456883627,0.23175237345763078,0.1231394656731793,0.009288106999893575,0.5538688605676402,1,0,0,0,0,1
144,0.1710211596503447,0.6443103012010769,0.5785295758214654,0.6756943813876528,0.3106588801622501,0.09472855584717164,0.08987446027903262,1,0,0,0,0,1
145,0.5159358785385318,0.5844200905769926,0.28784062472813987,0.42481309967008674,0.4139599946290756,0.07771490607440508,0.3280476792282019,1,1,0,0,0,0
146,0.3034323015371657,0.1989951378124853,0.16718642055543909,0.3124267280083133,0.37915019148948975,0.13419864667860784,0.04404951252107266,0,1,0,0,0,0
147,0.38146762341329615,0.1998512100922588,0.12656680978235846,0.11504181926410195,0.40629440281532647,0.22587077058910643,0.032471746188770176,1,0,0,0,0,0
148,0.35461716636700846,0.5709880892315197,0.3538362340274189,0.3161677613325665,0.1345166067781869,0.020897818435104593,0.36625754134551897,1,0,0,0,0,1
149,0.0,0.8779453053147693,0.2991714983138277,0.4109002492004399,0.09886509159630694,0.03313987568182701,0.4126996371986015,0,0,0,0,0,1
150,0.6196878155185168,0.3160861284472061,0.30604616888333946,0.4115277903891359,0.19416593350875685,0.10932206109823209,0.06852556059509413,0,1,0,0,0,0
151,0.392968020257976,0.397359963999509,0.18954214919171197,0.3272375071884741,0.2020379451804972,0.15175792698686377,0.40804436659504423,1,0,0,0,0,0
152,0.16530875595941924,0.03669898528919332,0.17505181333892839,0.18236024092738878,0.30292314567830975,0.2804918220174591,0.0,0,0,0,1,1,0
153,0.40992705616837016,0.17791303214740808,0.09296208542932155,0.1932403119545587,0.18807654769801782,0.03955342759021063,0.4191258051854054,1,0,0,0,0,1
154,0.5692696438116527,0.6114250042803614,0.24743491988762256,0.24759425729188722,0.041632680872895476,0.01001279894950637,0.3643601512920404,1,0,0,0,0,1
155,0.2801021537597659,0.344806217054475,0.3938069626892786,0.5790187354338809,0.4681762705342668,0.18877521429653357,0.013747994835922558,0,1,1,1,0,0
156,0.27524823039668267,0.4038570222927282,0.22090034951615312,0.4689730318714247,0.27376684175613203,0.17062807198719315,0.05169579590549466,0,0,1,0,1,0
157,0.21156950721069478,0.07378282431124061,0.18019169656061784,0.35747046419887596,0.2516628823026036,0.18704991815541966,0.0,0,0,0,1,1,0
158,0.34984963096144395,0.3771233244089692,0.2975411052488831,0.5340234268591664,0.1030435906634094,0.025328180719139917,0.7105087614609167,0,0,0,0,0,1
159,0.12481440087251837,0.09213913523063194,0.09786452283113206,0.2890018866592007,0.4759079968656248,0.12651308302649827,0.010028089314035355,0,0,1,1,1,0
160,0.026153954138793054,0.4999810603477926,0.26395480341635413,0.03716415952863783,0.1399656902138951,0.011358574986471852,0.4065128409913395,0,0,0,0,0,1
161,0.40476537570662646,0.27054156799107865,0.42858356404128706,0.6399830503344532,0.29504812789213264,0.12450342835037703,0.005181094394162505,0,0,0,0,0,1
162,0.153565392984218,0.056606832517413115,0.404313940218921,0.7948929043453694,0.2849916730630102,0.10116181577283301,0.0,0,1,0,0,0,0
163,0.2645739183957756,0.12828205233101664,0.4523117704553945,0.6505685200318814,0.4592932023736281,0.1642584408030285,0.0,0,0,1,0,0,0
164,0.33976383692113316,0.24664730276624985,0.16156345790709936,0.2915019623273504,0.19393746881156276,0.034462002098059205,0.578804366322773,1,0,0,0,0,1
165,0.23609828789866688,0.22870614902324427,0.20827478212810824,0.32997366748388257,0.1432303304922212,0.02719255915361386,0.011405895125664513,0,0,0,0,0,1
166,0.3892425395899812,0.2346289570615357,0.5525988547333084,0.5904456349566671,0.26997011922249864,0.09138382377203567,0.37050440512142163,0,0,1,0,1,0
167,0.5018492422156352,0.2949752345107736,0.43917037249312996,0.586165844406106,0.180449033333801,0.046934924690035115,0.0,0,0,0,0,0,1
168,0.25838098169115226,0.07898441039347506,0.12092747156023403,0.23256353602308377,0.3900112829495194,1.0,0.0,0,0,1,1,1,0
169,0.40403647731506226,0.250870087622407,0.19303116988122593,0.20305295761574704,0.3233817584967825,0.07776333148828751,0.3458485445968911,0,0,0,0,0,1
170,0.6488977436545346,0.638648102777159,0.11858781145573738,0.29088652804261617,0.055011894192788145,0.04694168172453034,0.7179497069681012,1,0,0,0,0,0
171,0.3351366819465367,0.31100878648345204,0.4881302676894578,0.6219498168830775,0.3301234711402994,0.1116549272577082,0.7884117966043241,0,0,1,0,1,0
172,0.35420682356879446,0.2103574139647359,0.4791349603148205,0.8934067818840359,0.5139744239783721,0.237022692937266,0.035649378200604896,0,0,1,1,1,0
173,0.525654523759388,0.3668595480847466,0.5112116389390675,0.5685967089399395,0.2311922450263837,0.07623398934753511,0.007275881081007495,0,0,0,0,0,1
174,0.2159320990653903,0.3028253415576879,0.07432872940899532,0.1101728260540572,0.3894591599313003,0.2019187725621605,0.44434719571989645,0,0,0,0,0,1
175,0.17141530470652389,0.08511328184778277,0.146349526387702,0.24561276067677584,0.15637306280975508,0.13694932280437203,0.0,1,0,0,0,0,1
176,0.2838222351804159,0.2790810783783415,0.4752375737540492,0.7195476053552872,0.3021575885350804,0.08637573503865868,0.030429712050497236,0,0,0,0,0,1
177,0.5323063964883296,0.36177311508793303,0.35518414844457646,0.3383617341122107,0.20688881184328928,0.05406528534112044,0.5820398559685255,0,1,0,0,0,0
178,0.9011775758459271,0.7116945534105766,0.32987569916024007,0.22723448046248362,0.049557800566351985,0.006160163114812715,0.7565781860837644,1,0,0,0,0,0
179,0.2598225807322459,0.3609912862448124,0.5368854682134762,0.6634018382315849,0.31774529392784934,0.15188349521123334,0.0,0,1,1,0,0,0
180,0.3358979758221704,0.5109933317272508,0.5759657750507899,0.47716537021903394,0.07151045225989666,0.07278846484117872,0.5857954970878324,1,0,0,0,0,1
181,0.3919151670257166,0.19768905939626447,0.24037295369294787,0.5178001755501074,0.29811236054134116,0.11633417364565096,0.2780949863524052,0,0,1,0,0,0
182,0.30244963852039025,0.25720350732055436,0.47870919539641676,0.6416659099851689,0.43267005088349714,0.2854143216472299,0.0015252860549488697,0,1,1,0,0,0
183,0.5453725750630363,0.35798063912992756,0.5178294176948309,0.6643824974525057,0.1902970642286411,0.09237767092904156,0.0,0,0,0,0,0,1
184,0.4216596206488815,0.3473835249268551,0.20923991750804705,0.368217359282464,0.222241038271845,0.08108497702889815,0.13813680267370337,1,0,0,0,0,0
185,0.1345276468460297,0.40920861042044515,0.3053276905835334,0.39417052574230427,0.14834373114915744,0.059434875419991914,0.29794128924959784,0,1,0,0,0,0
186,0.11892922126655543,0.02510185744957128,0.09885933893855581,0.2066567793617642,0.22936552948697658,0.10865029925216521,0.08135293837367863,0,0,0,1,1,0
187,0.21437171658270837,0.07009489523341986,0.11095474712531922,0.25123843538444446,0.36372882442888843,0.4319834092279694,0.006913987253169124,0,0,1,1,0,0
188,0.30903132103384784,0.1620264518758589,0.32851652653610564,0.6549249876408687,0.8780740025211281,0.17268953059444447,0.017456555723708245,0,1,1,0,0,0
189,0.3320807079493119,0.32179832755295146,0.5830697036532883,0.7054087593450165,0.29831276817045876,0.16924344300188016,0.027062057417462117,0,0,1,0,0,0
190,0.3368968365809806,0.33156361223107583,0.4750175269813166,0.5522644954952227,0.27820086055035953,0.1493484811031084,0.0,0,1,0,0,0,0
191,0.27915188622705994,0.1265244526061719,0.1441848802280299,0.2853819223745673,0.31228117991995724,0.13663568378655203,0.0569818281650962,0,1,1,0,0,0
192,0.22719492902689364,0.2548458994137799,0.4322312231018408,0.7077453918096794,0.21592919999278537,0.11128779505013436,0.16887452154005678,1,0,0,0,0,1
193,0.45812073796912706,0.31894677351660855,0.5596065768398214,0.722727685462635,0.4329746704797559,0.13672239906257408,0.0,0,0,1,0,0,0
194,0.36861201548504136,0.10523779869725497,0.2629272361613608,0.4613820030872604,1.0,0.3130218753360921,0.003271792474877308,0,0,1,1,0,0
195,0.22503523008892562,0.3860628402508519,0.4943140937399252,0.6642029117104027,0.2601180801750762,0.07902689693889443,0.25587198261094485,0,1,1,0,0,0
196,0.4590008152863491,0.5223510623629716,0.2913890068726237,0.32164613537536435,0.1653413042127688,0.05092157504221739,0.9568024694999513,1,0,0,0,0,1
197,0.06576283266112705,0.0801359412476837,0.30090935608173464,0.44149641332970124,0.570091566245744,0.09407199732871903,0.0,1,0,0,0,0,1
198,0.15740425784645623,0.3374803595806609,0.471353492346978,0.6417103019663628,0.15599028423814043,0.0541379234619441,0.004286002763552867,0,1,0,0,0,0
199,0.12967912273029142,0.025885201464868467,0.10205564624666741,0.19270559036290436,0.2454292029988998,0.11023369766887939,0.07204693502020479,0,0,0,0,1,0
200,0.18733768512669335,0.03951569036547469,0.14091283589116393,0.3241098903316282,0.132209914967043,0.1422406439003405,0.06378407077236539,1,1,1,0,0,0
201,0.7244818072360714,0.498988622572126,0.4131106937614182,0.6140440085959016,0.15943128323009004,0.06378021168662901,0.5888931494292515,1,0,0,0,0,0
202,0.10161923427874155,0.7803151861161742,0.36134341113436674,0.8411856694613435,0.18879901720098685,0.11826161773541369,0.10141875994073564,0,0,1,0,1,0
203,0.5107957950661678,0.37528845090311835,0.4764544835809287,0.6502819899714478,0.13867706915866876,0.08054666661411194,0.2162672977308463,0,0,0,0,0,1
204,0.38575462580516273,0.3276726500815921,0.39045508743021196,0.6650241633624905,0.2377405643078021,0.18937546419419266,0.08626913556157073,0,0,1,0,1,0
205,0.4709979428867615,0.3671171273547669,0.5867941232159581,0.6276198835719402,0.2641963754276198,0.1056315940914238,0.0,0,0,0,0,0,1
206,0.1644880703629914,0.33180149426280053,0.315068086565377,0.40318613355932875,0.2213211672541951,0.09409621003566024,0.3979941552445109,1,1,0,0,0,0
207,0.010274767697382989,0.1592461109318157,0.14566584618218853,0.0,0.2226368433393523,0.1132811202262255,0.0,0,0,0,1,0,0
208,0.19997192391380642,0.156959716117341,0.7362765015633557,0.8139431177295517,0.29758729255305294,0.07355651442880252,0.005021702285036201,0,0,0,0,0,1
209,0.17343462321352404,0.08246021536657319,0.2697517565361568,0.4667272011864765,0.47457027594126455,0.17053910436633937,0.02871043275241244,0,0,1,1,1,0
210,0.444001706162161,0.28534934567289555,0.405138859748328,0.4767456642150185,0.24730602044558636,0.05530463808478614,0.2686125739386528,0,1,0,0,0,0
211,0.16955256437252647,0.4414075343451653,0.2933151837390553,0.3393343220638234,0.04666992663076699,0.03190108602436924,0.4696633139491352,1,0,0,0,0,1
212,0.468336113945716,0.3639110230291019,0.5443138378715848,0.46553063551156715,0.21521174068054433,0.03535843534109229,0.30388984814072795,1,0,0,0,0,1
213,0.4036099367748136,0.674745564712246,0.15187423559333313,0.1843013811959603,0.03370054691241987,0.01521008464874964,0.722101275817551,0,0,0,0,0,1
214,0.6423106618937321,0.5666759092169438,0.31437621857297116,0.46135375364468256,0.13812194002601294,0.046468689309864655,0.3913751284779812,1,0,0,0,0,0
215,0.5447246653816458,0.46803062466003326,0.48410699390521617,0.8716910318108901,0.5022275307976426,0.08210641541009286,0.0,0,0,0,0,1,0
216,0.3041396029393503,0.18031154970295052,0.4940500376126461,0.6250834871919044,0.3788806432283265,0.10818687930303442,0.040025570805264823,0,0,1,1,1,0
217,0.7918590148533295,0.43226953094814924,0.10109255781345156,0.14594670944439392,0.47477669579925574,0.1443308199041965,0.09497160438084391,1,0,0,0,0,1
218,0.20608927115560088,0.11778342431942254,0.10890575345550196,0.3282524693039538,0.3969704378706289,0.3207018081261223,0.0,0,0,0,1,1,0
219,0.45773739140763775,0.5464332089376975,0.21039541893323377,0.41852961651381704,0.14882070130645736,0.0471432665869712,0.5001860519992649,0,0,0,0,0,1
220,0.4189383999870418,0.31684826005203104,0.3596669617681526,0.7590100588193749,0.22630630702849602,0.06294065015059741,0.0,1,0,0,0,0,1
221,0.8525303572681968,0.6805562500094698,0.2786232236340469,0.5239424114934874,0.06228368501532117,0.06255944078782517,0.7318446148156383,0,0,0,0,0,1
222,0.3530621831316715,0.32558777316660376,0.4536003234175824,0.5343664558047561,0.3321666269191536,0.11218310212075158,0.035516645981617155,0,1,1,0,0,0
223,0.36204653071361853,0.43662262061149315,0.39916689268370076,0.6202044048952249,0.4492457658878159,0.15908198929347883,0.004120938337375805,0,0,1,0,0,0
224,0.31141778836030254,0.12956085764805883,0.18315772236238126,0.29750093324051363,0.3190599679748609,0.26380757767633467,0.04423045943499185,0,1,1,1,0,0
225,0.40317259773987507,0.3578609405279769,0.14734843638857192,0.21794444948898772,0.10556271456141797,0.03939238493474112,0.3574336849413596,0,0,0,0,0,1
226,0.16725248500359047,0.20577704847490347,0.47154078797214116,0.441589232926743,0.13687139642031895,0.07338308387675845,0.002197455625463712,0,0,0,0,0,1
227,0.08798613473281823,0.49591282305364776,0.35930055830471874,0.4089732336531573,0.24488609832399105,0.09903391299304531,0.3345742472268042,1,0,0,0,0,1
228,0.23474847606243687,0.34532743628322204,0.47471764928638327,0.5507612215866096,0.30022365491409536,0.10006605001219081,0.2129501267195629,0,1,1,0,0,0
229,0.5598857519261815,0.3938553707550558,0.3018806323018428,0.38526791569559204,0.19754480613568,0.06934181416240645,0.10793455053694154,1,0,0,0,0,0
230,0.20750387395997,0.12379714268830938,0.15030115703663527,0.38940444121593654,0.30064751704967907,0.1359295736818011,0.0,0,0,1,1,1,0
231,0.6048344860726415,0.35791548672633416,0.15871513154191386,0.2595175398771148,0.4973225540749886,0.2512073976013654,0.015043552050315722,1,0,0,0,0,0
232,0.1726409338538208,0.08819362688279081,0.3523706201736835,0.35619722146554067,0.19148948962189097,0.05238503609664136,0.1830456712279659,0,1,1,0,0,0
233,0.386008390430374,0.1647249735223662,0.3966071858064715,0.5406802062209306,0.35103300112428687,0.09657153700574404,0.31956019122515245,1,1,0,0,0,0
234,0.3719703473335817,0.10383171891737919,0.2345033339644753,0.646310925471917,0.8372509684698678,0.41924245760101625,0.010634460006761402,0,0,1,1,0,0
235,0.24876492216984952,0.08271021877571058,0.17458510948606287,0.2865098822603589,0.29460923518436505,0.6537549122233065,0.0036172365832684798,0,0,1,1,1,0
236,0.18257014972112884,0.23896992534746686,0.4676485187781776,0.48513574866067355,0.3103402320319531,0.07297428328979738,0.029670756029105794,0,1,1,0,0,0
237,0.18465965844361293,0.16226130356323043,0.8499137723692896,0.643215593692303,0.30818585001893856,0.0942769607084075,0.09499372641734187,0,0,0,0,0,1
238,0.1767821565673745,0.07819046017294176,0.3069693418554549,0.42359635582190736,0.37623325844768263,0.14471709704284016,0.004648463823096314,0,1,0,0,0,0
239,0.41686508900659247,0.19807391312911843,0.17470792628944853,0.3967775457287852,0.1914944998126189,0.12203485841478845,0.22797893074554668,0,1,0,0,0,0
240,0.3098574058776206,0.13461244168481085,0.2378378101763956,0.5000191692646065,0.29920859027261454,0.10860694161415418,0.3690398128589159,0,1,1,0,0,0
241,0.3881896863577217,0.32539231595582363,0.6425375998526199,0.6419262084203514,0.22714501295635325,0.09261473022258235,0.21564561178208322,0,0,0,0,0,1
242,0.49106694526782974,0.23737899456204703,0.17141848290543626,0.311062683495263,0.197123950114533,0.11597379847257236,0.0,1,1,0,0,0,0
243,0.29281738125705276,0.14618987228613725,0.15048538224171382,0.3509387895113856,0.26131651779719955,0.16585760563356491,0.0023143053567093305,0,0,1,1,1,0
244,0.2779262570797631,0.09132397259962635,0.146805995506952,0.33833752030428665,0.40380534006168556,0.26657570947454484,0.022970615128750253,0,0,1,1,0,0
245,0.5801707242010464,0.3754687563921326,0.5406559440774156,0.5493769989002895,0.3319842559766566,0.1715346407819691,0.06785395825628436,1,0,0,0,0,1
246,0.2887841434903974,0.42982858857166234,0.33165347238924736,0.26494546848673783,0.058462913566193646,0.017414004066608594,0.6227994246001585,1,0,0,0,0,1
247,0.10707247409711086,0.07984351301760176,0.34365574450011005,0.5957262629014195,0.23202193261093068,0.1960362109478599,0.0,1,1,0,0,0,0
248,0.45469221590510284,0.21642567853197997,0.20138373598481174,0.24563293885004578,0.2223362318956758,0.09803161954292039,0.07430678613322685,0,1,0,0,0,0
249,0.28524763647947476,0.17037050505234164,0.4934809864236259,0.8778534459275402,0.2861810923418233,0.18225974378451365,0.031635646655488424,0,1,1,0,0,0
250,0.3577649275690969,0.166759849755527,0.21115893006094788,0.44073569619742314,0.49222819214281854,0.13938804917094,0.2842188198404037,1,1,1,0,0,0
251,0.28309333678885157,0.10553931796039642,0.1553857726968012,0.28898977975523865,0.2298695546742074,0.11564720847196985,0.0,0,0,1,0,0,0
252,0.08446582546393032,0.009322854402560025,0.20149120068777415,0.25769948646549024,0.18122861901106854,0.07934898224983347,0.0025411980387396566,0,0,0,1,0,0
253,0.29937206753378576,0.16905079008653148,0.21251912615844404,0.3576359252196897,0.4150021143004873,0.28033246862061334,0.0,0,0,1,1,1,0
254,0.4208011403210392,0.24124571395670547,0.21867020106134194,0.4098953761715951,0.14936280394322055,0.19927226738486434,0.07291877015090632,1,1,1,0,0,0
255,0.24904568303178537,0.13653519517690393,0.20793703591879764,0.3332647275442153,0.444477066352962,0.27107026358628483,0.21349126576620525,0,1,0,1,0,0
256,0.2728671623175729,0.13790188048018837,0.5788478760369066,0.6162293047610399,0.4392394129659729,0.17327345099207342,0.1808879218218575,0,0,1,0,1,0
257,0.41697847320083575,0.24232300137426116,0.6552808666772427,0.5929376393555092,0.16289633113753377,0.08363519446463732,0.0,1,0,0,0,0,1
258,0.35504910615460206,0.171559915210965,0.20419009994217374,0.354326704803414,0.38727371473577266,0.19097350285231318,0.07444065281562473,1,1,0,0,0,0
259,0.2807770596778809,0.55835458362311,0.4849677350022773,0.6544487827516974,0.34012381183326895,0.051884452457786834,0.574546157912769,1,0,0,0,0,1
260,0.3933945607982247,0.19260262639945092,0.17891030791196083,0.3826528244398033,0.34107675010972327,0.20431357820450954,0.17637616083968444,1,1,0,0,0,0
261,0.37971286802619714,0.42243454834990174,0.5596608209279833,0.7901469979922717,0.23804217778962417,0.1065871513862901,0.0014158103358692374,0,0,0,0,0,1
262,0.3250076939274665,0.23351530551174182,0.09604171677421669,0.2441155402201438,0.16702673237364804,0.08633068814202385,0.04167167721339484,1,0,0,0,0,1
263,0.27531842061216666,0.12416229918286767,0.1487260315332143,0.3141701221788391,0.156986310154855,0.11026691975514757,0.17540676185570986,1,1,0,0,0,0
264,0.418787221061384,0.35745941990118046,0.6077763506010349,0.7209499883975503,0.2699961722142839,0.16741003430884263,0.17983513977723678,1,0,0,0,0,1
265,0.42458601270982826,0.2829856770774147,0.07587724460501605,0.14837616150609867,0.18337197860448157,0.09605180843581972,0.011079169663540844,1,0,0,0,0,1
266,0.3188363542122228,0.12237742635884427,0.18184255909279323,0.33420503041859606,0.4681722623816844,0.23385871153487728,0.017830361417353204,0,1,1,1,0,0
267,0.5231762692280697,0.36720803768536237,0.21249046890432066,0.24178697902478885,0.09583392620590284,0.07652172639979009,0.08828564427311526,1,0,0,0,0,1
268,0.3080162625330029,0.14063828143111043,0.44426215246682677,0.5418908966171292,0.24461554802468227,0.09844492481954495,0.135291001209338,0,0,1,0,1,0
269,0.4588442371133464,0.27107036308070864,0.4354377651435678,0.639375687319027,0.3507935140074913,0.15269771786790784,0.0016943211030614632,0,0,1,1,0,0
270,0.4243052518478924,0.2688339689480614,0.24953611069887882,0.32301421552306864,0.15273165618868784,0.07684155936589736,0.0,0,0,0,0,1,1
271,0.318485403134803,0.15595061144773187,0.19577407849017214,0.3697872211628679,0.2551589933925605,0.18902972926252035,0.07359888096529223,0,1,1,0,0,0
272,0.2700757514402492,0.11851828282506882,0.5240940981408607,0.5335653823259381,0.5181048252144864,0.1779769100869574,0.015615888840737219,0,0,1,1,0,0
273,0.6117347241794494,0.5502620490279412,0.6131035294478874,0.791490864332052,0.39811376339474497,0.095535458383143,0.0,0,0,0,0,0,1
274,0.21263315893764406,0.09400279700783798,0.21107909913874723,0.3818275371530615,0.29483068561454007,0.12673944368208828,0.024338778001393124,0,0,1,1,1,0
275,0.2763874715864608,0.14543986205872506,0.19426957264869793,0.4274887254456854,0.121612359539303,0.2310111845813482,0.03600616694309759,1,0,0,0,0,0
276,0.24303092148954436,0.11871222486367239,0.22017265995609303,0.380745987065791,0.2106254120881874,0.2085964119020658,0.012509160792036974,0,1,1,0,0,0
277,0.0808645274848686,0.0039318717982517945,0.1174988357990513,0.35894750648223805,0.26392883124274785,0.27600627728504606,0.022871349580361987,0,0,1,1,1,0
278,0.3325612409630097,0.25099887725741715,0.13222764094507533,0.18785677532612965,0.3363290933759267,0.07848633417927652,0.04555267653952357,1,0,0,0,0,1
279,0.30132659507264686,0.22187272250682205,0.17228741178938967,0.3161152980820645,0.13729325447961158,0.1046056510205656,0.03153524664369,1,0,0,0,0,1
280,0.20140272446021024,0.16253100421066347,0.47107306064591414,0.5778705973748197,0.3208536162554637,0.10007618556393365,0.0915426887236606,0,0,1,0,1,0
281,0.07362953604267565,0.307736014582017,0.3891603936278548,0.38624453928185876,0.37114691282067735,0.11732407919920132,0.3492536365224613,0,0,0,0,0,1
282,0.33715060120619184,0.16221887874228588,0.21767743190064126,0.35730903881271625,0.2987576731070999,0.17909632546833285,0.18462768045342232,1,1,0,0,0,0
283,0.1984979293886432,0.10795450240988133,0.1165470055728125,0.22649797713812958,0.2937494864554504,0.08648159524575053,0.05520922908673427,1,0,1,0,0,0
284,0.5136303999222509,0.3320151335396998,0.22262183171027528,0.3228568257715627,0.3548307256960659,0.11544618669573692,0.7296687139949676,1,0,0,0,0,1
285,0.24994735733838702,0.12680172911448792,0.1719312430595713,0.295733325262064,0.4030107238122342,0.0921805907562642,0.026652516126397376,0,0,1,1,1,0
286,0.29460993137556624,0.11441216622650915,0.1811926535082108,0.4164916210135494,0.22088327658457307,0.24343455558702584,0.0,0,0,1,1,0,0
287,0.17056762287337146,0.09676950140229185,0.44272591895114455,0.6998012449932907,0.4661240964121024,0.16895514286341726,0.0,0,0,1,0,0,0
288,0.30689861833260446,0.15734456985019493,0.17578871415924224,0.3476477294510527,0.25121597328967127,0.06234659420122561,0.22209957412243583,0,0,0,0,0,1
289,0.27955682977792895,0.43084072358562464,0.5535691074800552,0.6204929527729854,0.15124663565692623,0.07353624332531686,0.0,0,0,0,0,1,1
290,0.1481715448866428,0.17314630047985502,0.3949409711738727,0.6475095089641534,0.34491455620732575,0.1125051874316906,0.0007646283384422003,0,0,1,0,1,0
291,0.10626798624271776,0.01877146809577706,0.24368696043763727,0.5046762916553165,0.3006204620197482,0.12835212258161513,0.0,0,0,1,1,1,0
292,0.34458536480014684,0.20400732737264599,0.5140558714108069,0.7301411463220233,0.21457444441995022,0.11655096183570607,0.34761376966308705,1,0,0,0,0,1
293,0.4823417615584387,0.3646443663625716,0.46664142099041517,0.7218559883773723,0.2854977023265322,0.07014308583629845,0.007247519495753704,0,0,0,0,0,1
294,0.14826873133885138,0.032924691397306936,0.0975134714681214,0.27766780673345626,0.13494547910449858,0.2086189353503832,0.0,0,0,0,0,1,0
295,0.1969213491639265,0.08390871996739349,0.11455225599115726,0.2572656557401858,0.2429331259782398,0.15988663948461845,0.005290570113242138,0,0,1,1,0,1
296,0.5325331648768162,0.33800006363723145,0.26110647705116863,0.5010482561013752,0.23541884192447443,0.16998953222739446,0.2898009470500548,1,0,0,0,0,1
297,0.33655128475090573,0.18407675256177736,0.11780280738743076,0.18928337217631686,0.24359346911618235,0.1796909445039126,0.3570610137111248,1,0,0,0,1,0
298,0.2498663686282132,0.1068696391314427,0.2606878764462959,0.5423933331315514,0.45226991701120084,0.21613501005390423,0.12425153776515246,0,0,1,0,0,0
299,0.18662498447716386,0.059894756140614035,0.27259496553453455,0.5609310209146765,0.3992510766899875,0.19010466083346894,0.012666851206048052,0,0,0,1,1,0
300,0.18643061157274676,0.07647073975251178,0.32173499204249467,0.4592733839805483,0.3414384858802806,0.14438994395602972,0.23015823495644794,0,0,0,1,1,0
301,0.1266177494857217,0.004515213086239055,0.18985328509362231,0.3612074618884753,0.6338562636402444,0.28536927475059504,0.0,0,0,1,1,1,0
302,0.14396553120495004,0.027568557753060267,0.4305803605696653,0.4964456147784939,0.44332772859997244,0.17494975863309695,0.006114190549012223,0,0,0,1,1,0
303,0.4860132497529844,0.27598406644939094,0.20438455988086768,0.3127435253286519,0.2168891525362588,0.10812493982016153,0.13441519545670094,1,0,0,0,1,0
304,0.16409392530681222,0.08496176463012375,0.07166667519561137,0.11871828243389115,0.0939380700344501,0.0,0.09411508450617943,1,0,0,0,0,1
305,0.21092699677664933,0.10249533705762653,0.16820989391698615,0.3097349596940988,0.19545255048769203,0.07025513999167758,0.020391979797475594,1,1,0,0,0,0
306,0.4294777308043259,0.3444940915860974,0.14247465624088473,0.21846504635935293,0.14280646835663743,0.05225721552744003,0.1343363502496954,1,0,0,0,1,0
307,0.35620454508641497,0.1637143536805805,0.4506690957101114,0.5724931141983716,0.9740452079529767,0.35929686299042696,0.022402816191969363,0,0,1,1,0,0
308,0.2806960709677071,0.27147188370750513,0.45440067958631214,0.6285601864463208,0.31324313653972186,0.08604351417597682,0.0,0,1,1,0,0,0
309,0.2721382639260087,0.3122936524892006,0.41377185755297763,0.7222534983907904,0.34417304797959053,0.1471124657713971,0.027724584048990666,0,1,1,0,0,0
310,0.18447068478654072,0.0748434448348538,0.30254077262004064,0.365961439510881,0.3740157480314962,0.1096266907367251,0.0024771008560660894,0,0,1,1,1,0
311,0.2041293443693949,0.07583739778269705,0.11917221474518075,0.2321680438269922,0.21435900621864878,0.0764423312444712,0.0,1,0,0,0,0,1
312,0.31484631042432687,0.14960810071652494,0.4874465874839443,0.556055974252651,0.291385678470008,0.21576506241529073,0.2147726421879715,0,0,1,0,0,0
313,0.7338009081534034,0.4031297396479649,0.6629456586818687,0.6752242299504625,0.24347322453871179,0.06032511471473771,0.0,0,0,0,0,0,1
314,0.39433942908358577,0.17805394315983095,0.3142667069232856,0.6527154776678066,0.8145437820526954,0.19025444176477974,0.027813072194982497,0,0,1,1,0,0
315,0.274216974153803,0.12635626849457038,0.2087783310219894,0.38791730984593964,0.3894862149612312,0.2088019383679622,0.0,0,0,1,1,1,0
316,0.09289944981669555,0.1186637393540215,0.12870075174118406,0.12014689710140525,0.15149113296444972,0.11974703915194712,0.0,0,0,0,1,0,0
317,0.27910869224830054,0.13733066056961385,0.24573186021400828,0.5078704964839533,0.3773715737810708,0.16532323682223424,0.0,0,0,1,1,0,0
318,0.15671315418630644,0.04197026929155095,0.3262024532656477,0.4543902660492145,0.22913105256090893,0.10576166700545687,0.01247058903609182,0,0,1,1,1,0
319,0.15123831737855742,0.07100399853937403,0.07868872592918591,0.1291524158317946,0.2024147115232383,0.1286162100131368,0.0034453653766305077,1,0,0,0,0,1
320,0.1425617268952708,0.03682322940767375,0.33235966900871494,0.38175086009463555,0.23458614822549073,0.12499387643748869,0.0,0,0,1,1,0,0
321,0.14619542035840205,0.03516714621866055,0.12977130487736238,0.23154050263829606,0.2518622878935756,0.11095670035986838,0.03661537379434901,0,0,1,1,0,0
322,0.1760802544125349,0.10099834694715534,0.31861953912994534,0.4763340294803111,0.5187030419874025,0.11462013922869577,0.12737244660647962,0,0,1,0,0,0
323,0.4661440195236784,0.20755586061022047,0.19722536371684596,0.5695995641514573,0.45744544403316356,0.2359376258145746,0.06969632683437062,0,1,1,0,0,0
324,0.16634541144964393,0.043046041536930056,0.4999268216546494,0.44819354903800557,0.4085018928500571,0.31520608673667333,0.0,0,0,0,1,1,0
325,0.10509634956887011,0.009581948844756973,0.1663082804112317,0.3549058183762621,0.4780854257559878,0.10769755738833861,0.0,0,0,0,1,1,0
326,0.32209210036120967,0.25181100954406954,0.27553847492234396,0.31058042515411066,0.2023986789129089,0.06282521747797065,0.0,1,1,0,0,0,0
327,0.3335169077430606,0.15193085966323783,0.20734546831582346,0.4000988730490227,0.19556277468370672,0.210371259629478,0.06074314160145393,0,1,1,0,0,0
328,0.4464475652094098,0.2481624749428401,0.39059427980738226,0.5360715114460688,0.3822885749614717,0.2709058424135677,0.046374028048473355,1,0,0,0,0,0
329,0.6968160638407006,0.5653577094233102,0.36879736762651416,0.5127818638578647,0.04073084654186616,0.01695002103126986,0.6756302511475097,1,0,0,0,0,1
330,0.5615163246243474,0.3324015024447303,0.6303449616965094,0.909587659029228,0.4000897826178448,0.11161494813694481,0.18031445056802584,0,0,1,0,0,0
331,0.4173294242782556,0.2574504803853386,0.2881005869619728,0.43176448036159276,0.23153594411032047,0.0720648990639818,0.08562873096654014,0,0,0,0,0,1
332,0.32714579587605486,0.14527167794712353,0.18258355380655333,0.37174450397005554,0.28502173420737786,0.1480055204971826,0.0,0,1,1,0,0,0
333,0.14979671833746377,0.030147380797616925,0.23236734505892653,0.3905102051111311,0.49318714264814634,0.19914444681566304,0.0019308567240780784,0,0,1,1,1,0
334,0.3051762584295749,0.14175647849743403,0.1715934968502607,0.33920114612024177,0.15282284165993634,0.16368747138818204,0.15559222393400146,0,1,1,0,0,0
335,0.18847152706912657,0.06598271794615382,0.17418288445497487,0.18918046349263995,0.3278127711765732,0.23818208743940486,0.03647696925831052,0,0,1,1,0,0
336,0.29721236859581773,0.12074255558030336,0.43300906285661656,0.595252075829575,0.31866115679291684,0.15784432580843694,0.0,0,0,0,1,0,0
337,0.5402108946012927,0.35862004178844864,0.2196077026605191,0.4132711845596617,0.2507901070777963,0.10005197285699242,0.2979866677860039,1,1,0,0,0,0
338,0.3761115700471354,0.7205992202923979,0.5732228664418437,0.847037339709636,0.4446353883799649,0.19993670911022807,0.0,0,0,1,0,0,0
339,0.9283303907435304,0.789835012901691,0.285797771898492,0.423019260066386,0.39934226216123603,0.04189530312901375,0.9658061383546197,0,0,0,0,0,1
340,0.5176474399468715,0.3390546234721382,0.1243479195345244,0.27898140581333164,0.2622574316159068,0.07723628279766004,0.01801698064832315,1,0,0,0,0,1
341,0.31700061011494995,0.21437262023270015,0.36822626949077086,0.6351402887496593,0.2309647823673352,0.07536739967352261,0.07734147575538246,0,1,0,0,0,0
342,0.5021408015722609,0.31555127266886973,0.22447022460122923,0.4252913223765853,0.40185437179222544,0.4126126805887855,0.0,0,0,1,1,1,0
343,0.2842325779786298,0.1992012012285016,0.21994442539646797,0.29235146342201634,0.30555850600120654,0.04839444414100354,0.13418092876250462,0,0,0,0,1,0
344,0.2488999033534725,0.10139380688524541,0.26316058808779363,0.5578215644137736,0.36671690217903224,0.18869244062396706,0.013867113493988479,0,1,1,0,0,0
345,0.18727829340589924,0.07323736232766812,0.3435953595717788,0.4785193256454492,0.2869416392943247,0.0840535675171333,0.0,0,0,1,1,1,0
346,0.3277343138366512,0.14845960020666948,0.5134448578139633,0.7666495152193871,0.4986041608631958,0.08507894750178358,0.3597247337981608,0,0,1,0,0,0
347,0.4710033421341065,0.32281197773909037,0.1997093335653206,0.27586387804312074,0.14071922289937738,0.06891555790299939,0.05592394103512979,1,0,0,0,0,0
348,0.27081004907915834,0.12458654739231292,0.1740283399773812,0.1850782408668542,0.4927492519785245,0.4317654948654984,0.0015156431159625808,0,0,1,1,0,0
349,0.2364762352128113,0.10363171619006925,0.3810462968175097,0.4111585298182956,0.5256030766579223,0.1619244484711365,0.0,0,0,1,1,0,0
350,0.3006192936704623,0.11694250376141493,0.19354188308863796,0.40833358556049903,0.5726648002036143,0.34512792474014986,0.0,0,0,0,1,1,0
351,0.10670532527765629,0.007537981578536669,0.23410110893338731,0.3985572606111967,0.18722882342685024,0.1159873125415628,0.0,0,0,0,1,1,0
352,0.337544746262371,0.4025070038833863,0.5367309237358825,0.8037208551509829,0.27768982109610957,0.12777777464952106,0.14455673111175146,0,0,0,0,0,1
353,0.6107196656786045,0.4360953406940397,0.5327833869803954,0.7981173764339113,0.2764032041171744,0.10358759115661849,0.005093173479875753,0,0,0,0,0,1
354,0.38824907807851583,0.2668187899531963,0.2380486456888744,0.38002360846272576,0.4561788678171402,0.13269520650342048,0.5790618895168774,0,0,1,0,1,0
355,0.467855580932018,0.327402949434159,0.3177864318136461,0.45742304549169144,0.3209578282226049,0.09468013043328921,0.8133246130912539,0,1,0,0,0,0
356,0.21898267381527015,0.053855279844725164,0.2100597196706463,0.4025061291201306,0.3148073180849849,0.154098676353251,0.11976927283164336,1,1,1,0,0,0
357,0.46284507939593217,0.3032011042574823,0.2885928776488771,0.3979599866824055,0.41906237286641035,0.1663435490310131,0.008937869976879636,1,1,1,0,0,0
358,0.23029949625022272,0.07934350619932695,0.33700726154350025,0.2814774458468273,0.37843473625353974,0.20880756923004154,0.0035826354492588556,0,0,0,1,1,0
359,0.5026105360912689,0.3036783834931083,0.1820298547179563,0.4399083910933541,0.22199854504061267,0.2932913346100375,0.09585364968223681,1,1,0,0,0,0
360,0.2171793252020668,0.09275884065085735,0.20694119633801233,0.2752908179222534,0.23484266999076125,0.5504342239292493,0.11726381039032349,0,0,1,1,1,0
361,0.2345217076739502,0.08980425490650631,0.20766172158454155,0.26929588264374416,0.24906860554367588,0.27897374160086535,0.019208167228982363,0,0,1,1,1,0
362,0.3374043658314031,0.15198692103377168,0.14078387824760896,0.33143456722862863,0.23784678035123447,0.23377481168989492,0.008708708368029007,0,0,1,1,0,0
363,0.39839426383962073,0.24399423628504024,0.14849984392031235,0.2858480381771037,0.5027706354725513,0.09278534534358675,0.009683779669054335,0,1,0,0,0,1
364,0.48761682621442576,0.29579494265830897,0.3600906797398331,0.4615353572041121,0.4196635957537633,0.12285583810595818,0.012673657986508961,1,1,1,0,0,0
365,0.5995378244272749,0.3896871320972559,0.07350790377303462,0.17452707406398493,0.13411378744366043,0.06464004432614628,0.15892244127450156,1,0,0,0,0,1
366,0.3612474421065703,0.1635082902645642,0.1529611643032961,0.3223886921516994,0.24634807197840414,0.13545658126713542,0.0,1,1,0,0,0,0
367,0.32993720675337856,0.198016336586408,0.20377559323074723,0.2934955658464238,0.4011779960439535,0.0746089225514337,0.0471517027161323,1,1,0,0,0,1
368,0.44053538936672226,0.2715340057667453,0.3325346829535394,0.47155180241532735,0.19250455426337176,0.1330319320557658,0.034732164533497305,0,1,1,0,0,0
369,0.3106510952373239,0.2314243679080472,0.4724649844176182,0.5746642856422206,0.35692799153478183,0.16332202843923202,0.05415474534699833,0,0,1,0,0,0
370,0.13236254866071667,0.011468338204611885,0.2222011841586793,0.3874350515047871,0.5154514282049689,0.20459399513606133,0.008686586331531049,0,0,0,1,1,0
371,0.21090539978726963,0.8152096013430485,0.5483268769222109,0.8705227155785586,0.49523631065587415,0.1722475079212152,0.21064943492377544,1,0,0,0,0,0
372,0.23206505013201156,0.10592417169325036,0.2926048932261416,0.5133629952480401,0.2795165366355167,0.16591335116815048,0.03836414914109775,0,1,1,1,0,0
373,0.4686492702917214,0.29308581480656554,0.16946057836479667,0.32818184569750886,0.31239441023040876,0.11337740796778245,0.002201426247399243,1,0,0,0,0,1
374,0.0623451090917926,0.12804113995493877,0.1536387036686403,0.21325907765569974,0.06298611375537846,0.030419043125083412,0.20355960584203278,1,0,0,0,0,0
375,0.3669598457974958,0.19139957969123822,0.16029025704533484,0.33643673638225513,0.2491287278324112,0.24700958992120733,0.0,0,1,1,0,0,0
376,0.21181247334121622,0.20058152308137533,0.31101001468684286,0.4809306173512111,0.34607191026548006,0.08987813125201655,0.02917669721398476,0,0,1,0,1,0
377,0.14349579668594198,0.02469882165059826,0.07919943913659794,0.12669471432751178,0.2934789361561416,0.3990693311155245,0.0009245876792735804,0,0,0,1,1,1
378,0.23145493518203558,0.11517429783133407,0.4017040831469759,0.501704046732649,0.45157249846187153,0.1782207264149934,0.0,0,0,1,0,0,0
379,0.45210057717954116,0.294478258036852,0.3689068792761997,0.3392556271880707,0.16902880458853312,0.06670319219202141,0.21466203200548173,1,0,0,0,0,1
380,0.31782129571137785,0.19974817838425069,0.17125472716758872,0.3241825317554,0.28921125569408185,0.08102923149431254,0.03832217399492214,1,0,0,0,0,0
381,0.2308016262533003,0.08550268109716647,0.24684232881128687,0.4763178869416951,0.3023018820280451,0.14772622973804667,0.18065705851789166,0,1,1,0,0,0
382,0.4176641776136406,0.17833879552902993,0.18645228311320128,0.35613668694573053,0.28701779419338946,0.13652194037254908,0.0,0,1,0,0,0,0
383,0.11017704132043991,0.013575942702248968,0.3712598445343964,0.5315213333736897,0.18612157127597537,0.12656995473349975,0.022154368705146154,0,0,1,1,1,0
384,0.18804498652887786,0.04839762966464694,0.13173023289136343,0.23219427545224314,0.3271063342839336,0.18013296717714186,0.04160304217708067,0,0,0,1,1,0
385,0.06845165783889726,0.0006712212742294929,0.2967049275124992,0.2480341414691727,0.34004865897234987,0.12006518285943057,0.0,0,0,1,1,1,0
386,0.2958841537489674,0.2124407757075475,0.1950269429362428,0.26984674677401443,0.18048109855445982,0.07698739869375261,0.009224889219648,0,0,0,0,0,1
387,0.032444077295624985,0.7199204231572853,0.13046726676321435,0.17472280234470372,0.07195335312024659,0.033486173699707245,0.20524882185974858,1,0,0,0,0,1
388,0.1765661866735777,0.07726923548957487,0.13613935613290834,0.3638124640576288,0.2931803287887564,0.173137747215961,0.0035514377054796853,0,1,1,0,0,0
389,0.15542273407087054,0.032248924606547665,0.3312010971634436,0.6070825388177608,0.41613642148129304,0.15715116668646853,0.030552234098793613,0,0,0,1,1,0
390,0.4031348030084606,0.23413652610414387,0.18916960488810886,0.18608311389569887,0.17062204524001823,0.20891005091988576,0.0,0,1,1,0,0,0
391,0.14090955720772524,0.040455097114960654,0.35029399272310446,0.2899986884187373,0.22269896970437875,0.12709306182067168,0.0,0,0,1,1,1,0
392,0.8153781362878015,0.6508179656995322,0.6497152185371495,0.9181230263224269,0.3541964355499086,0.08022176587213325,0.145503440827523,1,0,0,0,0,1
393,0.5711647796297197,0.45241980572462354,0.24434095991566573,0.37420422329166514,0.30280791129156714,0.15360541283509963,0.3427826572309563,0,0,0,0,1,0
394,0.4093439374551187,0.15690971543551352,0.17912626079124727,0.4129079774408022,0.2568083481801986,0.10546998834974634,0.1115688040713623,0,1,1,0,0,0
395,0.28632748594845875,0.155055144691367,0.22055134509986551,0.2877346973778463,0.2659078565802844,0.10627970631675737,0.6804449138601933,0,0,0,0,1,0
396,0.08779176182840111,0.0042621793327484725,0.19789062140185154,0.17478737249916754,0.4305096566416091,0.23933641416567233,0.0,0,0,1,0,1,0
397,0.4955159250800438,0.32024376089976986,0.3219407101881656,0.3725455774488735,0.18677890829948118,0.05492230254959804,0.07337312274667206,1,0,0,0,0,1
398,0.16433149218998871,0.042755128479024705,0.3139647822816293,0.4249462756136686,0.29174541016427424,0.21870944019658464,0.007559496933545403,0,0,1,1,1,0
399,0.49960855456749326,0.2998374220254519,0.21552916131475397,0.4730510406892863,0.25271001216474315,0.15981681679483448,0.0,0,0,0,0,1,1
400,0.24878651915922922,0.09311490611235607,0.3631907805519592,0.4561740165662802,0.6231815512752941,0.13486196223155567,0.013289671618221297,0,0,1,1,1,0
401,0.15287968857141315,0.5612546231691038,0.4645259015520974,0.9351150660330718,0.1786333402139953,0.06986886285303393,0.04343349888936032,0,1,1,1,0,0
402,0.1300894655285053,0.03838082640520856,0.2863606822473429,0.2810940605546979,0.2780806159728889,0.1407433976734404,0.009185750231997768,0,0,1,1,1,0
403,0.3101273682448667,0.1495217359024593,0.1598839381208006,0.23320116629841492,0.18757953677780612,0.07142973782143072,0.1332642823271021,1,1,0,0,0,0
404,0.392833039074353,0.2540337671271275,0.08678337674566178,0.11184357880081108,0.13796462003715562,0.045524393739157065,0.10585110848419807,1,0,0,0,1,1
405,0.5052669657849697,0.3397758454281953,0.21476360324031674,0.2663034595478071,0.22009266848770404,0.06537318256887811,0.49396919251163396,1,0,0,0,0,1
406,0.31859878732904634,0.14394893263696018,0.15423641211178385,0.28592471523552965,0.30610261271426087,0.23398653210407863,0.21317248154795262,0,0,1,1,1,0
407,0.3165740695747013,0.2731370579295778,0.3812530384365421,0.6262296074336389,0.28192343226121935,0.09745614543841047,0.02271479362976106,0,0,1,0,0,0
408,0.13306985006290123,0.030432233166815904,0.3551032940490142,0.5679732033858973,0.5214907121084286,0.12577093540443948,0.0,0,0,0,1,1,0
409,0.32974283384896147,0.20173456910776055,0.2021298480653796,0.3825943077373204,0.3831012278975437,0.08936459663037952,0.09774253126013926,1,1,0,0,0,0
410,0.18148490100479991,0.11638340522825313,0.2851202325331479,0.47200984694855563,0.4296078223105798,0.13004419663646083,0.0,0,1,1,0,0,0
411,0.40968948928519366,0.23047283978114852,0.632463551554912,0.9040184832067151,0.47806839110751276,0.1543790932848028,0.018545073365748736,1,1,0,0,0,1
412,0.14459724314430566,0.049011274396166,0.2494071530553239,0.5732235640707446,0.24218059533090314,0.11914172147841662,0.0,0,0,1,1,1,0
413,0.5166863739194757,0.3280514431257396,0.09796789364064828,0.2524430723286619,0.13931837357184518,0.10395697570902407,0.08558789028377468,1,0,0,0,0,1
414,0.4085016548693112,0.2555337875819519,0.2168678644716575,0.3889080581534954,0.2679089267570238,0.1260913314567547,0.31784942040264375,1,0,0,0,1,0
415,0.12087295031072669,0.029118578889712123,0.2978686167245782,0.2838544346580303,0.29048885432970667,0.09426851441528845,0.36181328093625,0,0,1,1,1,0
416,0.25646964813105055,0.08106474179193351,0.2547548013694074,0.5009372761483903,0.44635187972335744,0.3853914040385669,0.007621892421103742,0,0,1,1,1,0
417,0.22371241448942014,0.08998304522334397,0.1383695045877194,0.14646125286277822,0.14108196070808027,0.10946733733987937,0.06629747445755632,0,0,1,1,1,0
418,0.33749615303626673,0.17558724285634197,0.18550864067385486,0.32277207744382885,0.2626472244545406,0.08177250528878721,0.1458386747652228,0,0,0,0,0,1
419,0.386208162582136,0.41154349074457075,0.27464702962443654,0.3908673587780096,0.1985678870823255,0.11333968119185078,0.7261881802526223,1,1,0,0,0,0
420,0.5334510369254526,0.33861673871310366,0.15440937910988528,0.41645530030166356,0.2541168737211489,0.2986530414819979,0.01946228703285633,0,1,1,0,0,0
421,0.20388097899152857,0.07708135413967768,0.21352929436629098,0.49129614495999663,0.4424068555441769,0.16713412206695433,0.0,0,0,1,1,1,0
422,0.37234829464772606,0.20307701165621955,0.24676556830917085,0.43421814623122157,0.27268464055889685,0.08360140929216123,0.41015163237940094,0,0,0,0,1,1
423,0.20959338268245403,0.0805071584309483,0.12516158085695428,0.29070896011784053,0.25424613664192974,0.10301042779348475,0.015531938548386,0,0,1,0,0,0
424,0.2838654291591752,0.12073649489159702,0.20476426849800167,0.271713227801487,0.2169633033590323,0.3354186292567206,0.0480876350295074,0,1,1,0,0,0
425,0.3244947654296991,0.17127051732523627,0.19106098366024782,0.4095846323032375,0.328367900309229,0.2762591029924091,0.0,1,1,0,0,0,0
426,0.1553579431027315,0.08927091430034653,0.2637910476785066,0.5150135698215239,0.3510981336037501,0.13416880310958726,0.0,0,0,0,1,1,0
427,0.40123966719039367,0.16754773928735392,0.22590001688731043,0.5372539523996891,0.4835014419328916,0.4183803726166673,0.0015451391646265232,0,0,1,1,0,0
428,0.40575343797074687,0.21007559193989012,0.23620946405817422,0.30026534297850005,0.2887743670626054,0.14220291712440883,0.0,0,0,1,0,0,0
429,0.3406817089697696,0.19592388381053683,0.28999503615419653,0.39023578195465936,0.16602168811362317,0.06446886611893395,0.07028851673446976,0,1,0,0,0,1
430,0.4231714099054592,0.24190935937005204,0.33598174123523006,0.40257271709192155,0.23058901806273968,0.04550299646325552,0.13385420330038095,0,0,0,0,0,1
431,0.816026045969192,0.4958658527161734,1.0,0.8481774064993894,0.24747837100662756,0.0955754375039064,0.005023971211856504,1,0,0,0,0,1
432,0.39313539692566857,0.32673324333210607,0.4055953288675779,0.610863928488554,0.2385381866716903,0.13306909574548956,0.23403015857529547,0,0,1,0,1,0
433,0.2438732040753519,0.14130647236098673,0.33614242655299287,0.38900693120251817,0.42436415669471717,0.1502471666909732,0.5264375353101737,0,0,1,0,1,0
434,0.15556851374918335,0.048443084829944645,0.3145512325177956,0.4904627864039468,0.3906606036678605,0.21165397001115474,0.03644463705112119,0,0,0,1,1,0
435,0.19996112541911654,0.06077355600303639,0.45409466105120955,0.6328056741023234,0.34328624422074505,0.09428597008773446,0.003419839949902096,0,0,0,1,1,0
436,0.12683911862686342,0.047499132563928896,0.16495115473382016,0.22703471654711094,0.3664012601631719,0.2388465291647686,0.004261044568529531,0,0,1,1,1,0
437,0.19022628245622558,0.09374673290999422,0.32567945837789714,0.31487232260863407,0.14749099668726193,0.047642160967201905,0.2720511325348224,1,0,0,0,0,1
438,0.6625146454584231,0.3174528137504905,0.3611172235214648,0.3694885841984725,0.18668371467565031,0.091415919685888,0.36195679055763413,1,0,0,0,0,1
439,0.4095437096068808,0.26904609305278404,0.19168734935751464,0.31557250522110225,0.2967586070066516,0.22846828726631216,0.3692417473459229,0,1,0,0,0,0
440,0.18059942444023303,0.0462991162000694,0.22130052760051788,0.4406630547736514,0.355037145554057,0.25439390245207155,0.13878685020772025,0,1,1,0,0,0
441,0.08452521718472446,0.843997872698264,0.06900052708878124,0.19088148349929868,0.05078629933284302,0.02069454431403993,0.7433628218189079,0,0,0,0,0,1
442,0.10263429277958654,0.018241157833970463,0.3779482429521066,0.47966544588718363,0.4040438251403355,0.17329372209555913,0.03284611911412021,0,0,1,1,1,0
443,0.3553406655112277,0.14075494968870786,0.22415294785914963,0.5292936630446845,0.6259762356633394,0.2848872729566024,0.04299843217156717,0,0,0,1,1,0
444,0.6831019755846036,0.41448595511150904,0.46239298306663335,0.8028431046137392,0.27496026918752753,0.060863425129523904,0.2970308823629511,0,0,1,0,0,0
445,0.0899568600137141,0.014203223983357348,0.15091217063347895,0.4197423247273424,0.36411460911493987,0.09323187270647948,0.008925958111073044,0,0,0,1,1,0
446,0.3865807106489355,0.22955464544213477,0.5818435825661548,0.7566693907200581,0.2057665291202306,0.060659587922251304,0.0,1,1,0,0,0,1
447,0.7071124285274634,0.42134059403840357,0.2048093013259098,0.37190592935621525,0.27112146105177937,0.21430835839536197,0.00809950151677758,1,1,0,0,0,0
448,0.23421395057528982,0.09777254538319463,0.35523429863929223,0.4699657979963072,0.45417779764040067,0.16978062724425047,0.0,0,0,0,1,1,0
449,0.24570894817262473,0.10528779937908245,0.15185478959946375,0.34705449115691533,0.29136162955451395,0.12708968330342404,0.081714832201517,0,1,1,0,0,0
450,0.09645215456965299,0.013144118631920741,0.30963548996228507,0.4596043060221757,0.3610644049997696,0.23550348634825644,0.003864549606681536,0,0,0,1,1,0
451,0.13566148878846285,0.051103727172037185,0.1263743967903876,0.16291857098176887,0.2730203233376689,0.12470951790248136,0.010307734544637733,0,0,1,0,0,0
452,0.0965331432798268,0.0,0.26579807894050034,0.3951895234924383,0.6267688478364996,0.225639342157645,0.0,0,0,0,1,1,0
453,0.4170540626636646,0.27774621169076547,0.20682349690143442,0.359744544326402,0.20127038396097666,0.09395994317333989,0.2561431193659711,1,1,0,0,0,0
454,0.6248872907116748,0.41804964007084944,0.18269204198287736,0.2529999899109132,0.2501818699234243,0.04671137946548477,0.18842189332867446,1,0,0,0,0,1
455,0.5351356020970677,0.28764180117607663,0.3098616775751869,0.44063480533107313,0.2317173130146719,0.17707484598184497,0.023671146284518885,0,1,1,0,0,0
456,0.3208178779878085,0.14504894763716475,0.18239421123466715,0.2527820656395975,0.24311148876815447,0.31122675650519416,0.07961947828296694,0,0,1,0,0,0
457,0.4419661899131261,0.25135494271891584,0.3074882428497593,0.48246617633705613,0.39057543042548554,0.140067694223918,0.0,0,1,1,0,0,0
458,0.16326784046303944,0.04643396652378592,0.20617870868365973,0.36114894518599217,0.35484074607752175,0.1261741051293212,0.00994754241191459,0,0,1,1,1,0
459,0.43596762611291984,0.6345889565160736,0.3646922159733488,0.22297486808519207,0.1143095055342567,0.02181395969541541,0.7411959967055183,1,0,0,0,0,1
460,0.09246751002910193,0.02059270505203859,0.3942286337142361,0.23398206160396295,0.2538743804899165,0.0931969613615875,0.0,0,0,1,1,1,0
461,0.40307001204032156,0.20986498300734407,0.20325771570980433,0.37741053502426425,0.1979666641949726,0.2573332124574941,0.23370683650340227,1,1,1,0,0,0
462,0.2446398971983305,0.10725449286429664,0.14303142574956634,0.29097329418767715,0.24710461077832313,0.1466310270636124,0.0,0,1,1,0,0,0
463,0.256437252646981,0.3242362395850852,0.4510017245526142,0.5559066557704531,0.20557714391071447,0.08296512187719426,0.02374148301594829,0,0,0,0,0,1
464,0.2819594948464184,0.11037271720371944,0.12887678915937018,0.3614354752464257,0.389267770645493,0.05191711145784708,0.3081542960994879,0,0,0,0,0,1
465,0.11822731911171584,0.023568503206861914,0.3078577167332778,0.5884621205242289,0.24952954309064646,0.2574627222853192,0.04417827411812487,0,0,0,1,1,0
466,0.47152706912656367,0.2737810061046287,0.3165828271404666,0.5718070563071924,0.28257275297956047,0.09854402799214156,0.11917935185836451,0,1,0,0,0,1
467,0.4917958436593938,0.2943282559913696,0.19447324384764575,0.22292442265201717,0.19450462240196564,0.09565708500405704,0.022153234241736004,1,1,0,0,0,0
468,0.21432852260394897,0.10486203599746058,0.3633402076627451,0.6058597415176004,0.4054997865658751,0.09264344761918704,0.0,0,0,1,0,0,0
469,0.12758961400780733,0.03382773401455474,0.44571139074677735,0.6255919771583078,0.4512919277811069,0.15326418259309083,0.023815790369313222,0,0,1,1,0,0
470,0.24179449384755763,0.09954529682980526,0.3356460419726426,0.5294833378734223,0.3957068677690423,0.10211568380907549,0.01978504187304447,0,0,0,1,1,0
471,0.28834140520811397,0.1084923885325709,0.3944609621673072,0.521260732265908,0.5196549782257112,0.41745296963219775,0.011012803554046973,0,0,1,1,0,0
472,0.44316482282369835,0.2280622008481934,0.17598829146474393,0.3637801789803967,0.43269009164640887,0.35946522576659967,0.007763133115667621,0,0,1,0,1,0
473,0.5371819168407924,0.5404467636679894,0.44335842548858073,0.5153303671418625,0.3366016477515267,0.08495169001879017,0.1521111229599512,0,0,0,0,0,1
474,0.5081987570932612,0.225966717727969,0.16765107746158137,0.44201297456541244,0.4835575560690445,0.1632640305598147,0.09091930107978229,0,0,0,0,0,1
475,0.2683911862686341,0.180672160680979,0.5320966363547973,0.6167801688913102,0.45888737692466486,0.10798923604404911,0.0034368569010543707,0,1,1,0,0,0
476,0.16058981377995907,0.09409976802713976,0.17288512023253322,0.2845243500105934,0.3009872079810335,0.15976613903612027,0.24591139386981353,0,0,0,0,1,0
477,0.3208556727192229,0.4840566007718287,0.15955437969838238,0.28553325867409207,0.12102917333857069,0.03883155107163752,0.2890306463945619,1,0,0,0,0,1
478,0.13799936288881332,0.022545761987663455,0.348826331922646,0.4226520173128725,0.6028000953940316,0.23343639687892578,0.1920402643753531,0,0,1,1,1,0
479,0.3999168515908882,0.3583942811341366,0.20217590436664912,0.43123581222191953,0.14572740955102684,0.14836702184267708,0.0,1,0,0,0,0,1
480,0.5086252976335099,0.29458735043356654,0.36093197484302486,0.46634986934632794,0.2032423950314941,0.21977254695716658,0.7806980126469981,1,0,0,0,1,0
481,0.1566213669814428,0.03319893756126977,0.2158075460690947,0.31735020228618693,0.449150572263985,0.15521471321737887,0.00528092717425585,0,0,1,1,1,0
482,0.3236686805859263,0.1668628814635351,0.14626355462533203,0.2545779230606252,0.22586941839701957,0.24146488003166797,0.0244613000496895,0,1,1,0,0,0
483,0.665970163759172,0.3642170878087732,0.1856703494649793,0.3277338902509155,0.21151121380888732,0.08326806225706349,0.09585308245053173,1,0,0,0,0,1
484,0.40172020020409155,0.20456036521710147,0.344785659091258,0.6477052372448722,0.5440746478336939,0.3030147072486651,0.0,0,1,1,0,0,0
485,0.13884704472196574,0.017303266256661072,0.31592166334890726,0.5445342373154958,0.32375652076323247,0.1801149484184879,0.015466139670597205,0,0,0,1,1,0
486,0.2684397794947384,0.12461533566366814,0.14994703525354003,0.24128857814502047,0.23810831230723295,0.12410138479791119,0.08467067661666709,1,1,0,0,0,0
487,0.5230520865391365,0.2873811915617031,0.3590846054254324,0.5437493063752936,0.3696548780218966,0.11299676169121817,0.06692993780871585,0,0,0,0,0,1
488,0.23160071486034844,0.12242288152414199,0.2795463966061623,0.3722933502829988,0.1386480100524467,0.05395886204782065,0.1445913322457611,1,0,0,0,0,1
489,0.2859117439028999,0.14566562271303699,0.4968461668363927,0.5818537687783123,0.5144684287841471,0.1438353040412134,0.002603026294592921,0,0,0,0,1,1
490,0.41806912116450967,0.26139750390535627,0.09831996847702051,0.3017242249059192,0.1225131918321867,0.15811685953307766,0.0,0,1,0,0,0,0
491,0.13754582611184002,0.017685089645161835,0.30041194802802274,0.47400950391960994,0.37657294937903707,0.17489401309851135,0.020973392295178306,0,0,0,1,1,0
492,0.221018190064305,0.12582898857711697,0.19843203881010996,0.2753796018846413,0.23750308126729774,0.1270423840619575,0.20672532598806093,0,1,1,0,0,0
493,0.1225953102137562,0.023182134301831393,0.24904177306525166,0.42002481915312195,0.25902786267267625,0.12220828896683253,0.0,0,0,0,1,1,0
494,0.3416643719865451,0.17826303692020043,0.2914197110734701,0.4573524218852465,0.3969904786335407,0.19971992092017296,0.0,0,0,0,0,0,1
495,0.2802317356960439,0.34947294735837303,0.6648994693290622,0.7865048377170414,0.24550635993611009,0.0891112078368086,0.11389275236705791,0,0,0,0,0,1
496,0.14748584047383795,0.12133498790135017,0.328838920644993,0.2534580344441417,0.16633532605319223,0.11197194479277583,0.10754542958725952,0,1,1,0,0,0
497,0.09835268963506487,0.39535236086552694,0.3255290077937496,0.48925814945972923,0.2981484339145823,0.11221407186218804,0.023064775591792836,0,0,1,1,1,0
498,0.19317427150655198,0.3752339047047611,0.5308746091611101,0.6997407104734807,0.267353797624368,0.12036530780826013,0.11507940109407652,0,1,1,0,0,0
499,0.15373816889925546,0.05920535280026545,0.21083039511189128,0.30526145868014565,0.26374345418581396,0.13182861682940797,0.03648944835582218,0,0,1,0,0,0
500,0.3708527031331832,0.18721164379514263,0.16352852676126972,0.26994561982303733,0.1971399827248624,0.1633997343359271,0.2217581006359802,1,1,1,0,0,0
501,0.14566629411859988,0.07759651267971834,0.20815298879808408,0.23531987449176217,0.12437998889741736,0.09483723148530317,0.026767096930822694,0,0,0,0,1,0
502,0.4421281673334737,0.33850916148856575,0.3055313617824812,0.5401555737159114,0.268035183563368,0.08450234722485778,0.008965664330428351,1,1,0,0,0,0
503,0.4701934550323685,0.4585517075232844,0.48232615025612424,0.2924846393655982,0.05262704340628841,0.01531538176963355,0.15977272160041023,0,0,0,0,0,1
504,0.5634222589371042,0.3298908621481202,0.49769769667319985,0.6984614142881642,0.5033918991228159,0.1385147024624323,0.3471815391038193,0,0,1,0,0,0
505,0.34187494263299695,0.13063662989343794,0.2484123369479001,0.6959653742546688,0.43523526853620276,0.25803200244154184,0.023079523616124812,0,0,1,0,0,0
506,0.2912246032903013,0.09397552390865935,0.17367421819428597,0.37426475781147506,0.2304537429130853,0.1514589282104501,0.019418042959860417,0,0,1,0,0,0
507,0.2561456932903553,0.14053221937874913,0.4743481754028648,0.5549360856361671,0.34183729706222465,0.14015103098269244,0.004205455861432101,0,0,1,0,1,0
508,0.5384453407195037,0.36602468821544537,0.24032894433840135,0.33680397913576865,0.26032450003306734,0.07980339281963729,0.06676657507765403,1,0,0,0,0,1
509,0.2277024582773161,0.0897436480194427,0.35903752565080116,0.5172674717757801,0.48879320537974247,0.1608495169001879,0.03085456859759902,0,0,1,1,1,0
510,0.19799040013822072,0.06677212265015733,0.255300312671112,0.47774851942653607,0.29692995552954715,0.09828275599165956,0.1282006048958903,0,0,1,1,1,0
511,0.33115743665333053,0.3506229630404051,0.6887893845342941,0.7637640364417808,0.17913335724864377,0.0849854751912663,0.043908271826508784,0,0,0,0,0,1
512,0.2601681325623208,0.1193182937343085,0.20712235112300614,0.3793758891007595,0.322597162628787,0.16429729375137603,0.0,0,1,1,0,0,0
513,0.39676909038879976,0.3849597949062942,0.5687922502597064,0.7085343583845352,0.2844565846932662,0.09384845210416869,0.022179326900169487,0,0,0,0,0,1
514,0.18176026261939088,0.47260795980551246,0.6215052222728273,0.711171645630921,0.22579025738351816,0.07439551287862621,0.19990096134429375,0,1,1,0,0,0
515,0.27156054446010225,0.36722621975148145,0.11686939968169985,0.0379127697569539,0.11412913866805086,0.02291423014572108,0.11050978247798574,1,0,0,0,0,1
516,0.27862815923460266,0.218104489303642,0.37917948140604774,0.5371792931585904,0.292755464615027,0.10360955151872796,0.0,1,0,0,0,0,1
517,0.08667411762800266,0.37593391425034584,0.26118119060656153,0.6565674909450447,0.23134856297709544,0.09029706739072045,0.0,0,0,1,0,0,0
518,0.5342933195112602,0.34949415976884535,0.1647526009016801,0.27751647043393146,0.2619227508752804,0.09352411444839794,0.28179503876461476,1,0,0,0,0,1
519,0.3376527312092694,0.22775765124069874,0.4430043037054854,0.5440661036956325,0.2098929222037625,0.04330132939022832,0.022562208301095666,0,0,0,0,0,1
520,0.37694305413825313,0.18454797110869695,0.4344327143025285,0.5850338488856603,0.28371507646553096,0.1407676103803816,0.016232469704154633,0,0,1,0,0,0
521,0.07351615184843234,0.0064440272670384866,0.26613684862317255,0.17105844607887633,0.2769322802580449,0.14839686541169766,0.0,0,0,0,1,1,0
522,0.06303621275194238,0.018091155788488016,0.23450640438455994,0.3323789057376635,0.2810877324477989,0.13968310634389813,0.04114131556914895,0,0,1,1,0,0
523,0.07568664928109022,0.4351241153288454,0.08891629523112593,0.27638245709615894,0.09371261145169277,0.03020563345227591,0.5563113602896965,1,0,0,0,0,1
524,0.2443429385943599,0.11356821532414835,0.3216316212329784,0.49200843447642684,0.3664553702230337,0.178154845328665,0.06399734989347389,0,0,0,1,1,0
525,0.2144419067981923,0.6507770560507643,0.3892862808513251,0.5963356437341725,0.1997232370641886,0.08028539461362995,0.06836560125426275,0,1,1,0,0,0
526,0.29854058344266804,0.24175481180803982,0.6282765220328229,0.700289556786424,0.29827068256834405,0.06829391072943876,0.0,0,0,1,0,0,1
527,0.28659744831570483,0.1371958102458973,0.47658855859129134,0.9464794132187213,0.28001855774645634,0.15314480831700852,0.37794648509201634,0,0,1,0,0,0
528,0.3124814400872518,0.26256721682568396,0.43051997564133404,0.5275704470474287,0.17479052392566485,0.07694291488332572,0.0,0,0,0,0,0,1
529,0.37490213864187333,0.21383927962654037,0.2315076274352269,0.2944177083648616,0.3050875480727801,0.07686351972800684,0.06113112808772579,1,1,0,0,0,0
530,0.33582238635934153,0.16238403250953423,0.14371305900835668,0.22358626673527238,0.1778246954305057,0.213846627704855,0.0,0,1,1,0,0,0
531,0.13466802727699761,0.023679110775753,0.35046184235439826,0.5018271335895961,0.6527977907062967,0.23030620064901314,0.0,0,0,0,1,1,0
532,0.49771881799677126,0.26546877154385434,0.4055021927916772,0.6606051434163664,0.30092107346342467,0.09953956440777126,0.09629268702196549,0,1,1,0,0,0
533,0.20294150995351246,0.18353583609473464,0.060491369560878805,0.11522947627551272,0.5430826300695616,0.4483776641720071,0.0,0,0,0,1,1,0
534,0.4426788905626555,0.3313863370864148,0.2088325751101513,0.3355408254890684,0.26989997655230746,0.09861610302675729,0.013780894274816956,1,0,0,0,0,1
535,0.13189281414170867,0.045767290766086204,0.1803902503927579,0.13498794354147103,0.26602409300517255,0.09511483298581529,0.1016751486714299,0,0,1,0,0,0
536,0.27921667719519894,0.1123909265429377,0.1824331032224059,0.36200248191531204,0.27578093842876417,0.20406976187647352,0.16433950405797562,1,0,0,0,0,0
537,0.19294210387072042,0.09542554368165626,0.28395449637434567,0.31204132489885683,0.20878967820546998,0.145171507612644,0.023833941783875646,0,0,1,1,0,0
538,0.2554167948987911,0.16253251938284005,0.6142948524407281,0.7432044956970043,0.21907259365549536,0.08278380811823909,0.009178376219831783,0,0,0,0,0,1
539,0.07737661370005021,0.3426425511863041,0.40638545030269224,0.44705146443092514,0.2353456931398465,0.07109470152770919,0.3606703090505222,1,0,0,0,0,0
540,0.12544071356452907,0.04037933850613113,0.3200135098483724,0.5244367767386018,0.5766659385189477,0.29337410828260396,0.008672405538904155,0,0,0,1,1,0
541,0.23763707339196916,0.10249230671327336,0.16413646993802877,0.3665385352664021,0.35036764779561635,0.16672644765240913,0.006698439205240314,0,1,1,0,0,0
542,0.158365323873852,0.1624370635357149,0.24278528040611425,0.4593359363176852,0.32304106552728257,0.11131932787777876,0.14620794260522718,0,0,1,1,0,0
543,0.2599305656791443,0.12721537111869707,0.16193907263078722,0.3713167266967321,0.22957495545940448,0.15557283604562575,0.0,0,1,1,0,0,0
544,0.34203152080599963,0.22126968398053914,0.5357842108764516,0.5021782338044936,0.2596240753693012,0.08765900850654335,0.5524746050365638,1,0,0,0,1,1
545,0.40704385808618276,0.2601883965084372,0.22773101073111823,0.37344754179404127,0.397943416909995,0.09209443856645008,0.051107009395625964,1,1,0,0,0,1
546,0.42871643692869216,0.21809388309840588,0.3110898456090434,0.42296276118123033,0.4065268756651029,0.10392037510550826,0.02401885931973036,0,0,0,0,1,0
547,0.25191808261928283,0.1541551324184724,0.16576788647633478,0.3290777565906957,0.1840353278568609,0.08277029404924864,0.22252329620612749,0,1,0,0,0,0
548,0.711188860272878,0.40809344369847467,0.07327148142651718,0.20533914464723502,0.16164678956998538,0.09987291144286899,0.018294356952105226,1,1,0,0,0,1
549,0.10462661504986205,0.0989589251974648,0.529851135799563,0.5610319117810263,0.25726828368902355,0.06812498486705816,0.3217009236801086,0,1,1,0,0,0
550,0.30978181641479174,0.1503899295596455,0.15184660181257137,0.3456561437493064,0.2923446289753359,0.13976137532680116,0.0,1,1,0,0,0,0
551,0.21147232075848627,0.2408002533367879,0.40878037796871247,0.6235358213020974,0.14489671992833428,0.05446507654875453,0.0024634872951442696,0,0,0,0,0,1
552,0.5600369308518393,0.37039292960055514,0.11862260955002996,0.3279962065034251,0.10572103658842086,0.2854728826128552,0.0,0,1,1,0,0,0
553,0.32798267921451746,0.23068496388587117,0.23588092910911762,0.27231050173027826,0.1391570454304055,0.08070714618337353,0.1667422975606768,0,1,0,0,0,0
554,0.19971276004125027,0.07875258905045673,0.1759309769564973,0.27419716093102076,0.30055031934955706,0.16129153957341713,0.008366667649868289,0,0,1,1,1,0
555,0.4423225402378908,0.307089036062613,0.1276762549062755,0.23147189684917813,0.2931592859876991,0.11277546881149958,0.12584829501494088,0,0,0,0,1,1
556,0.5703224970439121,0.35505029614040196,0.32100320858898856,0.44687389650614917,0.31032219534533245,0.13677814459715967,0.6110503542929231,0,0,0,0,1,1
557,1.0,0.9522705612652294,0.3489982754473858,0.6569569296891551,0.05375133020563828,0.005973218493778177,0.5927230979019233,1,1,0,0,0,0
558,0.3098790028670003,0.14882475670122775,0.4504408611504864,0.5438380903376816,0.24327081283330299,0.09633898240186675,0.04590833081860611,0,0,1,0,1,0
559,0.1418328285037066,0.0459854755595152,0.41350063711216767,0.579121644117558,0.541887198561875,0.08768491047210836,0.04502174766357261,0,1,1,0,0,0
560,0.3392131136919513,0.14227618255400454,0.1450548325853449,0.3724527578518315,0.2679199491766253,0.1931689759770531,0.06615226314105692,1,1,1,0,0,0
561,0.42237232129841096,0.13623367591376248,0.14594832482997555,0.294887859802052,0.8853187383137303,0.2978742932564233,0.0,0,0,0,1,1,0
562,0.36449238976086734,0.19571933556669713,0.42506997999109586,0.411578235822311,0.37311291166232124,0.11743613335458045,0.07946689295430155,0,0,1,0,0,0
563,0.16547073337976687,0.049576433618034176,0.2876748220435693,0.6742274281909257,0.38848618089193426,0.13967522313698705,0.0,0,0,0,1,1,0
564,0.1355319068521848,0.045646076991958974,0.34608035289361505,0.5131511244287055,0.49650689502447987,0.1311393993108951,0.0,0,0,1,1,1,0
565,0.6103579161064948,0.45985475559515204,0.7437949368772805,0.8593076868751071,0.23117621241605435,0.12063108449840562,0.0038078264361739544,0,0,1,0,1,1
566,0.6124798203130484,0.49518857075323747,0.2590789763219439,0.47266563757982993,0.12392105542673804,0.05025488097202194,0.12570705432037702,1,0,0,0,0,1
567,0.12097553601028015,0.003172770537780055,0.24893840225573538,0.1918096794697175,0.36464568933210156,0.22872843309437832,0.009946407948504437,0,0,1,1,1,0
568,0.5146292606810611,0.31673159179443355,0.38007092670395526,0.5349011773964101,0.24951351048031706,0.1288166687031618,0.5503299019596721,0,0,1,1,0,0
569,0.14292347646738046,0.047397616028097354,0.303364668676086,0.6705025374052886,0.5240338849219313,0.1279855534602492,0.0,0,0,1,1,1,0
570,0.1146746143587584,0.023556381829449184,0.3247225107848506,0.4715396955113651,0.35221640817422645,0.175271843944036,0.15427511191481544,0,0,1,1,1,0
571,0.44986528877874427,0.26899154685442683,0.33652418211685,0.491177093737704,0.18060535128451272,0.06686423484749092,0.2452573757138611,1,0,0,0,0,1
572,0.23584992252080061,0.1570112319713451,0.5697819490003224,0.5589737381074891,0.3191210923017418,0.08589485941708189,0.028018977303925018,0,0,1,1,0,0
573,0.2777102871859663,0.14338831893162182,0.1491415617180024,0.23341909056973065,0.2060220488473556,0.067838937073427,0.06430081885568945,1,1,0,0,0,0
574,0.18623083942098467,0.062455397119051605,0.2213435134817029,0.2920629155442557,0.2543172813502665,0.20445941753236477,0.02454865373227117,0,0,1,0,0,0
575,0.1346248332982382,0.21748781422776975,0.2372748998275448,0.2503808630204707,0.1900946525232323,0.19824294579675852,0.054267624456308415,0,0,1,1,0,0
576,0.3421341065055531,0.2098240733585761,0.13517319727960786,0.1658908159044361,0.2700061925957398,0.09381410384548464,0.6060836734832792,0,0,0,0,1,1
577,0.8758982997770111,0.5157797606330995,0.1362898067170557,0.3311096986389821,0.1530452941282569,0.12486211426483185,0.21520600721064945,1,1,1,0,0,0
578,0.18416292768788034,0.06727515981278531,0.2508451331282975,0.36088864675080945,0.3515901343332339,0.19398319863372762,0.04825950623614537,0,0,1,1,1,0
579,0.5593458271916895,0.44607577982123997,0.659352243709477,0.9444091326412218,0.17431455580651048,0.05377022816816232,0.0,1,1,0,0,0,0
580,0.2376208756499344,0.09234519864664822,0.12178821265729511,0.2267602933906392,0.23471941929885393,0.1540316690945067,0.0,0,0,1,0,0,0
581,0.45215456965299033,0.30387687104824157,0.15680737719599014,0.3674425174288971,0.27548032698508773,0.06621893805319701,0.06355093854157921,1,0,0,0,0,1
582,0.22785363720297386,0.18087670892481866,0.6105223296300656,0.7780501831169222,0.29321139197126966,0.07332227056630142,0.17459902390768192,1,0,0,0,1,1
583,0.2754372040537549,0.12729719041623297,0.15806727290405453,0.3507027048841267,0.35208113302457206,0.18393717759795306,0.10858006021731782,1,1,0,0,0,0
584,0.43558427955143053,0.22357880637766275,0.4592038400720526,0.6172018927126526,0.31188938300503233,0.1257889541630934,0.01478489439280115,0,1,1,0,0,0
585,0.15929939366452317,0.028233718338583395,0.2580657376940122,0.3411241260328701,0.382633276083554,0.25186620846464974,0.0,0,0,1,1,1,0
586,0.3337220791421676,0.15131569975954218,0.1741327342602591,0.32598040699375486,0.20947407025890666,0.14488320747418107,0.08588568692893948,0,1,1,0,0,0
587,0.280566489031429,0.22461821449080366,0.20396698274935654,0.3561124731378069,0.1490882454913294,0.12569435568016027,0.13147409906588284,1,0,0,0,0,1
588,0.0914686492702917,0.014038070216109012,0.218846238479528,0.5011673073236678,0.3730237302673639,0.18760174263919632,0.3203962907584342,0,0,1,1,1,0
589,0.45692750430589973,0.25183979781542476,0.2762927747898042,0.47743172210619766,0.22578524719279014,0.10579939378138853,0.002236027381408868,1,0,0,0,1,1
590,0.13480840770796548,0.041086923912598806,0.33043246866892173,0.27388641706266315,0.4016980538415137,0.2604403221528813,0.0,0,0,1,1,1,0
591,0.23797182672735417,0.30284049327945384,0.3768787132892899,0.3780481652995953,0.2835637687055471,0.07331100884214271,0.15695017663595298,0,1,1,0,0,0
592,0.34011478799855294,0.1552248439751451,0.14509781846652986,0.306462059989709,0.20869648865793028,0.12453214574698171,0.004016000471936779,0,1,0,0,0,0
