,attr7,Beach,Sunset,FallFoliage,Field,Mountain,Urban
0,0.150309,1,0,0,0,1,0
1,0.708416,1,0,0,0,0,1
2,0.722677,1,0,0,0,0,0
3,0.696925,1,0,0,0,0,0
4,0.364292,1,0,0,0,0,0
5,0.978737,1,0,0,0,0,0
6,0.698015,1,0,0,0,0,0
7,0.932117,1,0,0,0,1,0
8,0.679885,1,0,0,0,0,0
9,0.667863,1,0,0,0,0,0
10,0.6221,1,0,0,0,0,0
11,0.608737,1,0,0,0,1,0
12,0.772013,1,0,0,0,0,0
13,0.259991,1,0,0,0,0,0
14,0.81239,1,0,0,0,0,0
15,0.582927,1,0,0,0,1,0
16,0.71536,1,0,0,0,1,0
17,0.557698,1,0,0,0,0,0
18,0.836468,1,0,0,0,0,0
19,0.843738,1,0,0,0,0,0
20,0.079866,1,0,0,0,0,0
21,0.554754,1,0,0,0,0,0
22,0.730365,1,0,0,0,0,0
23,0.649267,1,0,0,0,0,0
24,0.766936,1,0,0,0,0,0
25,0.756382,1,0,0,0,0,0
26,0.959006,1,0,0,0,0,0
27,0.776675,1,0,0,0,0,0
28,0.682574,1,0,0,0,0,0
29,0.507688,1,0,0,0,0,0
30,0.914322,1,0,0,0,0,0
31,0.647976,1,0,0,0,0,1
32,0.428537,1,0,0,0,0,0
33,0.871702,1,0,0,0,0,0
34,0.736348,1,0,0,0,0,0
35,0.596276,1,0,0,0,0,0
36,0.572216,1,0,0,0,0,0
37,0.740151,1,0,0,0,0,0
38,0.779656,1,0,0,0,1,0
39,0.732506,1,0,0,0,0,0
40,0.794319,1,0,0,0,0,0
41,0.80539,1,0,0,0,0,0
42,0.764851,1,0,0,0,0,0
43,0.92199,1,0,0,0,0,0
44,0.617831,1,0,0,0,0,0
45,0.639305,1,0,0,0,0,0
46,0.776129,1,0,0,0,0,0
47,0.842002,1,0,0,0,0,0
48,0.658785,1,0,0,0,0,0
49,0.721733,1,0,0,0,0,0
50,0.645728,1,0,0,0,0,0
51,0.768822,1,0,0,0,0,0
52,0.611495,1,0,0,0,0,0
53,0.889073,1,0,0,0,0,0
54,0.198362,1,0,0,0,0,0
55,0.066115,1,0,0,0,0,0
56,0.457254,1,0,0,0,0,0
57,0.712242,1,0,0,0,0,0
58,0.655127,1,0,0,0,0,0
59,0.476083,1,0,0,0,0,0
60,0.718043,1,0,0,0,0,0
61,0.596892,1,0,0,0,1,0
62,0.653687,1,0,0,0,0,0
63,0.690371,1,0,0,0,0,0
64,0.820799,1,0,0,0,0,0
65,0.643597,1,0,0,0,0,0
66,0.673106,1,0,0,0,0,0
67,0.649873,1,0,0,0,0,0
68,0.812337,1,0,0,0,0,0
69,0.645856,1,0,0,0,1,0
70,0.676142,1,0,0,0,0,0
71,0.698493,1,0,0,0,0,0
72,0.434239,1,0,0,0,0,0
73,0.481626,1,0,0,0,0,0
74,0.521621,1,0,0,0,0,0
75,0.553734,1,0,0,0,0,0
76,0.509948,1,0,0,0,0,0
77,0.585161,1,0,0,0,0,0
78,0.463516,1,0,0,0,0,0
79,0.526097,1,0,0,0,0,0
80,0.695586,1,0,0,0,0,0
81,0.572976,1,0,0,0,0,0
82,0.234373,1,0,0,0,0,0
83,0.641544,1,0,0,0,0,0
84,0.767575,1,0,0,0,0,0
85,0.611212,1,0,0,0,0,0
86,0.486178,1,0,0,0,0,0
87,0.622754,1,0,0,0,0,0
88,0.637936,1,0,0,0,0,0
89,0.712442,1,0,0,0,1,0
90,0.430682,1,0,0,0,0,0
91,0.782178,1,0,0,0,0,0
92,0.039696,1,0,0,0,0,0
93,0.279904,1,0,0,0,0,0
94,0.524999,1,0,0,0,0,0
95,0.854865,1,0,0,0,0,0
96,0.631818,1,0,0,0,0,0
97,0.515671,1,0,0,0,0,0
98,0.873482,1,0,0,0,0,0
99,0.526797,1,0,0,0,0,0
100,0.802954,1,0,0,0,1,0
101,0.595844,1,0,0,0,0,0
102,0.833641,1,0,0,0,0,0
103,0.644457,1,0,0,0,0,0
104,0.464853,1,0,0,0,0,0
105,0.587664,1,0,0,0,0,0
106,0.464541,1,0,0,0,0,0
107,0.766925,1,0,0,0,0,0
108,0.555202,1,0,0,0,0,0
109,0.501704,1,0,0,0,1,0
110,0.908195,1,0,0,0,0,0
111,0.983576,1,0,0,0,0,0
112,0.603028,1,0,0,0,0,0
113,0.632443,1,0,0,0,0,0
114,0.161996,1,0,0,0,0,0
115,0.594409,1,0,0,0,0,0
116,0.390264,1,0,0,0,0,0
117,0.380413,1,0,0,0,0,0
118,0.371503,1,0,0,0,0,0
119,0.664023,1,0,0,0,0,0
120,0.584132,1,0,0,0,0,1
121,0.649175,1,0,0,0,0,0
122,0.916961,1,0,0,0,0,0
123,0.447499,1,0,0,0,0,0
124,0.410756,1,0,0,0,0,0
125,0.643165,1,0,0,0,1,0
126,0.698702,1,0,0,0,0,0
127,0.783473,1,0,0,0,0,0
128,0.628247,1,0,0,0,0,0
129,0.868625,1,0,0,0,0,0
130,0.913109,1,0,0,0,0,0
131,0.962472,1,0,0,0,0,0
132,0.621528,1,0,0,0,0,1
133,0.775403,1,0,0,0,0,0
134,0.677447,1,0,0,0,0,0
135,0.765634,1,0,0,0,0,0
136,0.104667,1,0,0,0,0,0
137,0.141197,1,0,0,0,0,0
138,0.472812,1,0,0,0,0,1
139,0.530001,1,0,0,0,0,0
140,0.759457,1,0,0,0,0,0
141,0.556816,1,0,0,0,0,0
142,0.720064,1,0,0,0,0,0
143,0.844425,1,0,0,0,0,0
144,0.550655,1,0,0,0,0,0
145,0.354256,1,0,0,0,0,0
146,0.867828,1,0,0,0,0,1
147,0.709144,1,0,0,0,0,0
148,0.592028,1,0,0,0,0,0
149,0.685282,1,0,0,0,1,0
150,0.95484,1,0,0,0,0,0
151,0.832514,1,0,0,0,0,0
152,0.477394,1,0,0,0,0,0
153,0.853797,1,0,0,0,0,0
154,0.454631,1,0,0,0,0,0
155,0.666802,1,0,0,0,0,0
156,0.656434,1,0,0,0,1,0
157,0.752241,1,0,0,0,0,0
158,0.397654,1,0,0,0,0,0
159,0.779904,1,0,0,0,0,1
160,0.630801,1,0,0,0,0,1
161,0.423721,1,0,0,0,1,0
162,0.709626,1,0,0,0,0,0
163,0.294142,1,0,0,0,0,0
164,0.74018,1,0,0,0,0,0
165,0.284915,1,0,0,0,0,0
166,0.636969,1,0,0,0,0,0
167,0.266257,1,0,0,0,0,0
168,0.682126,1,0,0,0,0,0
169,0.573084,1,0,0,0,0,0
170,0.570019,1,0,0,0,0,0
171,0.167879,1,0,0,0,0,0
172,0.643668,1,0,0,0,0,0
173,0.584323,1,0,0,0,1,0
174,0.897583,1,0,0,0,0,0
175,0.882732,1,0,0,0,0,0
176,0.667278,1,0,0,0,0,0
177,0.859708,1,0,0,0,0,0
178,0.419365,1,0,0,0,0,0
179,0.127668,1,0,0,0,0,0
180,0.402254,1,0,0,0,0,0
181,0.258894,1,0,0,0,0,0
182,0.390016,1,0,0,0,0,0
183,0.277707,1,0,0,0,0,0
184,0.290707,1,0,0,0,0,0
185,0.761919,1,0,0,0,0,0
186,0.884618,1,0,0,0,0,0
187,0.708111,1,0,0,0,0,0
188,0.643457,1,0,0,0,0,0
189,0.769591,1,0,0,0,0,0
190,0.667583,1,0,0,0,0,0
191,0.598079,1,0,0,0,0,1
192,0.803707,1,0,0,0,0,1
193,0.158615,1,0,0,0,1,0
194,0.537976,1,0,0,0,0,0
195,0.811988,1,0,0,0,0,0
196,0.616129,1,0,0,0,0,1
197,0.757969,1,0,0,0,1,0
198,0.734653,1,0,0,0,0,0
199,0.342446,1,0,0,0,0,0
200,0.728797,1,0,0,0,0,1
201,0.846855,1,0,0,0,0,0
202,0.85119,1,0,0,0,0,0
203,0.006735,1,0,0,0,1,0
204,0.70547,1,0,0,0,0,0
205,0.62455,1,0,0,0,0,0
206,0.332984,1,0,0,0,0,0
207,0.769155,1,0,0,0,0,0
208,0.617732,1,0,0,0,0,0
209,0.580934,1,0,0,0,0,0
210,0.578065,1,0,0,0,0,0
211,0.686722,1,0,0,0,0,0
212,0.0,1,0,0,0,0,0
213,0.832362,1,0,0,0,0,0
214,0.736671,1,0,0,0,0,0
215,0.418035,1,0,0,0,0,0
216,0.559843,1,0,0,0,0,0
217,0.391916,1,0,0,0,1,0
218,0.293217,1,0,0,0,0,0
219,0.097918,1,0,0,0,1,0
220,0.61967,1,0,0,0,0,0
221,0.253029,1,0,0,0,0,0
222,0.676633,1,0,0,0,0,0
223,0.8299,1,0,0,0,0,0
224,0.632532,1,0,0,0,0,0
225,0.717097,1,0,0,0,0,0
226,0.184921,1,0,0,0,0,0
227,0.818689,0,1,0,0,0,0
228,0.916632,0,1,0,0,0,0
229,0.855778,0,1,0,0,0,0
230,0.782577,0,1,0,0,0,0
231,0.581236,0,1,0,0,0,0
232,0.642623,0,1,0,0,0,0
233,0.454487,0,1,0,0,0,0
234,0.615651,0,1,0,0,0,0
235,0.496684,0,1,0,0,0,0
236,0.276223,0,1,0,0,0,0
237,0.283558,0,1,0,0,0,0
238,0.45956,0,1,0,0,0,0
239,0.701795,0,1,0,0,0,0
240,0.004522,0,1,0,0,0,0
241,0.662152,0,1,0,0,0,0
242,0.86482,0,1,0,0,0,0
243,0.349114,0,1,0,0,0,0
244,0.0,0,1,0,0,0,0
245,0.765554,0,1,0,0,0,0
246,0.582178,0,1,0,0,0,0
247,0.714727,0,1,0,0,0,0
248,0.11335,0,1,0,0,0,0
249,0.852598,0,1,0,0,0,0
250,0.506832,0,1,0,0,0,0
251,0.258008,0,1,0,0,0,0
252,0.775412,0,1,0,0,0,0
253,0.283852,0,1,0,0,0,0
254,0.461144,0,1,0,0,0,0
255,0.37113,0,1,0,0,0,0
256,0.670178,0,1,0,0,0,0
257,0.111116,0,1,0,0,0,0
258,0.829498,0,1,0,0,0,0
259,0.496112,0,1,0,0,0,0
260,0.573011,0,1,0,0,0,0
261,0.658142,0,1,0,0,0,0
262,0.493811,0,1,0,0,0,0
263,0.753709,0,1,0,0,0,0
264,0.346127,0,1,0,0,0,0
265,0.712063,0,1,0,0,0,0
266,0.486391,0,1,0,0,0,0
267,0.393973,0,1,0,0,0,0
268,0.657038,0,1,0,0,0,0
269,0.642239,0,1,0,0,0,0
270,0.654241,0,1,0,0,0,0
271,0.535051,0,1,0,0,0,0
272,0.836829,0,1,0,0,0,0
273,0.60283,0,1,0,0,0,0
274,0.123427,0,1,0,0,0,0
275,0.150973,0,1,0,0,0,0
276,0.320508,0,1,0,0,0,0
277,0.252113,0,1,0,0,0,0
278,0.121551,0,1,0,0,0,0
279,0.255252,0,1,0,0,0,0
280,0.48311,0,1,0,0,0,0
281,0.098214,0,1,0,0,0,0
282,0.148408,0,1,0,0,0,0
283,0.647831,0,1,0,0,0,0
284,0.56673,0,1,0,0,0,0
285,0.393183,0,1,0,0,0,0
286,0.303275,0,1,0,0,0,0
287,0.134422,0,1,0,0,0,0
288,0.41686,0,1,0,0,0,0
289,0.362418,0,1,0,0,0,0
290,0.741901,0,1,0,0,0,0
291,0.914859,0,1,0,0,0,0
292,0.767352,0,1,0,0,0,0
293,0.82505,0,1,0,0,0,0
294,0.391201,0,1,0,0,0,0
295,0.355751,0,1,0,0,0,0
296,0.828692,0,1,0,0,0,0
297,0.077691,0,1,0,0,0,0
298,0.411571,0,1,0,0,0,0
299,0.569183,0,1,0,0,0,0
300,0.652872,0,1,0,0,0,0
301,0.130732,0,1,0,0,0,0
302,0.595034,0,1,0,0,0,0
303,0.130975,0,1,0,0,0,0
304,0.131634,0,1,0,0,0,0
305,0.704579,0,1,0,0,0,0
306,0.903699,0,1,0,0,0,0
307,0.884206,0,1,0,0,0,0
308,0.591863,0,1,0,0,0,0
309,0.681684,0,1,0,0,0,0
310,0.918998,0,1,0,0,0,0
311,0.452833,0,1,0,0,0,0
312,0.214545,0,1,0,0,0,0
313,0.759953,0,1,0,0,0,0
314,0.365649,0,1,0,0,0,0
315,0.7075,0,1,0,0,0,0
316,0.395138,0,1,0,0,0,0
317,0.520783,0,1,0,0,0,0
318,0.419654,0,1,0,0,0,0
319,0.725339,0,1,0,0,0,0
320,0.102679,0,1,0,0,0,0
321,0.82107,0,1,0,0,0,0
322,0.300575,0,1,0,0,0,0
323,0.465703,0,1,0,0,0,0
324,0.130413,0,1,0,0,0,0
325,0.584918,0,1,0,0,0,0
326,0.710315,0,1,0,0,0,0
327,0.515127,0,1,0,0,0,0
328,0.464665,0,1,0,0,0,0
329,0.379744,0,1,0,0,0,0
330,0.698746,0,1,0,0,0,0
331,0.819761,0,1,0,0,0,0
332,0.906328,0,1,0,0,0,0
333,0.683998,0,1,0,0,0,0
334,0.716274,0,1,0,0,0,0
335,0.786259,0,1,0,0,0,0
336,0.792282,0,1,0,0,0,0
337,0.547493,0,1,0,0,0,0
338,0.772919,0,1,0,0,0,0
339,0.0,0,1,0,0,0,0
340,0.873383,0,1,0,0,0,0
341,0.474193,0,1,0,0,0,0
342,0.38001,0,1,0,0,0,0
343,0.799201,0,1,0,0,0,0
344,0.606527,0,1,0,0,0,0
345,0.671652,0,1,0,0,0,0
346,0.480478,0,1,0,0,0,0
347,0.123691,0,1,0,0,0,0
348,0.401193,0,1,0,0,0,0
349,0.479592,0,1,0,0,0,0
350,0.411582,0,1,0,0,0,0
351,0.687952,0,1,0,0,0,0
352,0.469751,0,1,0,0,0,0
353,0.552058,0,1,0,0,0,0
354,0.567173,0,1,0,0,0,0
355,0.0,0,1,0,0,0,0
356,0.044721,0,1,0,0,0,0
357,0.455947,0,1,0,0,0,0
358,0.489007,0,1,0,0,0,0
359,0.63072,0,1,0,0,0,0
360,0.570448,0,1,0,0,0,0
361,0.550813,0,1,0,0,0,0
362,0.929479,0,1,0,0,0,0
363,0.340664,0,1,0,0,0,0
364,0.783243,0,1,0,0,0,0
365,0.59459,0,1,0,0,0,0
366,0.451563,0,1,0,0,0,0
367,0.36239,0,1,0,0,0,0
368,0.810399,0,1,0,0,0,0
369,0.89359,0,1,0,0,0,0
370,0.661144,0,1,0,0,0,0
371,0.392795,0,1,0,0,0,0
372,0.918391,0,1,0,0,0,0
373,0.910071,0,1,0,0,0,0
374,0.037935,0,1,0,0,0,0
375,0.399018,0,1,0,0,0,0
376,0.355022,0,1,0,0,0,0
377,0.423402,0,1,0,0,0,0
378,0.494828,0,1,0,0,0,0
379,0.478459,0,1,0,0,0,0
380,0.134082,0,1,0,0,0,0
381,0.789322,0,1,0,0,0,0
382,0.744649,0,1,0,0,0,0
383,0.241202,0,1,0,0,0,0
384,0.387938,0,1,0,0,0,0
385,0.521603,0,1,0,0,0,0
386,0.331836,0,1,0,0,0,0
387,0.416449,0,1,0,0,0,0
388,0.452831,0,1,0,0,0,0
389,0.802253,0,1,0,0,0,0
390,0.123748,0,1,0,0,0,0
391,0.527964,0,1,0,0,0,0
392,0.582151,0,0,1,0,0,0
393,0.445668,0,0,1,1,0,0
394,0.982933,0,0,1,0,0,0
395,0.960069,0,0,1,1,0,0
396,0.726804,0,0,1,0,0,0
397,0.508001,0,0,1,0,0,0
398,0.686278,0,0,1,0,0,0
399,0.968259,0,0,1,1,1,0
400,0.945774,0,0,1,0,0,0
401,0.712318,0,0,1,1,0,0
402,0.537094,0,0,1,0,0,0
403,0.889245,0,0,1,0,1,0
404,0.626052,0,0,1,0,0,0
405,0.656918,0,0,1,0,0,0
406,0.505417,0,0,1,0,0,0
407,0.606677,0,0,1,0,0,0
408,0.519997,0,0,1,0,0,0
409,0.626624,0,0,1,0,0,0
410,0.723497,0,0,1,1,0,0
411,0.842142,0,0,1,1,0,0
412,0.227823,0,0,1,0,0,0
413,0.633942,0,0,1,0,0,0
414,0.980673,0,0,1,0,0,0
415,0.633715,0,0,1,0,0,0
416,0.365973,0,0,1,0,0,0
417,0.627478,0,0,1,0,0,0
418,0.781684,0,0,1,0,0,0
419,0.692281,0,0,1,0,0,0
420,0.805328,0,0,1,1,0,0
421,0.632112,0,0,1,0,1,0
422,0.634762,0,0,1,0,0,0
423,0.62779,0,0,1,0,1,0
424,0.677419,0,0,1,0,0,0
425,0.738414,0,0,1,0,0,0
426,0.5009,0,0,1,0,0,0
427,0.837111,0,0,1,0,0,0
428,0.614737,0,0,1,0,0,0
429,0.69652,0,0,1,0,0,0
430,0.816441,0,0,1,0,0,0
431,0.744874,0,0,1,0,0,0
432,0.647987,0,0,1,0,0,0
433,0.808281,0,0,1,0,0,0
434,0.926537,0,0,1,0,0,0
435,0.809652,0,0,1,0,0,0
436,0.485987,0,0,1,0,0,0
437,0.637293,0,0,1,0,0,0
438,0.717696,0,0,1,0,0,0
439,0.879186,0,0,1,0,0,0
440,0.464722,0,0,1,0,0,0
441,0.620049,0,0,1,0,0,0
442,0.964621,0,0,1,0,0,0
443,0.982405,0,0,1,0,0,0
444,0.475456,0,0,1,0,0,0
445,0.385373,0,0,1,0,0,0
446,0.504781,0,0,1,0,0,0
447,0.760155,0,0,1,0,0,0
448,0.548997,0,0,1,0,0,0
449,0.656112,0,0,1,0,0,0
450,0.707015,0,0,1,0,0,0
451,0.504287,0,0,1,0,0,0
452,0.908115,0,0,1,0,0,0
453,0.664138,0,0,1,0,0,0
454,0.835749,0,0,1,0,0,0
455,0.72893,0,0,1,0,0,0
456,0.657545,0,0,1,0,0,0
457,0.709314,0,0,1,0,0,0
458,0.269244,0,0,1,0,0,0
459,0.701244,0,0,1,0,0,0
460,0.561937,0,0,1,0,0,0
461,0.409743,0,0,1,0,0,0
462,0.638671,0,0,1,0,0,0
463,0.627446,0,0,1,0,0,0
464,0.62069,0,0,1,0,0,0
465,0.982283,0,0,1,0,0,0
466,0.953162,0,0,1,0,0,0
467,0.876803,0,0,1,0,0,0
468,0.887835,0,0,1,0,0,0
469,0.530591,0,0,1,0,0,0
470,0.622632,0,0,1,0,0,0
471,0.652799,0,0,1,0,0,0
472,0.630137,0,0,1,0,0,0
473,0.584911,0,0,1,0,0,0
474,0.619776,0,0,1,0,0,0
475,0.453837,0,0,1,0,0,0
476,0.475276,0,0,1,0,0,0
477,0.446305,0,0,1,0,0,0
478,0.564548,0,0,1,0,0,0
479,0.568964,0,0,1,0,0,0
480,0.8441,0,0,1,0,0,0
481,0.353071,0,0,1,0,0,0
482,0.5986,0,0,1,0,0,0
483,0.526253,0,0,1,0,0,0
484,0.601682,0,0,1,0,0,0
485,0.514438,0,0,1,0,0,0
486,0.621445,0,0,1,0,0,0
487,0.61643,0,0,1,0,0,0
488,0.805854,0,0,1,0,0,0
489,0.547224,0,0,1,0,0,0
490,0.689796,0,0,1,0,0,0
491,0.666237,0,0,1,0,0,0
492,0.731367,0,0,1,0,0,0
493,0.764475,0,0,1,0,0,0
494,0.69176,0,0,1,0,0,0
495,0.612519,0,0,1,0,0,0
496,0.377021,0,0,1,0,0,0
497,0.33123,0,0,1,0,0,0
498,0.847833,0,0,1,0,0,0
499,0.869764,0,0,1,0,0,0
500,0.91525,0,0,1,0,0,0
501,0.20857,0,0,1,0,0,0
502,0.676907,0,0,1,0,0,0
503,0.656553,0,0,1,0,0,0
504,0.478018,0,0,1,0,0,0
505,0.282662,0,0,1,0,0,0
506,0.254749,0,0,1,0,0,0
507,0.494559,0,0,1,0,0,0
508,0.642528,0,0,1,0,0,0
509,0.717067,0,0,1,0,0,0
510,0.905522,0,0,1,0,0,0
511,0.426278,0,0,1,0,0,0
512,0.556847,0,0,1,0,0,0
513,0.630939,0,0,1,0,0,0
514,0.674825,0,0,1,0,0,0
515,0.703458,0,0,1,0,0,0
516,0.548223,0,0,1,0,0,0
517,0.575141,0,0,1,0,0,0
518,0.977158,0,0,1,0,0,0
519,1.0,0,0,1,0,0,0
520,0.590499,0,0,1,0,0,0
521,0.551026,0,0,1,0,0,0
522,0.935348,0,0,1,0,0,0
523,0.953532,0,0,1,1,0,0
524,0.703845,0,0,1,0,0,0
525,0.304084,0,0,1,0,0,0
526,0.867676,0,0,1,0,0,0
527,0.843691,0,0,1,0,0,0
528,0.445526,0,0,1,0,0,0
529,0.614151,0,0,1,0,0,0
530,0.730251,0,0,1,0,0,0
531,0.825588,0,0,1,0,0,0
532,0.649802,0,0,1,0,0,0
533,0.939931,0,0,1,0,0,0
534,0.64741,0,0,1,0,0,0
535,0.877257,0,0,1,0,0,0
536,0.728751,0,0,1,0,0,0
537,0.7507,0,0,1,0,0,0
538,0.640353,0,0,1,0,0,0
539,0.816278,0,0,1,0,0,0
540,0.766258,0,0,1,0,0,0
541,0.664757,0,0,1,0,0,0
542,0.994703,0,0,1,0,0,0
543,0.98956,0,0,1,0,0,0
544,0.630358,0,0,1,0,1,0
545,0.648129,0,0,1,0,1,0
546,1.0,0,0,1,0,0,0
547,0.165554,0,0,1,0,0,0
548,0.904769,0,0,1,0,0,0
549,0.849318,0,0,1,0,0,0
550,0.586534,0,0,1,0,0,0
551,0.573082,0,0,1,0,0,0
552,0.554659,0,0,1,0,0,0
553,0.51361,0,0,1,0,0,0
554,0.687234,0,0,1,0,0,0
555,0.431283,0,0,1,0,0,0
556,0.555697,0,0,1,0,0,0
557,0.771113,0,0,1,0,0,0
558,0.235869,0,0,1,0,0,0
559,0.547596,0,0,1,0,0,0
560,0.723326,0,0,1,0,0,0
561,0.679009,0,0,1,0,0,0
562,0.845293,0,0,1,0,0,0
563,0.434234,0,0,1,0,0,0
564,0.592317,0,0,1,0,0,0
565,0.672876,0,0,1,0,0,0
566,0.237666,0,0,1,0,0,0
567,1.0,0,0,1,0,0,0
568,1.0,0,0,1,0,0,0
569,0.735943,0,0,1,0,0,0
570,1.0,0,0,1,0,0,0
571,0.640436,0,0,1,0,0,0
572,0.882468,0,0,1,0,0,0
573,0.923255,0,0,1,0,0,0
574,0.748234,0,0,1,0,0,0
575,0.834736,0,0,1,0,0,0
576,0.891383,0,0,1,0,0,0
577,0.759804,0,0,1,0,0,0
578,0.834206,0,0,1,0,0,0
579,1.0,0,0,1,0,0,0
580,0.903038,0,0,1,0,0,0
581,0.750129,0,0,1,0,0,0
582,1.0,0,0,1,0,0,0
583,1.0,0,0,1,0,0,0
584,0.63568,0,0,1,0,0,0
585,0.58862,0,0,1,0,0,0
586,0.728465,0,0,1,0,0,0
587,0.338925,0,0,1,0,0,0
588,0.467052,0,0,1,0,0,0
589,0.45911,0,0,0,1,1,0
590,0.104289,0,0,0,1,0,0
591,0.162402,0,0,0,1,1,0
592,0.922532,0,0,0,1,0,0
593,0.673427,0,0,0,1,0,0
594,0.91302,0,0,0,1,0,0
595,0.76207,0,0,0,1,0,0
596,0.985728,0,0,0,1,0,0
597,0.813763,0,0,0,1,0,0
598,0.724323,0,0,0,1,0,0
599,0.389314,0,0,0,1,0,0
600,0.422872,0,0,0,1,0,0
601,0.400238,0,0,0,1,0,0
602,0.64612,0,0,0,1,0,0
603,0.459286,0,0,0,1,0,0
604,0.676801,0,0,0,1,0,0
605,0.878899,0,0,0,1,0,0
606,0.889401,0,0,0,1,0,0
607,0.798797,0,0,0,0,1,0
608,0.863867,0,0,0,1,0,0
609,0.878227,0,0,0,1,0,0
610,0.299293,0,0,0,1,0,0
611,0.923306,0,0,0,1,0,0
612,0.721951,0,0,0,1,1,0
613,0.52733,0,0,0,1,0,0
614,0.774048,0,0,0,1,0,0
615,0.295511,0,0,0,1,0,0
616,0.693377,0,0,0,1,0,0
617,0.555262,0,0,0,1,0,0
618,0.739997,0,0,0,1,0,0
619,0.845211,0,0,0,1,0,0
620,0.876957,0,0,0,1,0,0
621,0.77758,0,0,0,1,0,0
622,0.667303,0,0,0,1,0,0
623,0.715076,0,0,0,1,0,0
624,0.726456,0,0,0,1,0,0
625,0.781307,0,0,0,1,0,0
626,0.736045,0,0,0,1,0,0
627,0.954184,0,0,0,1,0,0
628,0.864746,0,0,0,1,0,0
629,0.959594,0,0,0,1,0,0
630,0.906537,0,0,0,1,0,0
631,0.829053,0,0,0,1,0,0
632,0.974383,0,0,0,1,0,0
633,0.716587,0,0,0,1,0,0
634,0.892749,0,0,0,1,0,0
635,0.948929,0,0,0,1,0,0
636,0.643815,0,0,0,1,0,0
637,0.710285,0,0,0,1,0,0
638,0.868958,0,0,0,1,0,0
639,0.41714,0,0,0,1,0,0
640,0.851597,0,0,0,1,0,0
641,0.981459,0,0,0,1,0,0
642,0.736929,0,0,0,1,0,0
643,0.804559,0,0,0,1,1,0
644,0.257925,0,0,0,1,0,0
645,0.749072,0,0,0,1,0,0
646,0.504652,0,0,0,1,0,0
647,0.412613,0,0,0,1,1,0
648,0.59414,0,0,0,1,0,0
649,1.0,0,0,0,1,0,0
650,0.771222,0,0,0,1,0,0
651,0.812917,0,0,0,1,0,0
652,0.711951,0,0,0,1,0,0
653,0.983854,0,0,0,1,0,0
654,0.793336,0,0,0,1,0,0
655,0.876172,0,0,0,1,0,0
656,0.590508,0,0,0,1,0,0
657,0.782908,0,0,0,1,0,0
658,0.563061,0,0,0,1,1,0
659,0.939707,0,0,0,1,0,0
660,0.799244,0,0,0,1,0,0
661,0.538133,0,0,0,1,1,0
662,0.829423,0,0,0,1,0,0
663,0.94292,0,0,0,1,1,0
664,0.721419,0,0,0,1,0,0
665,0.821012,0,0,0,1,0,0
666,0.913342,0,0,0,1,0,0
667,0.777183,0,0,0,1,0,0
668,0.801377,0,0,0,1,0,0
669,0.89904,0,0,0,1,0,0
670,0.689464,0,0,0,1,0,0
671,0.628518,0,0,0,1,0,0
672,0.909148,0,0,0,1,0,0
673,0.907345,0,0,0,1,0,0
674,0.834172,0,0,0,1,0,0
675,0.902946,0,0,0,1,0,0
676,0.836451,0,0,0,1,0,0
677,0.818582,0,0,0,1,0,0
678,0.928237,0,0,0,1,0,0
679,0.754587,0,0,0,1,0,0
680,0.852828,0,0,0,1,0,0
681,1.0,0,0,0,1,0,0
682,0.919299,0,0,0,1,1,0
683,0.798101,0,0,0,1,0,0
684,0.678237,0,0,0,1,0,0
685,0.315932,0,0,0,1,0,0
686,0.621806,0,0,0,1,0,0
687,0.912409,0,0,0,1,0,0
688,0.711737,0,0,0,1,0,0
689,0.676996,0,0,0,1,0,0
690,0.754099,0,0,0,1,0,0
691,0.570076,0,0,0,1,0,0
692,0.738077,0,0,0,1,0,0
693,0.732588,0,0,0,1,0,0
694,0.905354,0,0,0,1,0,0
695,0.961381,0,0,0,1,0,0
696,0.581409,0,0,0,1,0,0
697,0.883065,0,0,0,1,0,0
698,0.866843,0,0,0,1,0,0
699,0.89457,0,0,0,1,1,0
700,0.951428,0,0,0,1,0,0
701,0.878793,0,0,0,1,0,0
702,0.150052,0,0,0,1,1,0
703,0.802944,0,0,0,1,0,0
704,0.377354,0,0,0,1,0,0
705,0.581921,0,0,0,1,0,0
706,0.883945,0,0,0,1,0,0
707,0.700238,0,0,0,1,0,0
708,0.836574,0,0,0,1,0,0
709,0.525571,0,0,0,1,0,0
710,0.0,0,0,0,1,1,0
711,0.277341,0,0,0,1,0,0
712,0.701995,0,0,0,1,0,0
713,0.686701,0,0,0,1,0,0
714,0.764502,0,0,0,1,0,0
715,0.844039,0,0,0,1,0,0
716,0.420065,0,0,0,1,0,0
717,0.634427,0,0,0,1,0,0
718,0.921682,0,0,0,1,0,0
719,0.587573,0,0,0,1,0,0
720,0.90854,0,0,0,1,0,0
721,0.504538,0,0,0,1,1,0
722,0.507493,0,0,0,1,0,0
723,0.680151,0,0,0,1,0,0
724,0.842683,0,0,0,1,0,0
725,0.54899,0,0,0,1,0,0
726,0.977672,0,0,0,1,0,0
727,0.467031,0,0,0,1,0,0
728,0.790544,0,0,0,1,0,0
729,0.885088,0,0,0,1,0,0
730,0.901914,0,0,0,1,0,0
731,0.572503,0,0,0,1,0,0
732,0.504689,0,0,0,1,0,0
733,0.564034,0,0,0,1,0,0
734,0.811203,0,0,0,1,0,0
735,0.575964,0,0,0,1,0,0
736,0.773789,0,0,0,1,0,0
737,0.30895,0,0,0,1,0,0
738,0.508547,0,0,0,1,0,0
739,0.919076,0,0,0,1,0,0
740,0.769545,0,0,0,1,0,0
741,0.784288,0,0,0,1,0,0
742,0.758577,0,0,0,1,0,0
743,0.171473,0,0,0,1,0,0
744,0.646107,0,0,0,1,1,0
745,0.884247,0,0,0,1,0,0
746,0.853237,0,0,0,1,0,0
747,0.773458,0,0,0,1,0,0
748,0.392191,0,0,0,1,0,0
749,0.141695,0,0,0,1,0,0
750,0.837311,0,0,0,1,0,0
751,0.674658,0,0,0,1,0,0
752,0.687479,0,0,0,1,1,0
753,0.288707,0,0,0,1,0,0
754,0.435031,0,0,0,1,0,0
755,0.568248,0,0,0,1,0,0
756,0.960832,0,0,0,1,0,0
757,0.786307,0,0,0,1,0,0
758,0.830667,0,0,0,1,0,0
759,0.669014,0,0,0,1,0,0
760,0.781904,0,0,0,1,0,0
761,0.741671,0,0,0,1,0,0
762,0.697924,0,0,0,1,0,0
763,0.970521,0,0,0,1,0,0
764,0.986913,0,0,0,1,0,0
765,0.959812,0,0,0,1,0,0
766,0.614142,0,0,0,0,1,0
767,0.871482,0,0,0,0,1,0
768,0.797791,0,0,0,0,1,0
769,0.829556,0,0,0,0,1,0
770,0.593727,0,0,0,0,1,0
771,0.719928,0,0,0,0,1,0
772,0.688678,0,0,0,0,1,0
773,0.707123,0,0,0,0,1,0
774,0.639695,0,0,0,0,1,0
775,0.606927,0,0,0,0,1,0
776,0.76963,0,0,0,0,1,0
777,0.521127,0,0,0,0,1,0
778,0.366696,0,0,0,0,1,0
779,0.555941,0,0,0,0,1,0
780,0.601868,0,0,0,0,1,0
781,0.638356,0,0,0,0,1,0
782,0.577567,0,0,0,0,1,0
783,0.655274,0,0,0,0,1,0
784,0.801989,0,0,0,0,1,0
785,0.814636,0,0,0,0,1,0
786,0.959348,0,0,0,0,1,0
787,0.875861,0,0,0,0,1,0
788,0.884953,0,0,0,0,1,0
789,0.938857,0,0,0,0,1,0
790,0.71881,0,0,0,0,1,0
791,0.819555,0,0,0,0,1,0
792,0.0,0,0,0,0,1,0
793,0.71974,0,0,0,0,1,0
794,0.755027,0,0,0,0,1,0
795,0.939101,0,0,0,0,1,0
796,0.756001,0,0,0,0,1,0
797,0.437881,0,0,0,1,1,0
798,0.361286,0,0,0,1,1,0
799,0.665413,0,0,0,0,1,0
800,0.251408,0,0,0,0,1,0
801,0.585664,0,0,0,0,1,0
802,0.85103,0,0,0,0,1,0
803,0.945588,0,0,0,0,1,0
804,0.854924,0,0,0,0,1,0
805,0.977075,0,0,0,0,1,0
806,0.87325,0,0,0,0,1,0
807,0.870324,0,0,0,0,1,0
808,0.902955,0,0,0,1,1,0
809,0.749438,0,0,0,1,1,0
810,0.385444,0,0,0,0,1,0
811,0.40526,0,0,0,0,1,0
812,0.69731,0,0,0,0,1,0
813,0.322634,0,0,0,0,1,0
814,0.817428,0,0,0,0,1,0
815,0.867006,0,0,0,0,1,0
816,0.917824,0,0,0,0,1,0
817,0.86,0,0,0,0,1,0
818,0.733737,0,0,0,0,1,0
819,0.721951,0,0,0,1,1,0
820,0.940488,0,0,0,0,1,0
821,0.870143,0,0,0,0,1,0
822,0.953345,0,0,0,0,1,0
823,0.730616,0,0,0,0,1,0
824,0.608799,0,0,0,0,1,0
825,0.803833,0,0,0,0,1,0
826,0.80223,0,0,0,0,1,0
827,0.97577,0,0,0,0,1,0
828,0.976165,0,0,0,0,1,0
829,0.956482,0,0,0,0,1,0
830,0.907809,0,0,0,0,1,0
831,0.956002,0,0,0,0,1,0
832,0.982793,0,0,0,0,1,0
833,0.631143,0,0,0,0,1,0
834,0.533801,0,0,0,0,1,0
835,0.746062,0,0,0,0,1,0
836,0.986607,0,0,0,0,1,0
837,0.944401,0,0,0,0,1,0
838,0.192343,0,0,0,0,1,0
839,0.724487,0,0,0,1,1,0
840,0.259429,0,0,0,1,1,0
841,0.771334,0,0,0,0,1,0
842,0.924295,0,0,0,0,1,0
843,0.666947,0,0,0,0,1,0
844,0.653405,0,0,0,0,1,0
845,0.687332,0,0,0,0,1,0
846,0.797833,0,0,0,0,1,0
847,0.436122,0,0,0,0,1,0
848,0.683071,0,0,0,0,1,0
849,0.9448,0,0,0,0,1,0
850,0.939666,0,0,0,0,1,0
851,0.696293,0,0,0,0,1,0
852,0.778485,0,0,0,0,1,0
853,0.823472,0,0,0,0,1,0
854,0.453832,0,0,0,0,1,0
855,0.540578,0,0,0,0,1,0
856,0.872756,0,0,0,0,1,0
857,0.771421,0,0,0,0,1,0
858,0.593383,0,0,0,0,1,0
859,0.907665,0,0,0,0,1,0
860,0.826194,0,0,0,0,1,0
861,0.709913,0,0,0,0,1,0
862,0.803939,0,0,0,0,1,0
863,0.832562,0,0,0,0,1,0
864,0.050458,0,0,0,0,1,0
865,0.97292,0,0,0,0,1,0
866,0.434251,0,0,0,0,1,0
867,0.697818,0,0,0,0,1,0
868,0.692038,0,0,0,0,1,0
869,0.941737,0,0,0,0,1,0
870,0.519203,0,0,0,0,1,0
871,0.096577,0,0,0,0,1,0
872,0.91025,0,0,0,0,1,0
873,0.899264,0,0,0,0,1,0
874,0.737099,0,0,0,0,1,0
875,0.843821,0,0,0,0,1,0
876,0.917893,0,0,0,0,1,0
877,0.86248,0,0,0,0,1,0
878,0.584762,0,0,0,0,1,0
879,0.546133,0,0,0,0,1,0
880,0.677977,0,0,0,0,1,0
881,0.827133,0,0,0,0,1,0
882,0.646079,0,0,0,0,1,0
883,0.897354,0,0,0,0,1,0
884,0.533891,0,0,0,0,1,0
885,0.95797,0,0,0,0,1,0
886,0.911716,0,0,0,0,1,0
887,0.900199,0,0,0,0,1,0
888,0.663622,0,0,0,0,1,0
889,0.584238,0,0,0,0,1,0
890,0.949175,0,0,0,0,1,0
891,0.804694,0,0,0,0,1,0
892,0.792721,0,0,0,0,1,0
893,0.96632,0,0,0,0,1,0
894,0.656298,0,0,0,0,1,0
895,0.664014,0,0,0,0,1,0
896,0.893966,0,0,0,0,1,0
897,0.938189,0,0,0,0,1,0
898,0.785319,0,0,0,0,1,0
899,0.696406,0,0,0,0,1,0
900,0.806949,0,0,0,0,1,0
901,0.735868,0,0,0,1,1,0
902,0.966449,0,0,0,0,1,0
903,0.395905,0,0,0,0,1,0
904,0.975798,0,0,0,1,1,0
905,0.805889,0,0,0,0,1,0
906,0.505578,0,0,0,0,1,0
907,0.674151,0,0,0,0,1,0
908,0.466146,0,0,0,0,1,0
909,0.934184,0,0,0,0,1,0
910,0.722312,0,0,0,0,1,0
911,0.446263,0,0,0,0,1,0
912,0.432829,0,0,0,0,1,0
913,0.566962,0,0,0,0,1,0
914,0.415629,0,0,0,0,1,0
915,0.836475,0,0,0,0,1,0
916,0.896823,0,0,0,0,1,0
917,0.82567,0,0,0,0,1,0
918,0.973887,0,0,0,0,1,0
919,0.208556,0,0,0,0,1,0
920,0.587997,0,0,0,0,1,0
921,0.682599,0,0,0,0,1,0
922,0.789554,0,0,0,0,1,0
923,0.758579,0,0,0,1,1,0
924,0.64889,0,0,0,0,1,0
925,0.764433,0,0,0,0,1,0
926,0.723127,0,0,0,0,1,0
927,0.657798,0,0,0,0,1,0
928,0.885389,0,0,0,0,1,0
929,0.943746,0,0,0,0,1,0
930,0.576407,0,0,0,0,1,0
931,0.756917,0,0,0,0,1,0
932,0.262731,0,0,0,0,1,0
933,0.420727,0,0,0,0,1,0
934,0.709897,0,0,0,0,1,0
935,0.395305,0,0,0,0,1,0
936,0.478785,0,0,0,0,1,0
937,0.732508,0,0,0,0,1,0
938,0.941429,0,0,0,0,1,0
939,0.678847,0,0,0,0,1,0
940,0.872747,0,0,0,0,1,0
941,0.855747,0,0,0,0,1,0
942,0.374449,0,0,0,0,1,0
943,0.597656,0,0,0,0,1,0
944,0.62215,0,0,0,0,1,0
945,0.634094,0,0,0,0,1,0
946,0.440584,0,0,0,0,1,0
947,0.89494,0,0,0,0,1,0
948,0.541575,0,0,0,0,1,0
949,0.758113,0,0,0,0,1,0
950,0.369445,0,0,0,0,1,0
951,0.701003,0,0,0,0,1,0
952,0.840737,0,0,0,0,1,0
953,0.640979,0,0,0,0,1,0
954,0.494822,0,0,0,0,1,0
955,0.613277,0,0,0,0,1,0
956,0.79668,0,0,0,0,1,0
957,0.258977,0,0,0,0,1,0
958,0.362996,0,0,0,0,1,0
959,0.592136,0,0,0,0,1,0
960,0.675547,0,0,0,0,1,0
961,0.764785,0,0,0,0,1,0
962,0.748174,0,0,0,0,1,0
963,0.363543,0,0,0,0,1,0
964,0.738093,0,0,0,0,1,0
965,0.692697,0,0,0,0,1,0
966,0.80782,0,0,0,0,1,0
967,0.727545,0,0,0,0,1,0
968,0.985438,0,0,0,0,1,0
969,0.496833,0,0,0,0,1,0
970,0.939684,0,0,0,0,1,0
971,0.903579,0,0,0,0,1,0
972,0.420529,0,0,0,0,1,0
973,0.792025,0,0,0,0,1,0
974,0.409463,0,0,0,0,1,0
975,0.578867,0,0,0,0,1,0
976,0.750652,0,0,0,0,1,0
977,0.77167,0,0,0,0,1,0
978,0.355641,0,0,0,0,1,0
979,0.81674,0,0,0,0,1,0
980,0.546563,0,0,0,0,1,0
981,0.493909,0,0,0,0,1,0
982,0.623614,0,0,0,0,1,0
983,0.776329,0,0,0,0,1,0
984,0.104392,0,0,0,0,1,0
985,0.940531,0,0,0,0,1,0
986,0.321865,0,0,0,0,1,0
987,0.719278,0,0,0,0,1,0
988,0.667202,0,0,0,0,1,0
989,0.534518,0,0,0,1,1,0
990,0.930654,0,0,0,0,1,0
991,0.944865,0,0,0,0,1,0
992,0.708627,0,0,0,0,1,0
993,0.473288,0,0,0,0,1,0
994,0.501307,0,0,0,0,1,0
995,0.886308,0,0,0,0,1,0
996,0.45687,0,0,0,0,1,0
997,0.96889,0,0,0,0,1,0
998,0.932321,0,0,0,0,1,0
999,0.712341,0,0,0,0,0,1
1000,0.969756,0,0,0,0,0,1
1001,0.769265,0,0,0,0,0,1
1002,1.0,0,0,0,0,0,1
1003,0.754423,0,0,0,0,0,1
1004,0.104902,0,0,0,0,0,1
1005,0.561313,0,0,0,0,0,1
1006,0.621122,0,0,0,0,0,1
1007,0.720678,0,0,0,0,0,1
1008,0.417303,0,0,0,0,0,1
1009,0.739347,0,0,0,0,0,1
1010,1.0,0,0,0,0,0,1
1011,0.812789,0,0,0,0,0,1
1012,0.299921,0,0,0,0,0,1
1013,0.76618,0,0,0,0,0,1
1014,0.850591,0,0,0,0,0,1
1015,0.882542,0,0,0,0,0,1
1016,0.730109,0,0,0,0,0,1
1017,0.746778,0,0,0,0,0,1
1018,0.597385,0,0,0,0,0,1
1019,0.616842,0,0,0,0,0,1
1020,0.719898,0,0,0,0,0,1
1021,0.583485,0,0,0,0,0,1
1022,0.773711,0,0,0,0,0,1
1023,0.687121,0,0,0,0,0,1
1024,0.826398,0,0,0,0,0,1
1025,0.684958,0,0,0,0,0,1
1026,0.68733,0,0,0,0,0,1
1027,0.127198,0,0,0,0,0,1
1028,0.832043,0,0,0,0,0,1
1029,0.769887,0,0,0,0,0,1
1030,0.614269,0,0,0,0,0,1
1031,0.717602,0,0,0,0,0,1
1032,0.644577,0,0,0,0,0,1
1033,0.668065,0,0,0,0,0,1
1034,0.899423,0,0,0,0,0,1
1035,0.643156,0,0,0,0,0,1
1036,0.505808,0,0,0,0,0,1
1037,0.398596,0,0,0,0,0,1
1038,0.865123,0,0,0,0,0,1
1039,0.685713,0,0,0,0,0,1
1040,0.193618,0,0,0,0,0,1
1041,0.083719,0,0,0,0,0,1
1042,0.587506,0,0,0,0,0,1
1043,0.32522,0,0,0,0,0,1
1044,0.26551,0,0,0,0,0,1
1045,0.710099,0,0,0,0,0,1
1046,0.812068,0,0,0,0,0,1
1047,0.786879,0,0,0,0,0,1
1048,0.921563,0,0,0,0,0,1
1049,0.556176,0,0,0,0,0,1
1050,0.963023,0,0,0,0,0,1
1051,0.95081,0,0,0,0,0,1
1052,0.939723,0,0,0,0,0,1
1053,0.791598,0,0,0,0,0,1
1054,0.202728,0,0,0,0,0,1
1055,0.525734,0,0,0,0,0,1
1056,0.795986,0,0,0,0,0,1
1057,0.396322,0,0,0,0,0,1
1058,0.753768,0,0,0,0,0,1
1059,0.530598,0,0,0,0,0,1
1060,0.441241,0,0,0,0,0,1
1061,0.336443,0,0,0,0,0,1
1062,0.76241,0,0,0,0,0,1
1063,0.801167,0,0,0,0,0,1
1064,0.537799,0,0,0,0,0,1
1065,0.511124,0,0,0,0,0,1
1066,0.68725,0,0,0,0,0,1
1067,0.866882,0,0,0,0,0,1
1068,0.963581,0,0,0,0,0,1
1069,0.325119,0,0,0,0,0,1
1070,0.74616,0,0,0,0,0,1
1071,0.862349,0,0,0,0,0,1
1072,0.884206,0,0,0,0,0,1
1073,0.536801,0,0,0,0,0,1
1074,0.502773,0,0,0,0,0,1
1075,0.770585,0,0,0,0,0,1
1076,0.365557,0,0,0,0,0,1
1077,0.640274,0,0,0,0,0,1
1078,0.567343,0,0,0,0,0,1
1079,0.98167,0,0,0,0,0,1
1080,0.707872,0,0,0,0,0,1
1081,0.666772,0,0,0,0,0,1
1082,0.528577,0,0,0,0,0,1
1083,0.88016,0,0,0,0,0,1
1084,0.765827,0,0,0,0,0,1
1085,0.92247,0,0,0,0,0,1
1086,0.061145,0,0,0,0,0,1
1087,0.747026,0,0,0,0,0,1
1088,0.783133,0,0,0,0,0,1
1089,0.626849,0,0,0,0,0,1
1090,0.431832,0,0,0,0,0,1
1091,0.62105,0,0,0,0,0,1
1092,0.747619,0,0,0,0,0,1
1093,0.611979,0,0,0,0,0,1
1094,0.922667,0,0,0,0,0,1
1095,0.609311,0,0,0,0,0,1
1096,0.926789,0,0,0,0,0,1
1097,0.723887,0,0,0,0,0,1
1098,0.452307,0,0,0,0,0,1
1099,0.725355,0,0,0,0,0,1
1100,0.485282,0,0,0,0,0,1
1101,0.428328,0,0,0,0,0,1
1102,0.730705,0,0,0,0,0,1
1103,0.818749,0,0,0,0,0,1
1104,0.645252,0,0,0,0,0,1
1105,0.760598,0,0,0,0,0,1
1106,0.942247,0,0,0,0,0,1
1107,0.822326,0,0,0,0,0,1
1108,0.411539,0,0,0,0,0,1
1109,0.831843,0,0,0,0,0,1
1110,0.774724,0,0,0,0,0,1
1111,0.374359,0,0,0,0,0,1
1112,0.451991,0,0,0,0,0,1
1113,0.714481,0,0,0,0,0,1
1114,0.884359,0,0,0,0,0,1
1115,0.637736,0,0,0,0,0,1
1116,0.076761,0,0,0,0,0,1
1117,0.852722,0,0,0,0,0,1
1118,0.604913,0,0,0,0,0,1
1119,0.654365,0,0,0,0,0,1
1120,0.733932,0,0,0,0,0,1
1121,0.7234,0,0,0,0,0,1
1122,0.743728,0,0,0,0,1,1
1123,0.399567,0,0,0,0,0,1
1124,0.467994,0,0,0,0,0,1
1125,0.173003,0,0,0,0,0,1
1126,0.842292,0,0,0,0,0,1
1127,0.641762,0,0,0,0,0,1
1128,0.742403,0,0,0,0,0,1
1129,0.657734,0,0,0,0,0,1
1130,0.71838,0,0,0,0,0,1
1131,0.842012,0,0,0,0,0,1
1132,0.839518,0,0,0,0,0,1
1133,0.723956,0,0,0,0,0,1
1134,0.253608,0,0,0,0,0,1
1135,0.707387,0,0,0,0,0,1
1136,0.734242,0,0,0,0,0,1
1137,0.658126,0,0,0,0,0,1
1138,0.56597,0,0,0,0,0,1
1139,0.910909,0,0,0,0,0,1
1140,0.532694,0,0,0,0,0,1
1141,0.763769,0,0,0,0,0,1
1142,0.680574,0,0,0,0,0,1
1143,0.0,0,0,0,0,0,1
1144,0.404571,0,0,0,0,0,1
1145,0.518721,0,0,0,0,0,1
1146,0.816324,0,0,0,0,0,1
1147,0.735044,0,0,0,0,0,1
1148,0.236392,0,0,0,0,0,1
1149,0.529421,0,0,0,0,0,1
1150,0.830798,0,0,0,0,0,1
1151,0.563878,0,0,0,0,0,1
1152,0.983734,0,0,0,0,0,1
1153,0.987723,0,0,0,0,0,1
1154,0.411901,0,0,0,0,0,1
1155,0.658888,0,0,0,0,0,1
1156,0.941475,0,0,0,0,0,1
1157,0.581207,0,0,0,0,0,1
1158,0.703263,0,0,0,0,0,1
1159,0.587499,0,0,0,0,0,1
1160,0.485418,0,0,0,0,0,1
1161,0.531682,0,0,0,0,0,1
1162,0.606994,0,0,0,0,0,1
1163,0.687323,0,0,0,0,0,1
1164,0.817681,0,0,0,0,0,1
1165,0.44102,0,0,0,0,0,1
1166,0.583958,0,0,0,1,0,1
1167,0.679163,0,0,0,0,0,1
1168,0.749934,0,0,0,0,0,1
1169,0.570258,0,0,0,0,0,1
1170,0.662392,0,0,0,0,0,1
1171,0.74912,0,0,0,0,0,1
1172,0.572518,0,0,0,0,0,1
1173,0.870542,0,0,0,0,0,1
1174,0.466065,0,0,0,0,0,1
1175,0.886919,0,0,0,0,0,1
1176,0.546156,0,0,0,0,0,1
1177,0.616445,0,0,0,0,0,1
1178,0.71311,0,0,0,0,0,1
1179,0.845843,0,0,0,0,0,1
1180,0.845843,0,0,0,0,0,1
1181,0.878357,0,0,0,0,0,1
1182,0.894669,0,0,0,0,0,1
1183,0.57254,0,0,0,0,0,1
1184,0.612729,0,0,0,0,0,1
1185,0.623562,0,0,0,0,0,1
1186,0.918307,0,0,0,0,0,1
1187,0.656314,0,0,0,0,0,1
1188,0.89192,0,0,0,0,0,1
1189,0.593715,0,0,0,0,0,1
1190,0.639866,0,0,0,0,0,1
1191,0.221807,0,0,0,0,0,1
1192,0.684019,0,0,0,0,0,1
1193,0.633909,0,0,0,0,0,1
1194,0.701764,0,0,0,0,0,1
1195,0.942798,0,0,0,0,0,1
1196,0.611972,0,0,0,0,0,1
1197,0.772182,0,0,0,0,0,1
1198,0.634295,0,0,0,0,0,1
1199,0.912751,0,0,0,0,0,1
1200,0.731276,0,0,0,0,0,1
1201,1.0,0,0,0,0,0,1
1202,0.907122,0,0,0,0,0,1
1203,0.759944,0,0,0,0,0,1
1204,0.844923,0,0,0,0,0,1
1205,0.716165,0,0,0,0,0,1
1206,0.918827,0,0,0,0,0,1
1207,0.632875,0,0,0,0,0,1
1208,0.704245,0,0,0,0,0,1
1209,0.83653,0,0,0,0,0,1
1210,0.833326,0,0,0,0,0,1
1211,0.9659,1,0,0,0,1,0
1212,0.661803,1,0,0,0,0,0
1213,0.719042,1,0,0,0,0,0
1214,0.461537,1,0,0,0,1,0
1215,0.949118,1,0,0,0,0,0
1216,0.789164,1,0,0,0,0,0
1217,0.871229,1,0,0,0,0,0
1218,0.812923,1,0,0,0,0,0
1219,0.884011,1,0,0,0,0,0
1220,0.847022,1,0,0,0,0,0
1221,0.789152,1,0,0,0,0,0
1222,0.592025,1,0,0,0,0,0
1223,0.860565,1,0,0,0,0,0
1224,0.238894,1,0,0,0,0,0
1225,0.602467,1,0,0,0,0,0
1226,0.421797,1,0,0,0,0,0
1227,0.599186,1,0,0,0,0,0
1228,0.613959,1,0,0,0,1,0
1229,0.578488,1,0,0,0,0,0
1230,0.313088,1,0,0,0,0,0
1231,0.850302,1,0,0,0,1,0
1232,0.592266,1,0,0,0,0,0
1233,0.893087,1,0,0,0,0,0
1234,0.932923,1,0,0,0,0,0
1235,0.54704,1,0,0,0,0,0
1236,0.677901,1,0,0,0,0,0
1237,0.772746,1,0,0,0,0,0
1238,0.590333,1,0,0,0,1,0
1239,0.745841,1,0,0,0,0,0
1240,0.661798,1,0,0,0,0,0
1241,0.819293,1,0,0,0,0,0
1242,0.49664,1,0,0,0,0,0
1243,0.391367,1,0,0,0,0,0
1244,0.783652,1,0,0,0,0,0
1245,0.193987,1,0,0,0,0,0
1246,0.979959,1,0,0,0,0,0
1247,0.710797,1,0,0,0,0,1
1248,0.927182,1,0,0,0,0,0
1249,0.4474,1,0,0,0,0,0
1250,0.766679,1,0,0,0,0,0
1251,0.677281,1,0,0,0,0,0
1252,0.754471,1,0,0,0,0,0
1253,0.773934,1,0,0,0,0,0
1254,0.505468,1,0,0,0,0,0
1255,0.935314,1,0,0,0,0,0
1256,0.557266,1,0,0,0,0,0
1257,0.831751,1,0,0,0,0,0
1258,0.645698,1,0,0,0,0,0
1259,0.472096,1,0,0,0,0,0
1260,0.646683,1,0,0,0,0,0
1261,0.767816,1,0,0,0,0,0
1262,0.58478,1,0,0,0,0,0
1263,0.511491,1,0,0,0,0,0
1264,0.514183,1,0,0,0,0,0
1265,0.612243,1,0,0,0,0,0
1266,0.57576,1,0,0,0,0,1
1267,0.379705,1,0,0,0,0,0
1268,0.4531,1,0,0,0,0,0
1269,0.600045,1,0,0,0,0,1
1270,0.915135,1,0,0,0,0,0
1271,0.668972,1,0,0,0,0,0
1272,0.774002,1,0,0,0,0,0
1273,0.467859,1,0,0,0,0,0
1274,0.157504,1,0,0,0,0,0
1275,0.560851,1,0,0,0,0,0
1276,0.776963,1,0,0,0,0,0
1277,0.407417,1,0,0,0,0,0
1278,0.640515,1,0,0,0,0,0
1279,0.745276,1,0,0,0,0,0
1280,0.812704,1,0,0,0,0,0
1281,0.362856,1,0,0,0,0,0
1282,0.445,1,0,0,0,0,0
1283,0.568087,1,0,0,0,0,0
1284,0.716881,1,0,0,0,0,0
1285,0.637924,1,0,0,0,0,0
1286,0.317189,1,0,0,0,0,0
1287,0.413998,1,0,0,0,0,1
1288,0.734756,1,0,0,0,0,0
1289,0.75017,1,0,0,0,0,0
1290,0.422236,1,0,0,0,0,0
1291,0.431692,1,0,0,0,0,0
1292,0.306883,1,0,0,0,0,0
1293,0.745747,1,0,0,0,0,0
1294,0.745917,1,0,0,0,0,0
1295,0.578012,1,0,0,0,0,0
1296,0.677717,1,0,0,0,0,0
1297,0.826453,1,0,0,0,0,0
1298,0.849627,1,0,0,0,0,0
1299,0.430503,1,0,0,0,0,0
1300,0.704076,1,0,0,0,0,0
1301,0.413041,1,0,0,0,0,0
1302,0.557262,1,0,0,0,0,0
1303,0.543109,1,0,0,0,0,0
1304,0.52995,1,0,0,0,0,0
1305,0.551925,1,0,0,0,0,0
1306,0.896391,1,0,0,0,0,0
1307,0.834766,1,0,0,0,0,0
1308,0.234053,1,0,0,0,0,0
1309,0.04451,1,0,0,0,0,0
1310,0.274864,1,0,0,0,0,0
1311,0.499272,1,0,0,0,0,0
1312,0.483411,1,0,0,0,0,0
1313,0.486557,1,0,0,0,0,0
1314,0.426022,1,0,0,0,0,0
1315,0.293051,1,0,0,0,0,0
1316,0.473591,1,0,0,0,0,0
1317,0.471719,1,0,0,0,0,0
1318,0.760196,1,0,0,0,0,0
1319,0.760132,1,0,0,0,1,0
1320,0.702032,1,0,0,0,0,0
1321,0.238729,1,0,0,0,0,0
1322,0.693202,1,0,0,0,0,0
1323,0.597133,1,0,0,0,1,0
1324,0.582548,1,0,0,0,0,0
1325,0.634723,1,0,0,0,0,0
1326,0.700034,1,0,0,0,0,0
1327,0.274554,1,0,0,0,0,0
1328,0.535393,1,0,0,0,0,0
1329,0.306773,1,0,0,0,0,0
1330,0.439966,1,0,0,0,0,0
1331,0.62864,1,0,0,0,0,0
1332,0.673556,1,0,0,0,0,0
1333,0.925818,1,0,0,0,0,0
1334,0.535861,1,0,0,0,0,0
1335,0.65676,1,0,0,0,0,0
1336,0.564422,1,0,0,0,0,1
1337,0.493664,1,0,0,0,0,0
1338,0.172539,1,0,0,0,0,0
1339,0.24681,1,0,0,0,0,0
1340,0.589658,1,0,0,0,0,0
1341,0.707135,1,0,0,0,0,1
1342,0.525146,1,0,0,0,0,0
1343,0.903954,1,0,0,0,1,0
1344,0.60449,1,0,0,0,0,0
1345,0.640152,1,0,0,0,0,0
1346,0.468378,1,0,0,0,0,0
1347,0.483523,1,0,0,0,0,0
1348,0.647287,1,0,0,0,0,0
1349,0.593245,1,0,0,0,0,0
1350,0.627889,1,0,0,0,0,0
1351,0.714194,1,0,0,0,0,0
1352,0.572003,1,0,0,0,0,0
1353,0.638482,1,0,0,0,0,0
1354,0.468768,1,0,0,0,0,0
1355,0.788403,1,0,0,0,0,0
1356,0.456983,1,0,0,0,0,0
1357,0.710474,1,0,0,0,0,0
1358,0.590402,1,0,0,0,0,0
1359,0.737643,1,0,0,0,0,0
1360,0.672304,1,0,0,0,0,0
1361,0.746654,1,0,0,0,0,0
1362,0.646127,1,0,0,0,0,0
1363,0.551851,1,0,0,0,0,0
1364,0.591187,1,0,0,0,1,0
1365,0.731153,1,0,0,0,0,0
1366,0.463813,1,0,0,0,1,0
1367,0.727235,1,0,0,0,0,0
1368,0.322021,1,0,0,0,0,0
1369,0.560631,1,0,0,0,0,0
1370,0.453472,1,0,0,0,0,0
1371,0.455511,1,0,0,0,0,0
1372,0.898973,1,0,0,0,1,0
1373,0.748647,1,0,0,0,0,0
1374,0.84916,1,0,0,0,0,0
1375,0.814993,1,0,0,0,0,0
1376,0.625622,1,0,0,1,0,0
1377,0.755904,1,0,0,0,0,0
1378,0.859798,1,0,0,0,0,0
1379,0.741643,1,0,0,0,0,0
1380,0.401393,1,0,0,0,0,1
1381,0.317001,1,0,0,0,0,0
1382,0.517967,1,0,0,0,0,0
1383,0.830594,1,0,0,0,0,0
1384,0.564689,1,0,0,0,1,0
1385,0.630054,1,0,0,0,1,0
1386,0.844586,1,0,0,0,0,0
1387,0.911254,1,0,0,0,1,0
1388,0.618896,1,0,0,0,0,0
1389,0.779261,1,0,0,0,0,0
1390,0.921471,1,0,0,0,1,0
1391,0.904927,1,0,0,0,1,0
1392,0.289892,1,0,0,0,0,0
1393,0.918419,1,0,0,0,0,0
1394,0.676284,1,0,0,0,0,0
1395,0.5746,1,0,0,0,0,0
1396,0.515219,1,0,0,0,0,0
1397,0.684616,1,0,0,0,0,0
1398,0.521938,1,0,0,0,0,0
1399,0.105264,1,0,0,0,0,0
1400,0.611954,1,0,0,0,0,0
1401,0.138857,1,0,0,0,0,0
1402,0.715089,1,0,0,0,0,0
1403,0.943533,1,0,0,0,0,0
1404,0.684455,1,0,0,0,1,0
1405,0.799353,1,0,0,0,0,0
1406,0.33092,1,0,0,0,0,0
1407,0.643176,1,0,0,0,0,0
1408,0.794909,1,0,0,0,0,0
1409,0.813478,1,0,0,0,0,0
1410,0.718243,1,0,0,0,0,0
1411,0.611897,0,1,0,0,0,0
1412,0.292111,0,1,0,0,0,0
1413,0.146761,0,1,0,0,0,0
1414,0.012358,0,1,0,0,0,0
1415,0.111388,0,1,0,0,0,0
1416,0.363369,0,1,0,0,0,0
1417,0.0,0,1,0,0,0,0
1418,0.273351,0,1,0,0,0,0
1419,0.642737,0,1,0,0,0,0
1420,0.429614,0,1,0,0,0,0
1421,0.543286,0,1,0,0,0,0
1422,0.496316,0,1,0,0,0,0
1423,0.126204,0,1,0,0,0,0
1424,0.535785,0,1,0,0,0,0
1425,0.180198,0,1,0,0,0,0
1426,0.731966,0,1,0,0,0,0
1427,0.731155,0,1,0,0,0,0
1428,0.968017,0,1,0,0,0,0
1429,0.0,0,1,0,0,0,0
1430,0.742468,0,1,0,0,0,0
1431,0.919544,0,1,0,0,0,0
1432,0.2661,0,1,0,0,0,0
1433,0.190692,0,1,0,0,0,0
1434,0.884386,0,1,0,0,0,0
1435,0.781863,0,1,0,0,0,0
1436,0.737801,0,1,0,0,0,0
1437,0.418839,0,1,0,0,0,0
1438,0.701437,0,1,0,0,0,0
1439,0.657396,0,1,0,0,0,0
1440,0.981328,0,1,0,0,0,0
1441,0.852456,0,1,0,0,0,0
1442,0.046772,0,1,0,0,0,0
1443,0.217365,0,1,0,0,0,0
1444,0.196819,0,1,0,0,0,0
1445,0.926183,0,1,0,0,0,0
1446,0.760929,0,1,0,0,0,0
1447,0.883166,0,1,0,0,0,0
1448,0.0,0,1,0,0,0,0
1449,0.73314,0,1,0,0,0,0
1450,0.363759,0,1,0,0,0,0
1451,0.559294,0,1,0,0,0,0
1452,0.288674,0,1,0,0,0,0
1453,0.488208,0,1,0,0,0,0
1454,0.211098,0,1,0,0,0,0
1455,0.0,0,1,0,0,0,0
1456,0.624297,0,1,0,0,0,0
1457,0.766985,0,1,0,0,0,0
1458,0.027757,0,1,0,0,0,0
1459,0.381373,0,1,0,0,0,0
1460,0.043504,0,1,0,0,0,0
1461,0.499132,0,1,0,0,0,0
1462,0.729245,0,1,0,0,0,0
1463,0.664788,0,1,0,0,0,0
1464,0.58943,0,1,0,0,0,0
1465,0.22123,0,1,0,0,0,0
1466,0.691319,0,1,0,0,0,0
1467,0.875987,0,1,0,0,0,0
1468,0.587674,0,1,0,0,0,0
1469,0.328867,0,1,0,0,0,0
1470,0.769034,0,1,0,0,0,0
1471,0.999586,0,1,0,0,0,0
1472,0.493124,0,1,0,0,0,0
1473,0.438234,0,1,0,0,0,0
1474,0.84866,0,1,0,0,0,0
1475,0.534234,0,1,0,0,0,0
1476,0.411169,0,1,0,0,0,0
1477,0.547449,0,1,0,0,0,0
1478,0.833652,0,1,0,0,0,0
1479,0.611423,0,1,0,0,0,0
1480,0.899685,0,1,0,0,0,0
1481,0.608406,0,1,0,0,0,0
1482,0.659203,0,1,0,0,0,0
1483,0.709629,0,1,0,0,0,0
1484,0.147844,0,1,0,0,0,0
1485,0.427772,0,1,0,0,0,0
1486,0.791599,0,1,0,0,0,0
1487,0.442561,0,1,0,0,0,0
1488,0.630213,0,1,0,0,0,0
1489,0.548016,0,1,0,0,0,0
1490,0.487674,0,1,0,0,0,0
1491,0.418418,0,1,0,0,0,0
1492,0.497692,0,1,0,0,0,0
1493,0.423223,0,1,0,0,0,0
1494,0.575362,0,1,0,0,0,0
1495,0.726436,0,1,0,0,0,0
1496,0.4692,0,1,0,0,0,0
1497,0.301994,0,1,0,0,0,0
1498,0.558132,0,1,0,0,0,0
1499,0.492509,0,1,0,0,0,0
1500,0.631568,0,1,0,0,0,0
1501,0.59434,0,1,0,0,0,0
1502,0.13253,0,1,0,0,0,0
1503,0.179357,0,1,0,0,0,0
1504,0.128305,0,1,0,0,0,0
1505,0.446631,0,1,0,0,0,0
1506,0.498229,0,1,0,0,0,0
1507,0.069203,0,1,0,0,0,0
1508,0.485034,0,1,0,0,0,0
1509,0.257477,0,1,0,0,0,0
1510,0.738989,0,1,0,0,0,0
1511,0.710591,0,1,0,0,0,0
1512,0.718137,0,1,0,0,0,0
1513,0.337419,0,1,0,0,0,0
1514,0.353198,0,1,0,0,0,0
1515,0.0,0,1,0,0,0,0
1516,0.460324,0,1,0,0,0,0
1517,0.645549,0,1,0,0,0,0
1518,0.731546,0,1,0,0,0,0
1519,0.0,0,1,0,0,0,0
1520,0.845877,0,1,0,0,0,0
1521,0.724367,0,1,0,0,0,0
1522,0.642481,0,1,0,0,0,0
1523,0.748383,0,1,0,0,0,0
1524,0.916997,0,1,0,0,0,0
1525,0.610996,0,1,0,0,0,0
1526,0.567635,0,1,0,0,0,0
1527,0.792445,0,1,0,0,0,0
1528,0.779427,0,1,0,0,0,0
1529,0.581236,0,1,0,0,0,0
1530,0.3332,0,1,0,0,0,0
1531,0.0,0,1,0,0,0,0
1532,0.442481,0,1,0,0,0,0
1533,0.154321,0,1,0,0,0,0
1534,0.774384,0,1,0,0,0,0
1535,0.112326,0,1,0,0,0,0
1536,0.639171,0,1,0,0,0,0
1537,0.194704,0,1,0,0,0,0
1538,0.651283,0,1,0,0,0,0
1539,0.622329,0,1,0,0,0,0
1540,0.310796,0,1,0,0,0,0
1541,0.525474,0,1,0,0,0,0
1542,0.672814,0,1,0,0,0,0
1543,0.903237,0,1,0,0,0,0
1544,0.649636,0,1,0,0,0,0
1545,0.463075,0,1,0,0,0,0
1546,0.559779,0,1,0,0,0,0
1547,0.099202,0,1,0,0,0,0
1548,0.336792,0,1,0,0,0,0
1549,0.435148,0,1,0,0,0,0
1550,0.776887,0,1,0,0,0,0
1551,0.560651,0,1,0,0,0,0
1552,0.395434,0,1,0,0,0,0
1553,0.783259,0,1,0,0,0,0
1554,0.640078,0,1,0,0,0,0
1555,0.522126,0,1,0,0,0,0
1556,0.191069,0,1,0,0,0,0
1557,0.639415,0,1,0,0,0,0
1558,0.702117,0,1,0,0,0,0
1559,0.639952,0,1,0,0,0,0
1560,0.691229,0,1,0,0,0,0
1561,0.649464,0,1,0,0,0,0
1562,0.401992,0,1,0,0,0,0
1563,0.661236,0,1,0,0,0,0
1564,0.663729,0,1,0,0,0,0
1565,0.856197,0,1,0,0,0,0
1566,0.589286,0,1,0,0,0,0
1567,0.243687,0,1,0,0,0,0
1568,0.0,0,1,0,0,0,0
1569,0.19542,0,1,0,0,0,0
1570,0.361701,0,1,0,0,0,0
1571,0.732878,0,1,0,0,0,0
1572,0.463905,0,1,0,0,0,0
1573,0.84508,0,1,0,0,0,0
1574,0.329292,0,1,0,0,0,0
1575,0.388542,0,1,0,0,0,0
1576,0.0,0,1,0,0,0,0
1577,0.74664,0,1,0,0,0,0
1578,0.716199,0,1,0,0,0,0
1579,0.87858,0,1,0,0,0,0
1580,0.605753,0,1,0,0,0,0
1581,0.725384,0,1,0,0,0,0
1582,0.846294,0,1,0,0,0,0
1583,0.712462,0,1,0,0,0,0
1584,0.124008,0,1,0,0,0,0
1585,0.666903,0,1,0,0,0,0
1586,0.895381,0,1,0,0,0,0
1587,0.165982,0,1,0,0,0,0
1588,0.19655,0,1,0,0,0,0
1589,0.17109,0,1,0,0,0,0
1590,0.285783,0,1,0,0,0,0
1591,0.377643,0,1,0,0,0,0
1592,0.684354,0,1,0,0,0,0
1593,0.557041,0,1,0,0,0,0
1594,0.778774,0,1,0,0,0,0
1595,0.601907,0,1,0,0,0,0
1596,0.877044,0,1,0,0,0,0
1597,0.817717,0,1,0,0,0,0
1598,0.628034,0,1,0,0,0,0
1599,0.833333,0,1,0,0,0,0
1600,0.852897,0,1,0,0,0,0
1601,0.701552,0,1,0,0,0,0
1602,0.009101,0,1,0,0,0,0
1603,0.274542,0,1,0,0,0,0
1604,0.819982,0,1,0,0,0,0
1605,0.848279,0,1,0,0,0,0
1606,0.576788,0,1,0,0,0,0
1607,0.617213,0,1,0,0,0,0
1608,0.0,0,1,0,0,0,0
1609,0.792372,0,1,0,0,0,0
1610,0.352823,0,0,1,0,0,0
1611,0.510428,0,0,1,0,0,0
1612,0.437973,0,0,1,0,0,0
1613,0.399944,0,0,1,0,0,0
1614,0.66703,0,0,1,0,0,0
1615,0.687234,0,0,1,1,0,0
1616,0.80906,0,0,1,1,0,0
1617,0.639458,0,0,1,0,1,0
1618,0.912347,0,0,1,1,0,0
1619,0.90182,0,0,1,0,0,0
1620,0.560888,0,0,1,1,0,0
1621,0.683929,0,0,1,1,0,0
1622,0.462088,0,0,1,0,0,0
1623,0.560224,0,0,1,0,0,0
1624,0.713085,0,0,1,0,0,0
1625,0.793692,0,0,1,1,0,0
1626,0.269857,0,0,1,0,0,0
1627,0.644242,0,0,1,0,0,0
1628,0.634036,0,0,1,0,0,0
1629,0.55192,0,0,1,0,0,0
1630,0.850276,0,0,1,1,0,0
1631,0.666192,0,0,1,0,0,0
1632,0.7927,0,0,1,0,0,0
1633,0.336183,0,0,1,0,0,0
1634,0.601099,0,0,1,1,0,0
1635,0.466091,0,0,1,0,0,0
1636,0.551946,0,0,1,0,0,0
1637,0.708692,0,0,1,0,0,0
1638,0.759542,0,0,1,0,0,0
1639,0.532295,0,0,1,0,0,0
1640,0.771465,0,0,1,0,0,0
1641,0.789607,0,0,1,0,1,0
1642,0.729757,0,0,1,0,1,0
1643,0.639355,0,0,1,0,0,0
1644,0.669177,0,0,1,0,0,0
1645,0.79487,0,0,1,0,0,0
1646,0.772298,0,0,1,0,0,0
1647,0.983877,0,0,1,0,0,0
1648,0.587361,0,0,1,0,0,0
1649,0.529916,0,0,1,0,0,0
1650,0.564027,0,0,1,1,0,0
1651,0.737039,0,0,1,1,0,0
1652,0.486862,0,0,1,1,0,0
1653,0.721745,0,0,1,0,0,0
1654,0.676369,0,0,1,0,0,0
1655,0.473001,0,0,1,0,0,0
1656,0.957472,0,0,1,0,0,0
1657,0.782972,0,0,1,0,0,0
1658,0.430769,0,0,1,0,0,0
1659,0.522092,0,0,1,0,0,0
1660,0.828938,0,0,1,0,0,0
1661,0.938471,0,0,1,0,0,0
1662,0.548166,0,0,1,0,0,0
1663,0.733192,0,0,1,0,0,0
1664,0.634553,0,0,1,0,0,0
1665,0.476854,0,0,1,0,0,0
1666,0.24123,0,0,1,0,0,0
1667,0.535069,0,0,1,0,0,0
1668,0.976287,0,0,1,0,1,0
1669,0.505158,0,0,1,0,0,0
1670,0.44551,0,0,1,0,0,0
1671,0.796893,0,0,1,0,0,0
1672,0.659437,0,0,1,0,0,0
1673,0.607444,0,0,1,0,0,0
1674,0.72899,0,0,1,0,0,0
1675,0.633481,0,0,1,0,0,0
1676,0.504549,0,0,1,0,0,0
1677,0.887286,0,0,1,0,1,0
1678,0.575378,0,0,1,0,0,0
1679,0.603365,0,0,1,0,0,0
1680,0.63716,0,0,1,0,0,0
1681,0.37209,0,0,1,0,0,0
1682,0.748009,0,0,1,0,0,0
1683,0.600867,0,0,1,0,0,0
1684,0.72196,0,0,1,0,0,0
1685,0.369969,0,0,1,0,0,0
1686,0.599335,0,0,1,0,0,0
1687,0.603554,0,0,1,0,0,0
1688,0.784819,0,0,1,1,0,0
1689,0.349307,0,0,1,0,0,0
1690,0.114609,0,0,1,0,0,0
1691,0.556724,0,0,1,0,0,0
1692,0.965719,0,0,1,0,0,0
1693,0.549031,0,0,1,0,0,0
1694,0.329602,0,0,1,0,0,0
1695,0.555546,0,0,1,0,0,0
1696,0.452652,0,0,1,0,0,0
1697,0.484561,0,0,1,0,0,0
1698,0.271265,0,0,1,0,0,0
1699,0.365242,0,0,1,0,0,0
1700,0.376787,0,0,1,0,0,0
1701,0.0,0,0,1,0,0,0
1702,0.569252,0,0,1,0,0,0
1703,0.388209,0,0,1,1,0,0
1704,0.526673,0,0,1,0,0,0
1705,0.90177,0,0,1,0,0,0
1706,0.679198,0,0,1,0,0,0
1707,0.620155,0,0,1,0,0,0
1708,0.45863,0,0,1,0,0,0
1709,0.761393,0,0,1,0,0,0
1710,0.327131,0,0,1,0,0,0
1711,0.560174,0,0,1,0,0,0
1712,0.633722,0,0,1,0,0,0
1713,0.314137,0,0,1,0,0,0
1714,0.876324,0,0,1,0,0,0
1715,1.0,0,0,1,0,0,0
1716,0.929318,0,0,1,0,0,0
1717,0.438423,0,0,1,0,0,0
1718,0.653285,0,0,1,0,0,0
1719,0.802781,0,0,1,0,0,0
1720,0.985686,0,0,1,0,0,0
1721,1.0,0,0,1,0,0,0
1722,0.623457,0,0,1,0,0,0
1723,0.550733,0,0,1,0,0,0
1724,0.597936,0,0,1,0,0,0
1725,0.577096,0,0,1,0,0,0
1726,0.970144,0,0,1,0,0,0
1727,0.837056,0,0,1,0,0,0
1728,0.645082,0,0,1,0,0,0
1729,0.531578,0,0,1,0,0,0
1730,0.998082,0,0,1,0,0,0
1731,0.93635,0,0,1,0,0,0
1732,0.578139,0,0,1,0,0,0
1733,0.870598,0,0,1,0,0,0
1734,0.573739,0,0,1,0,0,0
1735,0.801084,0,0,1,0,0,0
1736,0.654045,0,0,1,0,0,0
1737,0.66911,0,0,1,0,0,0
1738,1.0,0,0,1,0,0,0
1739,0.754249,0,0,1,0,0,0
1740,0.756062,0,0,1,0,0,0
1741,0.983789,0,0,1,1,0,0
1742,0.581309,0,0,1,0,0,0
1743,0.734638,0,0,1,0,0,0
1744,0.65037,0,0,1,0,0,0
1745,0.852112,0,0,1,0,0,0
1746,0.627208,0,0,1,0,0,0
1747,0.973315,0,0,1,0,0,0
1748,0.823519,0,0,1,0,0,0
1749,0.915964,0,0,1,1,0,0
1750,1.0,0,0,1,0,0,0
1751,0.631643,0,0,1,0,0,0
1752,0.749541,0,0,1,0,0,0
1753,1.0,0,0,1,0,0,0
1754,0.593113,0,0,1,0,0,0
1755,0.692426,0,0,1,0,0,0
1756,0.859554,0,0,1,0,0,0
1757,0.933964,0,0,1,0,0,0
1758,0.78367,0,0,1,0,0,0
1759,0.709435,0,0,1,0,0,0
1760,0.961,0,0,1,0,0,0
1761,0.842438,0,0,1,0,0,0
1762,0.661754,0,0,1,0,0,0
1763,0.604594,0,0,1,0,0,0
1764,0.676792,0,0,1,0,0,0
1765,0.737484,0,0,1,1,0,0
1766,0.716887,0,0,1,0,0,0
1767,0.924735,0,0,1,0,1,0
1768,0.992543,0,0,1,0,1,0
1769,0.867943,0,0,1,0,0,0
1770,0.887247,0,0,1,0,0,0
1771,0.627684,0,0,1,0,0,0
1772,0.624244,0,0,1,0,0,0
1773,0.884894,0,0,1,0,0,0
1774,0.913553,0,0,1,0,0,0
1775,0.564127,0,0,1,0,0,0
1776,0.493133,0,0,1,0,0,0
1777,0.637918,0,0,1,0,0,0
1778,0.739037,0,0,1,0,0,0
1779,0.813339,0,0,1,0,0,0
1780,0.725096,0,0,1,0,0,0
1781,0.996607,0,0,1,0,0,0
1782,0.322241,0,0,1,0,0,0
1783,1.0,0,0,1,0,0,0
1784,0.757295,0,0,1,0,0,0
1785,0.652681,0,0,1,0,0,0
1786,0.782308,0,0,1,0,0,0
1787,0.764948,0,0,1,0,0,0
1788,0.553208,0,0,1,0,0,0
1789,0.657035,0,0,1,0,0,0
1790,0.756595,0,0,1,0,0,0
1791,0.507375,0,0,1,0,0,0
1792,0.515108,0,0,1,0,0,0
1793,1.0,0,0,1,0,0,0
1794,0.703839,0,0,1,0,0,0
1795,1.0,0,0,1,0,0,0
1796,0.85376,0,0,1,0,0,0
1797,1.0,0,0,1,0,0,0
1798,0.915517,0,0,1,0,1,0
1799,0.751617,0,0,1,0,0,0
1800,0.744966,0,0,1,0,0,0
1801,0.665036,0,0,1,0,0,0
1802,0.629753,0,0,1,0,0,0
1803,1.0,0,0,1,0,0,0
1804,0.836167,0,0,1,0,0,0
1805,0.707331,0,0,1,0,0,0
1806,0.503287,0,0,1,0,0,0
1807,0.44858,0,0,1,0,0,0
1808,0.680703,0,0,1,0,0,0
1809,0.403206,0,0,1,0,0,0
1810,0.972316,0,0,0,1,0,0
1811,0.776053,0,0,0,1,0,0
1812,0.951134,0,0,0,1,1,0
1813,0.587552,0,0,0,1,1,0
1814,0.769428,0,0,0,1,0,0
1815,0.343424,0,0,0,1,0,0
1816,0.673427,0,0,0,1,0,0
1817,0.986759,0,0,0,1,0,0
1818,0.819463,0,0,0,1,0,0
1819,0.832153,0,0,0,1,0,0
1820,0.948367,0,0,0,1,1,0
1821,0.774462,0,0,0,1,0,0
1822,0.757018,0,0,0,1,0,0
1823,0.902955,0,0,0,1,1,0
1824,0.749438,0,0,0,1,1,0
1825,0.662577,0,0,0,1,1,0
1826,0.745442,0,0,0,1,0,0
1827,0.847399,0,0,0,1,0,0
1828,0.798363,0,0,0,1,0,0
1829,0.770732,0,0,0,1,0,0
1830,0.818537,0,0,0,1,0,0
1831,0.743115,0,0,0,1,0,0
1832,0.745508,0,0,0,1,0,0
1833,0.600869,0,0,0,1,0,0
1834,0.739372,0,0,0,1,1,0
1835,0.45456,0,0,0,1,0,0
1836,0.809636,0,0,0,1,0,0
1837,0.894832,0,0,0,1,0,0
1838,0.910326,0,0,0,1,0,0
1839,0.915079,0,0,0,1,0,0
1840,0.939459,0,0,0,1,0,0
1841,0.85241,0,0,0,1,0,0
1842,0.911791,0,0,0,1,0,0
1843,0.88788,0,0,0,1,0,0
1844,0.900609,0,0,0,1,0,0
1845,0.222746,0,0,0,1,0,0
1846,0.844161,0,0,0,1,0,0
1847,0.298997,0,0,0,1,0,0
1848,0.936834,0,0,0,1,0,0
1849,0.920786,0,0,0,1,0,0
1850,0.852681,0,0,0,1,0,0
1851,0.95656,0,0,0,1,0,0
1852,0.717436,0,0,0,1,0,0
1853,0.936451,0,0,0,1,0,0
1854,0.664701,0,0,0,1,0,0
1855,0.941934,0,0,0,1,0,0
1856,0.77271,0,0,0,1,0,0
1857,0.857464,0,0,0,1,1,0
1858,0.479614,0,0,0,1,0,0
1859,0.774797,0,0,0,1,0,0
1860,0.747256,0,0,0,1,0,0
1861,0.824037,0,0,0,1,0,0
1862,0.844871,0,0,0,1,0,0
1863,0.848756,0,0,0,1,0,0
1864,0.592926,0,0,0,1,0,0
1865,0.926764,0,0,0,1,0,0
1866,0.102697,0,0,0,1,0,0
1867,0.800671,0,0,0,1,0,0
1868,0.707569,0,0,0,1,0,0
1869,0.796903,0,0,0,1,0,0
1870,0.922819,0,0,0,1,1,0
1871,0.584796,0,0,0,1,1,0
1872,0.520613,0,0,0,1,0,0
1873,0.862883,0,0,0,1,0,0
1874,0.734867,0,0,0,1,0,0
1875,0.987839,0,0,0,1,0,0
1876,0.725412,0,0,0,1,0,0
1877,0.605494,0,0,0,1,0,0
1878,0.879777,0,0,0,1,0,0
1879,0.622418,0,0,0,1,0,0
1880,0.729118,0,0,0,1,0,0
1881,0.706098,0,0,0,1,0,0
1882,0.839449,0,0,0,1,0,0
1883,0.872049,0,0,0,1,0,0
1884,0.867799,0,0,0,1,0,0
1885,0.771932,0,0,0,1,1,0
1886,1.0,0,0,0,1,1,0
1887,0.745295,0,0,0,1,1,0
1888,0.844624,0,0,0,1,0,0
1889,0.803997,0,0,0,1,0,0
1890,0.729224,0,0,0,1,0,0
1891,0.997285,0,0,0,1,1,0
1892,0.876475,0,0,0,1,0,0
1893,0.940653,0,0,0,1,0,0
1894,1.0,0,0,0,1,0,0
1895,0.828485,0,0,0,1,0,0
1896,0.658055,0,0,0,1,0,0
1897,0.820899,0,0,0,1,0,0
1898,0.879291,0,0,0,1,0,0
1899,0.791336,0,0,0,1,0,0
1900,0.869566,0,0,0,1,0,0
1901,0.705831,0,0,0,1,0,0
1902,1.0,0,0,0,1,1,0
1903,0.707978,0,0,0,1,0,0
1904,0.867227,0,0,0,1,0,0
1905,0.88208,0,0,0,1,0,0
1906,0.342749,0,0,0,1,0,0
1907,0.859104,0,0,0,1,0,0
1908,0.96105,0,0,0,1,0,0
1909,0.851007,0,0,0,1,0,0
1910,0.263811,0,0,0,1,0,0
1911,0.941663,0,0,0,1,0,0
1912,0.936115,0,0,0,1,0,0
1913,0.53178,0,0,0,1,0,0
1914,0.31783,0,0,0,1,0,0
1915,0.724551,0,0,0,1,0,0
1916,0.545233,0,0,0,1,0,0
1917,0.781902,0,0,0,1,0,0
1918,0.738254,0,0,0,1,0,0
1919,0.946385,0,0,0,1,0,0
1920,0.889353,0,0,0,1,0,0
1921,0.888184,0,0,0,1,0,0
1922,0.932467,0,0,0,1,0,0
1923,0.733688,0,0,0,1,0,0
1924,0.713578,0,0,0,1,1,0
1925,0.418019,0,0,0,1,1,0
1926,0.966256,0,0,0,1,1,0
1927,0.651738,0,0,0,1,0,0
1928,0.681183,0,0,0,1,0,0
1929,0.890811,0,0,0,1,0,0
1930,0.898311,0,0,0,1,1,0
1931,0.186981,0,0,0,1,0,0
1932,0.726893,0,0,0,1,0,0
1933,0.791538,0,0,0,1,1,0
1934,0.908218,0,0,0,1,0,0
1935,0.804749,0,0,0,1,0,0
1936,0.831227,0,0,0,1,1,0
1937,0.686701,0,0,0,1,1,0
1938,0.907766,0,0,0,1,0,0
1939,0.824152,0,0,0,1,0,0
1940,0.747141,0,0,0,1,0,0
1941,0.806538,0,0,0,1,1,0
1942,0.421951,0,0,0,1,0,0
1943,0.692258,0,0,0,1,0,0
1944,0.596809,0,0,0,1,0,0
1945,0.717774,0,0,0,1,0,0
1946,0.807402,0,0,0,1,0,0
1947,0.261631,0,0,0,1,0,0
1948,0.810477,0,0,0,1,1,0
1949,0.0,0,0,0,1,0,0
1950,0.683233,0,0,0,1,0,0
1951,0.787379,0,0,0,1,1,0
1952,0.912104,0,0,0,1,1,0
1953,0.915431,0,0,0,1,0,0
1954,0.821688,0,0,0,1,0,0
1955,0.732891,0,0,0,1,0,0
1956,0.79202,0,0,0,1,0,0
1957,0.879802,0,0,0,1,0,0
1958,0.892908,0,0,0,1,0,0
1959,0.794608,0,0,0,1,0,0
1960,0.804375,0,0,0,1,0,0
1961,0.900702,0,0,0,1,1,0
1962,0.718516,0,0,0,1,1,0
1963,0.666524,0,0,0,1,0,0
1964,0.919317,0,0,0,1,0,0
1965,0.388188,0,0,0,1,1,0
1966,0.856998,0,0,0,1,0,0
1967,0.98136,0,0,0,1,0,0
1968,0.657864,0,0,0,1,0,0
1969,0.693581,0,0,0,1,0,0
1970,0.801874,0,0,0,1,0,0
1971,0.906385,0,0,0,1,0,0
1972,0.441528,0,0,0,1,0,0
1973,0.691106,0,0,0,1,0,0
1974,0.724698,0,0,0,1,1,0
1975,0.491186,0,0,0,1,0,0
1976,0.760509,0,0,0,1,1,0
1977,0.756398,0,0,0,1,0,0
1978,0.689005,0,0,0,1,0,0
1979,0.973842,0,0,0,1,0,0
1980,0.549863,0,0,0,1,0,0
1981,0.895622,0,0,0,1,0,0
1982,0.980531,0,0,0,1,0,0
1983,0.665006,0,0,0,1,0,0
1984,0.528213,0,0,0,1,0,0
1985,0.627703,0,0,0,1,0,0
1986,0.708887,0,0,0,1,0,0
1987,0.746291,0,0,0,1,0,0
1988,0.801918,0,0,0,1,0,0
1989,0.783184,0,0,0,1,0,0
1990,0.899958,0,0,0,1,0,0
1991,0.660211,0,0,0,1,0,0
1992,0.647574,0,0,0,1,0,0
1993,0.425369,0,0,0,1,0,0
1994,0.931917,0,0,0,1,0,0
1995,0.560114,0,0,0,1,0,0
1996,0.538674,0,0,0,1,0,0
1997,0.823782,0,0,0,1,0,0
1998,0.938584,0,0,0,1,0,0
1999,0.831227,0,0,0,1,0,0
2000,0.932877,0,0,0,1,0,0
2001,0.39976,0,0,0,1,0,0
2002,0.762109,0,0,0,1,0,0
2003,0.752482,0,0,0,1,0,0
2004,0.726048,0,0,0,1,0,0
2005,0.645248,0,0,0,1,0,0
2006,0.492824,0,0,0,1,0,0
2007,0.748684,0,0,0,0,1,0
2008,0.498728,0,0,0,0,1,0
2009,0.456528,0,0,0,0,1,0
2010,0.69745,0,0,0,0,1,0
2011,0.542234,0,0,0,0,1,0
2012,0.741581,0,0,0,0,1,0
2013,0.511834,0,0,0,0,1,0
2014,0.631409,0,0,0,0,1,0
2015,0.65281,0,0,0,0,1,0
2016,0.670318,0,0,0,0,1,0
2017,0.89711,0,0,0,0,1,0
2018,0.481233,0,0,0,0,1,0
2019,0.722955,0,0,0,0,1,0
2020,0.669976,0,0,0,0,1,0
2021,0.478684,0,0,0,0,1,0
2022,0.818349,0,0,0,0,1,0
2023,0.583014,0,0,0,0,1,0
2024,0.641737,0,0,0,0,1,0
2025,0.693232,0,0,0,0,1,0
2026,0.737225,0,0,0,0,1,0
2027,0.936304,0,0,0,0,1,0
2028,0.856233,0,0,0,0,1,0
2029,0.825737,0,0,0,0,1,0
2030,0.81935,0,0,0,0,1,0
2031,0.684372,0,0,0,0,1,0
2032,0.968608,0,0,0,0,1,0
2033,0.779994,0,0,0,0,1,0
2034,0.943041,0,0,0,1,1,0
2035,0.944272,0,0,0,1,1,0
2036,0.85215,0,0,0,0,1,0
2037,0.984109,0,0,0,0,1,0
2038,0.625216,0,0,0,0,1,0
2039,0.815049,0,0,0,0,1,0
2040,0.581969,0,0,0,0,1,0
2041,0.486047,0,0,0,1,1,0
2042,0.561361,0,0,0,0,1,0
2043,0.415351,0,0,0,1,1,0
2044,0.686604,0,0,0,0,1,0
2045,0.679286,0,0,0,0,1,0
2046,0.903575,0,0,0,0,1,0
2047,0.858126,0,0,0,0,1,0
2048,0.579397,0,0,0,0,1,0
2049,0.52282,0,0,0,0,1,0
2050,0.415038,0,0,0,0,1,0
2051,0.095748,0,0,0,0,1,0
2052,0.678498,0,0,0,1,1,0
2053,0.456234,0,0,0,0,1,0
2054,0.883345,0,0,0,0,1,0
2055,0.850263,0,0,0,0,1,0
2056,0.708829,0,0,0,0,1,0
2057,0.763402,0,0,0,0,1,0
2058,0.758201,0,0,0,0,1,0
2059,0.874871,0,0,0,0,1,0
2060,0.94842,0,0,0,0,1,0
2061,0.935642,0,0,0,0,1,0
2062,0.764265,0,0,0,0,1,0
2063,0.61781,0,0,0,0,1,0
2064,0.698716,0,0,0,0,1,0
2065,0.821592,0,0,0,0,1,0
2066,0.260313,0,0,0,0,1,0
2067,0.723285,0,0,0,0,1,0
2068,0.707208,0,0,0,0,1,0
2069,0.709968,0,0,0,0,1,0
2070,0.775141,0,0,0,0,1,0
2071,0.907717,0,0,0,0,1,0
2072,0.586787,0,0,0,0,1,0
2073,0.966127,0,0,0,0,1,0
2074,0.920134,0,0,0,1,1,0
2075,0.679805,0,0,0,0,1,0
2076,0.886762,0,0,0,1,1,0
2077,0.705454,0,0,0,0,1,0
2078,0.61696,0,0,0,0,1,0
2079,0.703929,0,0,0,0,1,0
2080,0.336473,0,0,0,0,1,0
2081,0.901613,0,0,0,0,1,0
2082,0.960676,0,0,0,0,1,0
2083,0.857464,0,0,0,0,1,0
2084,0.673949,0,0,0,0,1,0
2085,0.32872,0,0,0,0,1,0
2086,0.697179,0,0,0,0,1,0
2087,0.308789,0,0,0,0,1,0
2088,0.304942,0,0,0,0,1,0
2089,0.717728,0,0,0,0,1,0
2090,0.661833,0,0,0,0,1,0
2091,0.796797,0,0,0,0,1,0
2092,0.770131,0,0,0,0,1,0
2093,0.974615,0,0,0,0,1,0
2094,0.744344,0,0,0,0,1,0
2095,0.91119,0,0,0,0,1,0
2096,0.961585,0,0,0,0,1,0
2097,0.700156,0,0,0,0,1,0
2098,0.922233,0,0,0,0,1,0
2099,0.753633,0,0,0,0,1,0
2100,0.964938,0,0,0,0,1,0
2101,0.744358,0,0,0,0,1,0
2102,0.974046,0,0,0,0,1,0
2103,0.930507,0,0,0,0,1,0
2104,0.919383,0,0,0,0,1,0
2105,0.746799,0,0,0,0,1,0
2106,0.893863,0,0,0,0,1,0
2107,0.737725,0,0,0,0,1,0
2108,0.80347,0,0,0,0,1,0
2109,0.636586,0,0,0,0,1,0
2110,0.586665,0,0,0,0,1,0
2111,0.847659,0,0,0,0,1,0
2112,0.620191,0,0,0,0,1,0
2113,0.317982,0,0,0,0,1,0
2114,0.962795,0,0,0,0,1,0
2115,0.801277,0,0,0,0,1,0
2116,0.570453,0,0,0,0,1,0
2117,0.886138,0,0,0,1,1,0
2118,0.627416,0,0,0,0,1,0
2119,0.822418,0,0,0,0,1,0
2120,0.893826,0,0,0,0,1,0
2121,0.730499,0,0,0,0,1,0
2122,0.809841,0,0,0,1,1,0
2123,0.589759,0,0,0,0,1,0
2124,0.66905,0,0,0,0,1,0
2125,0.746622,0,0,0,0,1,0
2126,0.985101,0,0,0,1,1,0
2127,0.605333,0,0,0,0,1,0
2128,0.479288,0,0,0,0,1,0
2129,0.576472,0,0,0,0,1,0
2130,0.488727,0,0,0,0,1,0
2131,0.820751,0,0,0,0,1,0
2132,0.809313,0,0,0,0,1,0
2133,0.89457,0,0,0,1,1,0
2134,0.779266,0,0,0,0,1,0
2135,0.879131,0,0,0,0,1,0
2136,0.733838,0,0,0,0,1,0
2137,0.861079,0,0,0,0,1,0
2138,0.338211,0,0,0,0,1,0
2139,0.586082,0,0,0,0,1,0
2140,0.803188,0,0,0,0,1,0
2141,0.71711,0,0,0,0,1,0
2142,0.715108,0,0,0,0,1,0
2143,0.591704,0,0,0,0,1,0
2144,0.793373,0,0,0,0,1,0
2145,0.883658,0,0,0,0,1,0
2146,0.676608,0,0,0,0,1,0
2147,0.712556,0,0,0,0,1,0
2148,0.906027,0,0,0,0,1,0
2149,0.185344,0,0,0,0,1,0
2150,0.486242,0,0,0,0,1,0
2151,0.789669,0,0,0,0,1,0
2152,0.69413,0,0,0,0,1,0
2153,0.88763,0,0,0,0,1,0
2154,0.963418,0,0,0,0,1,0
2155,0.631138,0,0,0,0,1,0
2156,0.540473,0,0,0,0,1,0
2157,0.67278,0,0,0,0,1,0
2158,0.346529,0,0,0,0,1,0
2159,0.52933,0,0,0,0,1,0
2160,0.066806,0,0,0,0,1,0
2161,0.486828,0,0,0,0,1,0
2162,0.839019,0,0,0,0,1,0
2163,0.311042,0,0,0,0,1,0
2164,0.713973,0,0,0,0,1,0
2165,0.949131,0,0,0,1,1,0
2166,0.58563,0,0,0,0,1,0
2167,0.881047,0,0,0,1,1,0
2168,0.670656,0,0,0,0,1,0
2169,0.717537,0,0,0,0,1,0
2170,0.895321,0,0,0,0,1,0
2171,0.846246,0,0,0,0,1,0
2172,0.661902,0,0,0,0,1,0
2173,0.784226,0,0,0,0,1,0
2174,0.836434,0,0,0,0,1,0
2175,0.968881,0,0,0,1,1,0
2176,0.92224,0,0,0,0,1,0
2177,0.884399,0,0,0,1,1,0
2178,0.654913,0,0,0,0,1,0
2179,0.735824,0,0,0,0,1,0
2180,0.83441,0,0,0,0,1,0
2181,0.810024,0,0,0,0,1,0
2182,0.806208,0,0,0,0,1,0
2183,0.826292,0,0,0,0,1,0
2184,0.9256,0,0,0,0,1,0
2185,0.972117,0,0,0,0,1,0
2186,0.785808,0,0,0,0,1,0
2187,0.65898,0,0,0,0,1,0
2188,0.20045,0,0,0,0,1,0
2189,0.344861,0,0,0,0,1,0
2190,0.861508,0,0,0,1,1,0
2191,1.0,0,0,0,0,1,0
2192,0.6123,0,0,0,0,1,0
2193,0.820146,0,0,0,0,1,0
2194,0.587547,0,0,0,0,1,0
2195,0.846758,0,0,0,0,1,0
2196,0.719274,0,0,0,1,1,0
2197,0.768852,0,0,0,0,1,0
2198,0.713992,0,0,0,1,1,0
2199,0.536412,0,0,0,0,1,0
2200,0.796928,0,0,0,0,1,0
2201,0.630392,0,0,0,0,1,0
2202,0.803379,0,0,0,0,1,0
2203,0.950346,0,0,0,0,1,0
2204,0.976567,0,0,0,0,1,0
2205,0.960128,0,0,0,0,1,0
2206,0.700649,0,0,0,0,1,0
2207,0.84194,0,0,0,0,0,1
2208,0.461282,0,0,0,0,0,1
2209,0.601381,0,0,0,0,0,1
2210,0.502772,0,0,0,0,0,1
2211,0.684601,0,0,0,0,0,1
2212,0.497768,0,0,0,0,0,1
2213,0.134427,0,0,0,0,0,1
2214,0.84663,0,0,0,0,0,1
2215,0.622734,0,0,0,0,0,1
2216,0.885781,0,0,0,0,0,1
2217,0.856122,0,0,0,0,0,1
2218,0.412611,0,0,0,0,0,1
2219,0.461147,0,0,0,0,0,1
2220,0.476928,0,0,0,0,0,1
2221,0.788947,0,0,0,0,0,1
2222,0.483185,0,0,0,0,0,1
2223,0.987084,0,0,0,0,0,1
2224,0.775611,0,0,0,0,0,1
2225,0.227811,0,0,0,0,0,1
2226,0.751162,0,0,0,0,0,1
2227,0.706098,0,0,0,0,0,1
2228,0.799533,0,0,0,0,0,1
2229,0.85077,0,0,0,0,0,1
2230,0.60011,0,0,0,0,0,1
2231,0.821638,0,0,0,0,0,1
2232,0.917162,0,0,0,0,0,1
2233,0.736862,0,0,0,0,0,1
2234,0.986607,0,0,0,0,0,1
2235,0.793942,0,0,0,0,0,1
2236,0.650419,0,0,0,0,0,1
2237,0.695958,0,0,0,0,0,1
2238,0.079191,0,0,0,0,0,1
2239,0.632147,0,0,0,0,0,1
2240,0.685605,0,0,0,0,0,1
2241,0.66931,0,0,0,0,0,1
2242,0.62926,0,0,0,0,0,1
2243,0.5504,0,0,0,0,0,1
2244,0.467923,0,0,0,0,0,1
2245,0.542514,0,0,0,0,0,1
2246,0.683596,0,0,0,0,0,1
2247,0.826171,0,0,0,0,0,1
2248,0.747662,0,0,0,0,0,1
2249,0.277971,0,0,0,0,0,1
2250,0.863024,0,0,0,0,0,1
2251,0.645287,0,0,0,0,0,1
2252,0.667408,0,0,0,0,0,1
2253,0.74526,0,0,0,0,0,1
2254,0.497936,0,0,0,0,0,1
2255,0.830685,0,0,0,0,0,1
2256,0.711404,0,0,0,0,0,1
2257,0.702636,0,0,0,0,0,1
2258,0.811616,0,0,0,0,0,1
2259,0.170589,0,0,0,0,0,1
2260,0.783418,0,0,0,0,0,1
2261,0.650803,0,0,0,0,0,1
2262,0.679917,0,0,0,0,0,1
2263,0.537658,0,0,0,1,0,1
2264,0.78226,0,0,0,0,0,1
2265,0.753031,0,0,0,0,0,1
2266,0.863837,0,0,0,0,0,1
2267,0.064583,0,0,0,0,0,1
2268,0.550386,0,0,0,0,0,1
2269,0.682854,0,0,0,0,0,1
2270,0.735043,0,0,0,0,0,1
2271,0.580121,0,0,0,0,0,1
2272,0.504761,0,0,0,0,0,1
2273,0.632,0,0,0,0,0,1
2274,0.741958,0,0,0,0,0,1
2275,0.450029,0,0,0,0,0,1
2276,0.895206,0,0,0,0,0,1
2277,0.709254,0,0,0,0,0,1
2278,0.835237,0,0,0,0,0,1
2279,0.695253,0,0,0,0,0,1
2280,0.46232,0,0,0,0,0,1
2281,0.593082,0,0,0,0,0,1
2282,0.79425,0,0,0,0,0,1
2283,0.801261,0,0,0,0,0,1
2284,0.559322,0,0,0,0,0,1
2285,0.983082,0,0,0,0,0,1
2286,0.745894,0,0,0,0,0,1
2287,0.85968,0,0,0,1,0,1
2288,0.918805,0,0,0,1,0,1
2289,0.579266,0,0,0,0,0,1
2290,0.348653,0,0,0,0,0,1
2291,0.174449,0,0,0,0,0,1
2292,0.844641,0,0,0,0,0,1
2293,0.427582,0,0,0,0,0,1
2294,0.816618,0,0,0,0,0,1
2295,0.376594,0,0,0,0,0,1
2296,0.830121,0,0,0,0,0,1
2297,0.191951,0,0,0,0,0,1
2298,0.601893,0,0,0,0,0,1
2299,0.960425,0,0,0,0,0,1
2300,0.824926,0,0,0,0,0,1
2301,0.695441,0,0,0,0,0,1
2302,0.787781,0,0,0,0,0,1
2303,0.763574,0,0,0,0,0,1
2304,0.672564,0,0,0,0,0,1
2305,0.761356,0,0,0,0,0,1
2306,0.614528,0,0,0,0,0,1
2307,0.501851,0,0,0,0,0,1
2308,0.728815,0,0,0,0,0,1
2309,0.751449,0,0,0,0,0,1
2310,0.847762,0,0,0,0,0,1
2311,0.567947,0,0,0,0,0,1
2312,0.770654,0,0,0,0,0,1
2313,0.559012,0,0,0,0,0,1
2314,0.775993,0,0,0,0,0,1
2315,0.526864,0,0,0,0,0,1
2316,0.530302,0,0,0,0,0,1
2317,0.6633,0,0,0,0,0,1
2318,0.777358,0,0,0,0,0,1
2319,0.636909,0,0,0,0,0,1
2320,0.635793,0,0,0,0,0,1
2321,0.693528,0,0,0,0,0,1
2322,0.548545,0,0,0,0,0,1
2323,0.510371,0,0,0,0,0,1
2324,0.799493,0,0,0,0,0,1
2325,0.856367,0,0,0,0,0,1
2326,0.501571,0,0,0,0,0,1
2327,0.650098,0,0,0,0,0,1
2328,0.459831,0,0,0,0,0,1
2329,0.81431,0,0,0,0,0,1
2330,0.598855,0,0,0,0,0,1
2331,0.698061,0,0,0,0,0,1
2332,0.413876,0,0,0,0,0,1
2333,0.786954,0,0,0,0,0,1
2334,0.745412,0,0,0,0,0,1
2335,0.789554,0,0,0,0,0,1
2336,0.858491,0,0,0,0,0,1
2337,0.232237,0,0,0,0,0,1
2338,0.814052,0,0,0,0,0,1
2339,0.628902,0,0,0,0,0,1
2340,0.0,0,0,0,0,0,1
2341,0.702585,0,0,0,0,0,1
2342,0.918364,0,0,0,0,0,1
2343,0.373595,0,0,0,0,0,1
2344,0.863394,0,0,0,1,0,1
2345,0.842296,0,0,0,0,0,1
2346,0.652713,0,0,0,0,0,1
2347,0.711662,0,0,0,0,0,1
2348,0.805372,0,0,0,0,0,1
2349,0.569346,0,0,0,0,0,1
2350,0.644067,0,0,0,0,0,1
2351,0.244373,0,0,0,0,0,1
2352,0.810469,0,0,0,0,0,1
2353,0.987052,0,0,0,0,0,1
2354,0.579123,0,0,0,0,0,1
2355,0.315597,0,0,0,0,0,1
2356,0.992466,0,0,0,0,0,1
2357,0.681024,0,0,0,0,0,1
2358,0.926259,0,0,0,0,0,1
2359,0.709883,0,0,0,0,0,1
2360,0.735627,0,0,0,0,0,1
2361,0.246036,0,0,0,0,0,1
2362,0.306954,0,0,0,0,0,1
2363,0.587749,0,0,0,0,0,1
2364,0.559726,0,0,0,0,0,1
2365,0.975437,0,0,0,1,0,1
2366,0.760236,0,0,0,0,0,1
2367,0.684205,0,0,0,0,0,1
2368,0.995933,0,0,0,0,0,1
2369,0.202482,0,0,0,0,0,1
2370,0.744791,0,0,0,0,0,1
2371,0.71106,0,0,0,0,0,1
2372,0.415428,0,0,0,0,0,1
2373,0.22719,0,0,0,0,0,1
2374,0.0,0,0,0,0,0,1
2375,0.684221,0,0,0,0,0,1
2376,0.491128,0,0,0,0,0,1
2377,0.639507,0,0,0,0,0,1
2378,0.707933,0,0,0,0,0,1
2379,0.880775,0,0,0,0,0,1
2380,0.831444,0,0,0,0,0,1
2381,0.64872,0,0,0,0,0,1
2382,0.597062,0,0,0,0,0,1
2383,0.761672,0,0,0,0,0,1
2384,0.998845,0,0,0,0,0,1
2385,0.827959,0,0,0,0,0,1
2386,0.814342,0,0,0,0,0,1
2387,0.46663,0,0,0,0,0,1
2388,0.564038,0,0,0,0,0,1
2389,0.382087,0,0,0,0,0,1
2390,0.867453,0,0,0,0,0,1
2391,0.71814,0,0,0,0,0,1
2392,0.896311,0,0,0,0,0,1
2393,0.780945,0,0,0,0,0,1
2394,0.664442,0,0,0,0,0,1
2395,0.897697,0,0,0,0,0,1
2396,0.738031,0,0,0,0,0,1
2397,0.621922,0,0,0,0,0,1
2398,0.654571,0,0,0,0,0,1
2399,0.778099,0,0,0,0,0,1
2400,0.878277,0,0,0,0,0,1
2401,0.346112,0,0,0,0,0,1
2402,0.794125,0,0,0,0,0,1
2403,0.684372,0,0,0,0,0,1
2404,0.953938,0,0,0,0,0,1
2405,0.851362,0,0,0,0,0,1
2406,0.930597,0,0,0,0,0,1
