,Mean_Acc1298_Mean_Mem40_Flux,Mean_Acc1298_Std_Mem40_MFCC_7,Std_Acc1298_Mean_Mem40_MFCC_3,Std_Acc1298_Std_Mem40_Rolloff,Std_Acc1298_Std_Mem40_MFCC_3,amazed-suprised,happy-pleased,relaxing-calm,quiet-still,sad-lonely,angry-aggresive
0,0.2292269112597145,0.34275801970378694,0.5246449355041527,0.47005092223213024,0.4489412071236212,0,1,1,0,0,0
1,0.16719004156876938,0.28925261246545286,0.192754014303063,0.3007345003989299,0.13203614327850233,1,0,0,0,0,1
2,0.15224561720585583,0.4576919150301537,0.35130857810557625,0.29185830947575914,0.25416525026105957,0,1,0,0,0,1
3,0.2543263148382433,0.6682861643246241,0.352152636822205,0.6089665368188859,0.3937736505810485,0,0,1,0,0,0
4,0.10004744261702525,0.47846766960060094,0.3675717808777636,0.4227659923968649,0.21839447795190803,0,0,0,1,0,0
5,0.2918624615940719,0.5205515164331918,0.34572027779292996,0.3487351574599896,0.4572767965281609,0,1,1,0,0,0
6,0.08123983372492327,0.28079901699834475,0.18472756138804594,0.21184352560191488,0.21691870205000535,1,1,0,0,0,0
7,0.30471715163564084,0.5950222779677827,0.25422172905715196,0.3107488149434458,0.37686634762766474,0,0,0,0,0,1
8,0.29717151635640704,0.25909531761600235,0.2417539195617785,0.08648566198901769,0.2624275597587462,1,1,0,0,0,0
9,0.030532712814025142,0.1701967461770133,0.24501603424466795,0.26977049795841745,0.26230339102768957,0,0,1,1,1,0
10,0.19532803180914515,0.43959425658676765,0.6687342277293384,0.5656239733420942,0.46452743620068093,0,1,1,0,0,0
11,0.16505512380263876,0.508296811078458,0.5661444890717363,0.29252123715210965,0.39249125221111936,0,0,1,0,0,0
12,0.26301283209831916,0.1903945861985985,0.10090951633138778,0.11892218519735298,0.099577215648517,1,0,0,0,0,0
13,0.19580245797939644,0.44677899235038043,0.29582750770131805,0.2986342516543859,0.283605452839291,0,0,1,0,1,0
14,0.1503930959696368,0.2465817357125668,0.42001036412233683,0.2443093818932745,0.5239900095060323,0,0,0,0,1,0
15,0.29967919754202055,0.045219534605596134,0.024965763944912255,0.06479678040080725,0.08977602810691539,1,0,0,0,0,1
16,0.0713333634556299,0.36648168539571657,0.23851979662204253,0.2674414511662834,0.2715183393144664,0,0,1,1,1,0
17,0.26488794505693125,0.5772837651588629,0.18187814548241973,0.31623410146900083,0.17267595828744853,0,1,1,0,0,0
18,0.2701066329296946,0.7643074870014805,0.24954997889853203,0.3201002018116112,0.3867713483706416,0,0,0,0,1,1
19,0.1263893909271644,0.3226312795793803,0.3026503156607343,0.3114938752522645,0.273798158638785,0,0,1,1,1,0
20,0.14585215976866084,0.45514508025173006,0.33202226707281013,0.27485685455484116,0.28297443141916717,1,0,0,0,0,1
21,0.10853063437556487,0.21616921046298798,0.32867187073843657,0.38628150373116815,0.24728508122874115,0,1,0,0,0,0
22,0.10637312488704154,0.2098887195455441,0.15389286196194843,0.23485239592622142,0.14845491351953216,0,1,0,0,0,0
23,0.3071457617928792,0.7244532600214395,0.32767349856596145,0.31533650912845546,0.4424864686616442,0,0,0,0,0,1
24,0.18229260798843305,0.761122576222736,0.17827510572266067,0.2851644999296006,0.43405113716166555,0,0,0,0,0,1
25,0.14615714802096524,0.429709547804654,0.4368183292805117,0.4606056694982869,0.5411436143685613,0,0,1,0,0,1
26,0.2379924995481657,0.4677680466123635,0.5095624101034402,0.5614821420190548,0.4770298025310066,0,0,1,0,0,0
27,1.0,0.18885408842639528,0.34267779063324494,0.2130227155394941,0.5044283454821918,1,1,0,0,0,1
28,0.6377982107355866,0.2269217026055379,0.05585860006832855,0.09797249730135635,0.078482780239666,0,1,0,0,0,0
29,0.2062511295861198,0.5519284479803983,0.31696773341525103,0.4457455296381471,0.4013703342581528,0,0,1,0,0,0
30,0.1186630218687873,0.5851011076999366,0.12379886712391297,0.2851586333129957,0.1362782356641093,0,0,0,0,0,1
31,0.00933038134827413,0.27637076955611795,0.16049532466115635,0.2542826301215563,0.11122057862628672,0,0,1,1,0,0
32,0.18199891559732517,0.4308799614966712,0.1272375451097707,0.2950086825925752,0.20476237972426398,1,0,0,0,0,1
33,0.25576088921019347,0.3005028038882529,0.09093727839870003,0.05665391655324539,0.10480248011773637,0,0,0,0,0,1
34,0.15662841135008143,0.4538525205825088,0.10506018942515008,0.25192425024639786,0.08091323048362704,1,1,0,0,0,0
35,0.09371046448581255,0.2308030277617753,0.3053095312603174,0.2809346693574881,0.22123610989543357,0,1,1,0,0,0
36,0.08980209651183813,0.3869639250060163,0.35733469799062345,0.24216220021589147,0.32024744181880727,0,0,1,1,1,0
37,0.18485676848002897,0.4347011252014499,0.357384221843895,0.29021565682639505,0.5621016677285466,0,1,1,0,0,0
38,0.0719433399602386,0.24548059884344176,0.1941026421334589,0.2868482188951988,0.21278245841874172,1,1,0,0,0,0
39,0.23033390565696732,0.4024163026595009,0.2363263923380139,0.2318662880743418,0.23031671168631312,1,0,0,0,0,1
40,0.28365037050424746,0.4866386885532812,0.0803743429117729,0.13484418266297463,0.0846891812395296,0,1,0,0,0,0
41,0.0714576179287909,0.22075241921957844,0.18747003448008567,0.24091261087905386,0.1898112431732642,1,0,0,0,1,0
42,0.08301328393276719,0.37481495795990705,0.33153133496211784,0.3057093912798611,0.27459609540229646,0,0,1,1,1,0
43,0.23834267124525588,0.7720573757939491,0.3649656778164717,0.4031832261698034,0.306037246548211,0,1,1,0,0,0
44,0.21528781854328582,0.3134265775061803,0.09384052457962144,0.056601117003801577,0.11594102595940699,1,1,0,0,0,0
45,0.1485631664558108,0.5529347849866186,0.31729717470005764,0.4554723799690243,0.5237884897621863,0,1,1,0,0,0
46,0.06393457437195016,0.47966360633263094,0.5097009333451998,0.28297038531937857,0.8080656750809639,0,0,1,1,1,0
47,0.3016672691125972,0.5263944695218443,0.7223197547062015,0.4427594217862674,0.48865688108503114,0,1,1,0,0,0
48,0.2950817820350624,1.0000000000000002,0.30365155878122513,0.25749753602102593,0.5406428683383984,0,0,0,0,0,1
49,0.2804988252304357,0.5708628975213483,0.26814223824849204,0.3336110198526306,0.28962865407202193,1,0,0,0,0,1
50,0.24577534791252487,0.5989510030554726,0.2810923670105105,0.29792439104519647,0.31141110638410474,0,0,0,0,0,1
51,0.22359027652268226,0.5166082067512088,0.21851287763732463,0.3628971699441498,0.260296335801102,0,0,1,0,1,1
52,0.169776793782758,0.5930004885839089,0.23849036940488116,0.3636480968695734,0.3938347171700928,0,0,0,0,0,1
53,0.2772230254834629,0.7421370806017604,0.30029757376183186,0.37873116816069835,0.450406805260683,1,0,0,0,0,1
54,0.1710532260979578,0.11155938482181271,0.17240832345248722,0.18945065002111983,0.1931129100875898,1,0,0,0,0,1
55,0.02794596060003618,0.1742640249104871,0.2424529954036122,0.2815330642511851,0.1945866504365243,0,0,1,1,1,0
56,0.12495481655521423,0.43121723023969794,0.5432400658021285,0.3694443140751866,0.6721192345506618,0,0,1,1,1,0
57,0.11396394361106099,0.5285019433971896,0.4398112925869251,0.186012812690665,0.4122666492966146,0,0,1,0,1,0
58,0.2553768299295138,0.24395286259124493,0.11071882796418203,0.10558149903787487,0.17723152583014934,1,1,0,0,0,0
59,0.5897004337610701,0.2927328612786315,0.32584685789094414,0.2501290655653072,0.3781222838090081,0,1,0,0,1,0
60,0.15894406289535523,0.37525978808584504,0.26808266607716535,0.42471370910968226,0.382708384646231,0,0,0,0,1,1
61,0.24179920477137196,0.5176491821688751,0.3699338533577173,0.2744696578589196,0.41674486582652603,0,1,1,0,0,0
62,0.07570486173865898,0.2842993196286763,0.1717788681000353,0.21918852959121415,0.12923318684137136,0,0,1,1,0,0
63,0.05498825230435589,0.1694201165309085,0.2247672378896235,0.7691662364481158,0.18387353516519528,0,0,1,1,1,0
64,0.06780905476233523,0.3333327256419044,0.2666471920692932,0.2790573520439292,0.21960359641498406,0,0,1,1,1,0
65,0.2084425266582326,0.4362926690536788,0.301923965812751,0.23516332660627964,0.5699751866093183,1,0,0,0,0,1
66,0.23273992409181288,0.4022248798594047,0.5002088614681454,0.27182968038672733,0.42147141981855074,0,0,1,0,0,0
67,0.07921787457075735,0.2862463629667983,0.1707223592302414,0.7657694654338949,0.1098628647965363,0,0,1,1,1,0
68,0.29315018977046825,0.5606062815847621,0.3755465567284973,0.44691298634251647,0.49683166180508753,0,1,1,0,0,0
69,0.3049995481655523,0.3607444706156887,0.12577049067372537,0.21362111043319099,0.138963130029088,1,0,0,0,0,1
70,0.09165461774805728,0.332776687984482,0.29068276885710426,0.2538661003426104,0.29369161779643244,0,0,0,0,1,0
71,0.2570712091089826,0.26995719421574993,0.272801069141041,0.20857582015300136,0.10139903555500367,1,0,0,0,0,1
72,0.22403081510934397,0.5529803618437845,0.36058676435545783,0.43305603792180974,0.6084756354487477,0,0,0,0,0,1
73,0.12781266943791803,0.49033952935514225,0.27934180645791046,0.2271905946402591,0.26744112671927883,1,1,1,0,0,0
74,0.041218597505873866,0.2531502723672985,0.18216452254699025,0.583822218050406,0.1679473687424557,1,0,1,0,0,0
75,0.22298030001807345,0.6483727238917532,0.4121073619719967,0.2991681137654292,0.38006420134061514,0,0,1,0,1,1
76,0.15333001988071582,0.5086249644500513,0.27085959054539394,0.22113624630403156,0.19592400873659327,0,1,1,0,0,0
77,0.2107016988975241,0.5904737076226383,0.45829373817528285,0.2274369925376637,0.48679842122511785,0,1,1,0,0,0
78,0.372085667811314,0.7242946525585026,0.3980512004869128,0.41616604871638424,0.4241257808890073,0,0,0,0,0,1
79,0.3394971082595337,0.7650841166475852,0.30546097376814796,0.2250258131130614,0.2681535702581284,0,0,0,0,0,1
80,0.20891695282848377,0.7468223815184023,0.19398852194983307,0.3311353076453748,0.36662751619791273,0,0,0,0,0,1
81,0.22512651364540037,3.099226287273105e-05,0.0,0.05503473037030085,0.0650827350503901,1,0,0,0,0,0
82,0.04584990059642158,0.3294605158571001,0.34605043681474057,0.2533909043976158,0.3884282884867088,0,0,1,0,1,0
83,0.3727973070666908,0.4422814680852616,0.4264176023564741,0.17223213028582157,0.23192683408411308,1,0,0,0,0,0
84,0.37441261521778446,0.6559512437012784,0.3997386001831664,0.18054512601492467,0.4570366012779201,0,0,1,0,0,0
85,0.06538044460509673,0.17016757698842722,0.3347087566785428,0.8428333411554889,0.3129479488750516,0,0,1,1,0,0
86,0.2647975781673595,0.5565134798112754,0.2934489272702739,0.23916435913080208,0.2473054367584226,0,0,1,0,1,0
87,0.12730435568407739,0.30005068146516845,0.34812397901911185,0.27879335429671004,0.19804098382346053,0,0,1,1,0,0
88,0.26079884330381375,0.5583894232522189,0.2238219782554397,0.3451389214812034,0.19667512778183754,0,0,0,0,0,1
89,0.27043421290439196,0.34766573568339765,0.13683727753741562,0.4379663960200873,0.17856277747131394,0,1,0,0,0,1
90,0.06872401951924823,0.20548417206904357,0.5064754232495111,0.5822616980335102,0.10060516989742847,0,0,0,0,1,0
91,0.25222528465570226,0.25313204162443215,0.03248477679814652,0.08664406063734922,0.038502484392397604,1,0,0,0,0,1
92,0.21055485270197005,0.4619797857523098,0.5579113278995858,0.4424543577228141,0.4845023174770542,0,0,1,0,1,0
93,0.24832821254292425,0.41317061787633746,0.27499734437308543,0.42501290655653073,0.39407491242033355,0,1,1,0,0,0
94,0.0807654075546721,0.24209879604174112,0.1889693870813081,0.19128690101844464,0.24192547026362443,1,0,0,0,0,1
95,0.25379540936200984,0.7420586884074354,0.21999213360243686,0.22949030834936873,0.3974702147711936,0,0,0,0,0,1
96,0.1276093439363818,0.3648245108691689,0.3737299643715351,0.3736037452480406,0.5377157431702109,0,0,1,1,1,0
97,0.26123938189047546,0.29788851536122407,0.4313326653594283,0.14898272868071524,0.1911139970728748,1,0,0,0,0,1
98,0.2723545093077897,0.4095919230516806,0.314093914451491,0.33250809593091474,0.2740729582894841,0,0,0,0,0,1
99,0.25112958611964586,0.5697672298750831,0.3500704817737865,0.1344921856666823,0.28757478112716706,1,1,0,0,0,0
100,0.19531673594794874,0.6353523273366344,0.3964499292311314,0.3765663866335008,0.39550387060396885,0,0,1,0,0,0
101,0.2850849448761976,0.5736923088141996,0.04652658354315179,0.3061024545923875,0.19077609528016332,0,0,0,0,0,1
102,0.25867522139887944,0.7747427642181564,0.33055951905878833,0.2667081240906744,0.38540549232901855,0,0,0,0,0,1
103,0.3238749322248329,0.7036665670052724,0.493027185006761,0.2688846388510818,0.5345443516458462,0,0,1,0,0,0
104,0.16022049521055493,0.07696655023298904,0.07360967164967544,0.042849767681982426,0.3858126029226469,1,0,0,0,0,1
105,0.22099222844749677,0.5530605771123962,0.3899012968072187,0.3407506922607593,0.4081568678539368,0,1,1,0,0,0
106,0.38129179468642693,0.2842865581086699,0.45241762532405827,0.6379124231473225,0.3124675583745702,1,0,0,0,0,1
107,0.17296222664015914,0.2214634181913646,0.05013751840995415,0.024962453653728817,0.12076935759983877,1,1,0,0,0,0
108,0.1323084221941081,0.20342227505086385,0.3534251845301837,0.3687344534659971,0.211636442097678,0,0,0,0,0,1
109,0.28980661485631676,0.25673261334052844,0.3753857836396156,0.30089289904726146,0.23320516134810598,1,0,0,0,0,0
110,0.0577444424362914,0.15636690463863034,0.13449601943057618,0.5581323039376731,0.15423791950202226,0,0,1,1,1,0
111,0.3063550515091271,0.34971487118157096,0.22051751708931805,0.4169580419580419,0.3042988843134181,1,0,0,0,0,1
112,0.27394722573649033,0.34014920039961793,0.30174381382476306,0.4275296850800207,0.1525728371740825,0,0,0,0,0,1
113,0.18381754924995497,0.3367673975979173,0.21629363482115427,0.24017341718684,0.41494340144972075,0,0,0,0,1,1
114,0.029934032170612745,0.152445471848087,0.2709966783131457,0.47751325855352705,0.26211815570758873,0,1,1,1,0,0
115,0.17530046990782588,0.3822822702379477,0.4785202846832052,0.3188212793917492,0.40011643362977767,0,1,1,0,0,0
116,0.07053135731068139,0.28055654811822284,0.1903574904469205,0.24115314215985356,0.19342434969171546,1,1,0,0,0,1
117,0.170612687511296,0.5039250789391168,0.13298590077429467,0.7789810860280659,0.2110929494551842,0,0,1,0,1,0
118,0.17253298391469385,0.48609905856443847,0.5347923012658009,0.5198056976580467,0.5322645323215277,0,0,1,0,1,0
119,0.28383110428339076,0.7212920492084212,0.3249102111008076,0.2313382925799033,0.37694980529935856,0,0,1,0,0,1
120,0.09044596060003618,0.2754191247784966,0.40166141761671115,0.31059628291171915,0.4532850771576351,0,0,1,1,1,0
121,0.3134940357852882,0.5820893889784222,0.20271333296967992,0.33836884591918154,0.37828309249349124,0,0,0,0,0,1
122,0.23068407735405771,0.5412379403635941,0.4357517720926627,0.362979302576618,0.5281669641966588,0,1,1,0,0,0
123,0.10724290619916865,0.08463075453398583,0.1776506745292363,0.38335406204533723,0.06040910543553708,1,0,0,0,0,1
124,0.016571028375203523,0.18526992437887868,0.3740967279805464,0.3841284554371803,0.260109064928033,0,0,0,1,1,0
125,0.23310139165009947,0.3841782674960441,0.257353215605325,0.47801778758154595,0.3266350070328355,0,1,1,0,0,0
126,0.3241799204771372,0.3515835223253677,0.2533159449581846,0.17369878443703946,0.15805661687025585,1,0,0,0,0,1
127,0.12350894632206766,0.43652055333950757,0.2837637841391606,0.2236882245271507,0.21698180419201774,0,0,1,1,0,0
128,0.2628433941803723,0.4985615943878483,0.16796337818711116,0.37268855305768056,0.19867404079655254,0,0,0,0,0,1
129,0.16277335984095442,0.3323263886356841,0.2856959321537565,0.2641444126343455,0.08314216098374204,1,0,0,0,0,0
130,0.1174995481655523,0.33207480438412906,0.15403640936273566,0.5605669498286947,0.14791345643000647,0,1,1,0,0,0
131,0.11234863545996765,0.49166672743580975,0.2966306554087225,0.7503871966959215,0.25091447217093754,1,1,0,0,0,0
132,0.1960283752033256,0.584793008145496,0.4850610220000746,0.24341178955272913,0.3072870760706499,0,1,1,0,0,0
133,0.22060816916681736,0.27223056785117894,0.20698458588010343,0.3806084854742573,0.3140654674545613,0,0,0,0,1,1
134,0.2504066510030727,0.24149900460143958,0.2544413565803564,0.008582860092927205,0.14469931829331095,1,0,0,0,0,0
135,0.1274286101572384,0.28932371236263144,0.2730300272452966,0.4107804946731121,0.30034380489631907,0,0,0,0,0,1
136,0.1604464124344841,0.16747854241564641,0.12325266926391765,0.05742244332848359,0.11605705247859104,1,0,0,0,0,0
137,0.18175040665100317,0.4802597516243592,0.41217339377635887,0.25427676350495143,0.6320860143262217,0,1,1,0,0,0
138,0.06499638532441732,0.2654505545791981,0.20985840484386348,0.3744778711221664,0.20376699432284273,0,0,1,1,1,0
139,0.2763645400325321,0.24766646491311228,0.09506498390833637,0.10271272351809263,0.01886346935576784,1,0,0,0,0,1
140,0.1558828845111152,0.47242782448899234,0.5327122994283942,0.6273642464917633,0.44270020172329905,0,0,1,0,1,0
141,0.18960103018254126,0.7048606806630158,0.6323327601007128,0.4050840099497817,0.6235000519066005,0,0,0,0,0,1
142,0.1906063618290259,0.44927842719735156,0.40502903963917924,0.22416342047214527,0.3183686264292126,0,0,1,0,0,0
143,0.24028555937104645,0.15453106883199286,0.20859231676892026,0.09766156662129816,0.30870992759538085,1,0,0,0,0,1
144,0.37393818904753306,0.7565539520604385,0.33619734322470624,0.16596658375181866,0.46532333741122445,1,0,0,0,0,1
145,0.2371453099584313,0.37878561375618947,0.16888208155214932,0.8395715023231802,0.2083449529481931,1,1,0,0,0,0
146,0.08585984095427446,0.22097665735683403,0.9999999999999999,0.2948326840944291,0.42217979225146396,0,1,0,0,0,0
147,0.05007455268389671,0.3173370718510039,0.1828958965540011,0.19930656591730417,0.08947476626763042,1,0,0,0,0,0
148,0.27717784203867724,0.21111747161473338,0.28167014529867906,0.04775425916365511,0.05846515235096188,1,0,0,0,0,1
149,0.9019519248147481,0.4089483778284997,0.11795218148984976,0.06019148636598301,0.13632301782940842,0,0,0,0,0,1
150,0.0667020603650823,0.3176214714397183,0.30096506917549243,0.25460529403482424,0.4959726584525318,0,1,0,0,0,0
151,0.16571028375203334,0.3245637383232093,0.08039443954788311,0.1631212746984559,0.09799762654523915,1,0,0,0,0,0
152,0.05022139887945065,0.15727479563337254,0.34814981755125357,0.26530013610550524,0.1954843292954747,0,0,0,1,1,0
153,0.11966835351527216,0.16988500047399935,0.08370177166202053,0.18842985873187212,0.09838031050324973,1,0,0,0,0,1
154,0.19209741550695836,0.06978910676652261,0.04327810586333713,0.025560848547425727,0.002758174271831809,1,0,0,0,0,1
155,0.2222121814567144,0.5226735749028302,0.43173746902964827,0.462934716290421,0.4132905324395898,0,1,1,1,0,0
156,0.13404798481836266,0.3198146298065354,0.4063381919343586,0.7197517247852818,0.24840056425528273,0,0,1,0,1,0
157,0.06247740827760717,0.3035783302097994,0.13876153044496822,0.3757567935420284,0.15153674071329842,0,0,0,1,1,0
158,0.18582821254292436,0.25511372337400007,0.08602365086975369,0.07813159994368049,0.06286398231511582,0,0,0,0,0,1
159,0.06457843846014821,0.24562826786065883,0.3355068802269197,0.781808795231614,0.3420095386012087,0,0,1,1,1,0
160,0.46395490692210384,0.030000510460800323,0.19468400910664707,0.0,0.17953577179008562,0,0,0,0,0,1
161,0.17753705042472456,0.6230301682332953,0.3478914322298366,0.28622049091847745,0.3878318714670433,0,0,0,0,0,1
162,0.19441306705223216,0.48874980857719996,0.3790426536746698,0.24456751302388885,0.29644368540935984,0,1,0,0,0,0
163,0.2383652629676487,0.37469281198270266,0.46832985470132094,0.32407776786971415,0.26055077992211967,0,0,1,0,0,0
164,0.14238433038134835,0.24512874550612196,0.07927548755874678,0.11682780306941379,0.1375565629281022,1,0,0,0,0,1
165,0.14608937285378643,0.36436327307465133,0.07936161599921912,0.15315389308677899,0.013090641138118364,0,0,0,0,0,1
166,0.2691690764503887,0.5693205766748584,0.40001564666668576,0.16149622189890644,0.40733654000777575,0,0,1,0,1,0
167,0.23180236761250694,0.3811701949231028,0.2453225079453486,0.17594569859670534,0.24888909696763672,0,0,0,0,0,1
168,0.07110744623170084,0.188252473911807,0.325050887553579,0.30676538226873795,0.18569739062465007,0,0,1,1,1,0
169,0.2907667630580155,0.14855867746898954,0.2187411180045763,0.2712254188764256,0.036837402064457805,0,0,0,0,0,1
170,0.20332550153623719,0.30121380286003896,0.09565855241059149,0.21198432440043175,0.05240327561183632,1,0,0,0,0,0
171,0.13928926441351908,0.38793015437793077,0.39796794299445615,0.4730487633172196,0.37482875910655505,0,0,1,0,1,0
172,0.17401274173142967,0.5433909910961052,0.47858990517258704,0.373768010512977,0.45493998172073424,0,0,1,1,1,0
173,0.20023043556840792,0.5319056230903298,0.24895210397425332,0.2103886046839067,0.3985592356091494,0,0,0,0,0,1
174,0.17221669980119303,0.12628435583493158,0.05874892698317911,0.40407495189374387,0.10910156798645136,0,0,0,0,0,1
175,0.1200637086571481,0.215181104199634,0.27036794069769776,0.2634697517247853,0.16039343167768233,1,0,0,0,0,1
176,0.28377462497740846,0.6717372439492166,0.22508304217135539,0.27111395316093306,0.3714415989675675,0,0,0,0,0,1
177,0.16236670883788196,0.17617642983716308,0.21967202289868137,0.2230311634674051,0.10970409166502125,0,1,0,0,0,0
178,0.23839915055123817,0.2004634254836617,0.09093799613570397,0.08887337494720043,0.06361306580739189,1,0,0,0,0,0
179,0.28542382071209116,0.5506996959112092,0.4670637666263776,0.3951107617215,0.5640069453067271,0,1,1,0,0,0
180,0.5173843303813483,0.9249640854365535,0.024213575564787253,0.092504810625616,0.13080870483871293,1,0,0,0,0,1
181,0.1168895716609436,0.3565076459735582,0.4254299962390581,0.3145855822030319,0.2833550798242096,0,0,1,0,0,0
182,0.2277584493041751,0.7229054699520896,0.32200768265689017,0.4190934904022153,0.2330748859581449,0,1,1,0,0,0
183,0.15863907464305083,0.5038430405962184,0.29970615847058857,0.3307246444830338,0.3166933663364321,0,0,0,0,0,1
184,0.18751129586119653,0.4252958849567203,0.2590650183597125,0.40605786830619045,0.13421825606035004,1,0,0,0,0,0
185,0.3757342309777698,0.3398119316565913,0.2163460296224416,0.5608133477260995,0.2607950462782967,0,1,0,0,0,0
186,0.04936291342851984,0.22479599798732608,0.16519147787791005,0.33450861219317596,0.159237237591778,0,0,0,1,1,0
187,0.04276613048978872,0.23313656284866302,0.24787621620535316,0.43159525038719676,0.17065668974305215,0,0,1,1,0,0
188,0.10212588107717346,0.5536111455469588,0.46352388772296493,0.18710986999577606,0.5114510032222803,0,1,1,0,0,0
189,0.23747288993312865,0.498217033347675,0.4917453067177312,0.4374266672924391,0.38660850413319026,0,0,1,0,0,0
190,0.19282035062353164,0.40656561973587313,0.37240502186226915,0.2923452386539635,0.4518377989972866,0,1,0,0,0,0
191,0.07193204409904208,0.3066101027484669,0.31994705971858967,0.2529626413854602,0.13664463519837483,0,1,1,0,0,0
192,0.2510166275076813,0.7499872384799935,0.17046253843481657,0.3905641338527245,0.15970541477445055,1,0,0,0,0,1
193,0.1534429784926803,0.6449653980500398,0.43893780665313487,0.2358907870652837,0.5304243924383278,0,0,1,0,0,0
194,0.038609253569492186,0.5330049368851684,0.4552842669177789,0.23125029333083025,0.2406980318238351,0,0,1,1,0,0
195,0.28798798120368696,0.3691214969627584,0.36058389340744207,0.2940289576195616,0.39698168205883966,0,1,1,0,0,0
196,0.22482152539309608,0.19338807417724668,0.26540335384147196,0.1818357816679964,0.2904998707423865,1,0,0,0,0,1
197,0.24020648834267133,0.38944330603583455,0.836817467996107,0.6349791148448867,0.2700079590121054,1,0,0,0,0,1
198,0.21778420386770292,0.4955462295177604,0.3629007484561477,0.7263634016989722,0.4533990681238511,0,1,0,0,0,0
199,0.03074733417675768,0.2384161859827465,0.17242339592956987,0.28918313230393766,0.20114316654690828,0,0,0,0,1,0
200,0.02141695282848377,0.19250935237109046,0.1322940023025003,0.23075163091941614,0.1641571691157761,1,1,1,0,0,0
201,0.21497153442978512,0.33284231865880076,0.19588693632524395,0.03849673816116769,0.21398343466994524,1,0,0,0,0,0
202,0.26579161395264794,0.5941581407559196,0.26406620980313905,0.10220232787346883,0.23300771271019627,0,0,1,0,1,0
203,0.19957527561901323,0.4520713770044702,0.16958905250102635,0.1700732153752288,0.2003024831710658,0,0,0,0,0,1
204,0.35051057292608,0.4512655781697792,0.30736800098760614,0.28923006523677663,0.27236920045514956,0,0,1,0,1,0
205,0.2324575275619014,0.5634229313576071,0.3254592799088187,0.25114399023795,0.460098072942005,0,0,0,0,0,1
206,0.2543037231158505,0.4386717809977323,0.24831188256674236,0.32927559018163044,0.2981372654788536,1,1,0,0,0,0
207,0.11590683173685168,0.0,0.27832764407134875,1.0,0.23798463971730238,0,0,0,1,0,0
208,0.15701247063076107,0.4347321174643224,0.2936829095335571,0.4809217628009575,0.40666277197532086,0,0,0,0,0,1
209,0.08421064521959165,0.3343791702824308,0.6171045340882012,0.5075210024874455,0.1913277301345297,0,0,1,1,1,0
210,0.1349855412976686,0.4326064128461107,0.26649718503547054,0.21025953911859951,0.37993799705659037,0,1,0,0,0,0
211,0.278973883968914,0.3502599703932736,0.21455742900863295,0.1176139296944666,0.11328462933598225,1,0,0,0,0,1
212,0.25641604915958816,0.41569922191189446,0.29057439056950995,0.31566503965832826,0.17330290860163616,1,0,0,0,0,1
213,0.31355051509127074,0.10647118448782555,0.0478902838506303,0.07221805040596985,0.0,0,0,0,0,0,1
214,0.265599584312308,0.3266584506785484,0.14412589681238644,0.24937813863988362,0.3536529015789784,1,0,0,0,0,0
215,0.10758178203506241,0.7471505348899956,0.2225860351346618,0.4677160088233914,0.26984307922168593,0,0,0,0,1,0
216,0.286677661304898,0.5117333061087574,0.499191828133568,0.274223259961515,0.4692397413219287,0,0,1,1,1,0
217,0.13255693114043032,0.18515324762453433,0.37785910535517936,0.19690711972591168,0.299350455047866,1,0,0,0,0,1
218,0.10724290619916865,0.2520819508353328,0.2522845568835285,0.49344698925235836,0.21093010521773292,0,0,0,1,1,0
219,0.2542811313934574,0.26484711699032315,0.11755024876764555,0.05644858497207489,0.06673763961348918,0,0,0,0,0,1
220,0.20561856135911816,0.4319209369143375,0.21292242411366658,0.2679811798939316,0.3350438763442283,1,0,0,0,0,1
221,0.2919076450388578,0.3056821579365716,0.35146648024644217,0.12087576852677526,0.3008649064561633,0,0,0,0,0,1
222,0.1904821073558649,0.4520458539644576,0.4835207583896278,0.23801450227624726,0.3435606299629325,0,1,1,0,0,0
223,0.1569108078799928,0.5148580554360431,0.5140733871731784,0.383318862345708,0.5867888541261675,0,0,1,0,0,0
224,0.058241460328935624,0.39631447302214673,0.35073797718744704,0.265399868587788,0.12657068355904222,0,1,1,1,0,0
225,0.1971127778781856,0.1831369274635204,0.07901064260429436,0.22305462993382452,0.045337871259416976,0,0,0,0,0,1
226,0.15255060545816024,0.27137372293646234,0.1765231096960527,0.6265781198667104,0.45776125813457846,0,0,0,0,0,1
227,0.2393367070305441,0.22758894779444483,0.3028240080156868,0.6574189233585206,0.20373849658128873,1,0,0,0,0,1
228,0.2838085125609977,0.3804117960198643,0.48059382688757646,0.37870770169427886,0.4692987723580049,0,1,1,0,0,0
229,0.21415823242363996,0.3008765341170123,0.19096613142625823,0.1092950673487586,0.11264953680992208,1,0,0,0,0,0
230,0.06170928971624812,0.210659879968789,0.2920536465346222,0.3358403341624818,0.23071771562103705,0,0,1,1,1,0
231,0.30260482559190316,0.37484048099991985,0.1777719720829015,0.25249331205707043,0.0783647181675138,1,0,0,0,0,0
232,0.2867906199168626,0.4649349891709387,0.09755337810098272,0.33293049232646554,0.15801997691682929,0,1,1,0,0,0
233,0.14876649195734692,0.3787418599733102,0.33157081049733433,0.3679952597737833,0.16834226601827518,1,1,0,0,0,0
234,0.0713333634556299,0.5695557532578339,0.7227008730552915,0.20514971605575633,0.23856884341915902,0,0,1,1,0,0
235,0.04618877643231534,0.2892507893911661,0.3006363456276897,0.21768080912376214,0.1918386539295332,0,0,1,1,1,0
236,0.28645174408096885,0.5384814520422079,0.4400172831070548,0.46593255737551037,0.4716946182015074,0,1,1,0,0,0
237,0.32744442436291354,0.727257148274278,0.3222179795990434,0.34215868024592855,0.525940069249512,0,0,0,0,0,1
238,0.12619736128682457,0.3762606558692053,0.23465550059285073,0.2464389637208429,0.2740872071602611,0,1,0,0,0,0
239,0.16972031447677582,0.3093629449212798,0.09147342794064026,0.178474210353405,0.12763527776138023,0,1,0,0,0,0
240,0.140599584312308,0.3198638528122745,0.405907549731997,0.21277631764208943,0.26215683121398337,0,1,1,0,0,0
241,0.24936743177299836,0.541524163026595,0.4654258907833956,0.3341624818134885,0.637683784988611,0,0,0,0,0,1
242,0.2061946502801375,0.2855353639950121,0.15352681608994106,0.17508917257239404,0.2532085403660331,1,1,0,0,0,0
243,0.06134782215796142,0.3102781282131686,0.2151876020980888,0.1963673909982635,0.1195561680308264,0,0,1,1,1,0
244,0.07612280860292797,0.35431266453245447,0.21160035255241633,0.21549256113014503,0.17948284741291387,0,0,1,1,0,0
245,0.20373215253930965,0.6139312044687197,0.5462165211574513,0.36287957009433525,0.5780889007403306,1,0,0,0,0,1
246,0.22542020603650825,0.15654009669586022,0.1535799286282323,0.11432862439573852,0.3226717854038638,1,0,0,0,0,1
247,0.2386137719139707,0.3929527240375992,0.2015017929070358,0.5241059276294175,0.18922500391843944,1,1,0,0,0,0
248,0.12265046087113696,0.2704129627874078,0.15119775951216852,0.1565623973342094,0.15876498930316912,0,1,0,0,0,0
249,0.23559777697451656,0.695624986326943,0.5864830025522727,0.3637184962688318,0.5929016196894966,0,1,1,0,0,0
250,0.10060093981565166,0.48420306130634216,0.2468476990787128,0.19284742103534053,0.549654261328361,1,1,1,0,0,0
251,0.034904211097054216,0.2883337830249908,0.192439645495339,0.2027972027972028,0.1409823985734845,0,0,1,0,0,0
252,0.16565380444605116,0.24473496146020968,0.2640977902313123,0.31296052940348246,0.31182839474257373,0,0,0,1,0,0
253,0.12297804084583419,0.2577225426781692,0.5798195322077303,0.5192131693809545,0.3923223013147636,0,0,1,1,1,0
254,0.08933896620278337,0.3115342263966573,0.2854892238966229,0.20804782465856292,0.1481536516802472,1,1,1,0,0,0
255,0.1431524489427075,0.26257009720632096,0.4032196246522564,0.3220068522081945,0.2627349282569356,0,1,0,1,0,0
256,0.19263961684438824,0.5380311526934098,0.3694350261399817,0.4294070023935796,0.47888622683795157,0,0,1,0,1,0
257,0.14512922465208755,0.64000845906469,0.41016444790234186,0.23324494297648657,0.5069951777750183,1,0,0,0,0,1
258,0.15860518705946158,0.3328733109216736,0.27591174131609997,0.20181747782418924,0.1838368952117687,1,1,0,0,0,0
259,0.22212181456714264,0.36621733962415504,0.196144603909657,0.23868916318580746,0.24615534933142258,1,0,0,0,0,1
260,0.08866121453099596,0.3417972595547325,0.12002213500920139,0.2242807528042427,0.09511935464828698,1,1,0,0,0,0
261,0.2624254473161034,0.5607977043848584,0.4496371121708098,0.3291171915332989,0.47104324125170216,0,0,0,0,0,1
262,0.0725533164648473,0.14968533737812761,0.06155814961658488,0.21815013845215186,0.17695876173241837,1,0,0,0,0,1
263,0.13207120910898262,0.31637995785052264,0.20278654214408137,0.22442741821936452,0.10949850081523897,1,1,0,0,0,0
264,0.3297374841857945,0.678617526306962,0.31905419488569314,0.15222696766320928,0.3381216324320583,1,0,0,0,0,1
265,0.055440086752214124,0.15900671620567197,0.20153624428322475,0.22152930961655792,0.1616005145877903,1,0,0,0,0,1
266,0.1027584493041751,0.44097796997032046,0.5761152915304162,0.20533744778711222,0.17589213197711223,0,1,1,1,0,0
267,0.08329568046267855,0.2437523244197155,0.08298977655411593,0.2252194114610222,0.2774865806170575,1,0,0,0,0,1
268,0.2256235315380446,0.5812398363608522,0.3092011012956588,0.20235720655183742,0.39547537286241485,0,0,1,0,1,0
269,0.20024173142960433,0.5121653747146888,0.444482325008541,0.29252710376871455,0.363857128608272,0,0,1,1,0,0
270,0.09914377372130867,0.2864122627268817,0.2611457379341232,0.25089172572394053,0.3580578382020367,0,0,0,0,1,1
271,0.10787547442617029,0.4088754548570346,0.3205779505450494,0.25923405453606796,0.15247920173754798,0,1,1,0,0,0
272,0.13262470630760892,0.5689559618175322,0.49192043454669165,0.22565940770638754,0.2417483771553961,0,0,1,1,0,0
273,0.27926757636002186,0.8177983096455215,0.27767163244975124,0.18597761299103577,0.35334553308078903,0,0,0,0,0,1
274,0.07132206759443349,0.4138779706995501,0.2568881220267744,0.3074928427277421,0.2509897876307588,0,0,1,1,1,0
275,0.1662298933670704,0.3118951951054102,0.15014627480140214,0.32569108743605385,0.1757252166337246,1,0,0,0,0,0
276,0.107570486173866,0.3441599638302062,0.20263940605827446,0.4414218332003567,0.12058412227973787,0,1,1,0,0,0
277,0.14507274534610526,0.2799494643807746,0.1445737647028425,0.26021377950908153,0.17077475181520435,0,0,1,1,1,0
278,0.07007952286282315,0.11433775003463853,0.21797959904340014,0.22847538367672593,0.15159170064343824,1,0,0,0,0,1
279,0.09480616302186895,0.3098168904186509,0.23003399202450642,0.17111160651429108,0.21612483639243013,1,0,0,0,0,1
280,0.28132342309777725,0.47148711815709055,0.2758320725086631,0.38974280752804247,0.29606303700431735,0,0,1,0,1,0
281,0.2757545635279235,0.4316821141827889,0.3489156429344533,0.46536349556483786,0.3349380275898849,0,0,0,0,0,1
282,0.12501129586119664,0.4617446091693347,0.2813593651759747,0.3006934340826959,0.10740391681102128,1,1,0,0,0,0
283,0.03157193204409914,0.27037285515310183,0.17350574333150548,0.1957631294879617,0.14911850378714625,1,0,1,0,0,0
284,0.1000813302006146,0.31977452217222957,0.207652081293764,0.2041875909325574,0.19448080168218096,1,0,0,0,0,1
285,0.060240827760708604,0.3078443240405161,0.37081738760956257,0.3039083399821655,0.4355879796526124,0,0,1,1,1,0
286,0.08616482920657886,0.3948614828157019,0.3203001863245262,0.2113741962735251,0.2063175421919241,0,0,1,1,0,0
287,0.23332730887402864,0.61664211593294,0.47066249996411313,0.431812315201577,0.42301233341543387,0,0,1,0,0,0
288,0.11051870594614144,0.2428863641335658,0.2048801809845629,0.20706223306894445,0.2862781338864609,0,0,0,0,0,1
289,0.21062262786914898,0.5901090927653121,0.15715569438184185,0.439028253625569,0.24781839610639422,0,0,0,0,1,1
290,0.24946909452376653,0.5487380679787941,0.36702055885874074,0.38796522269676637,0.7077576959168842,0,0,1,0,1,0
291,0.14492589915055132,0.385394258045227,0.34919986678801207,0.4194161543154831,0.464051116806136,0,0,1,1,1,0
292,0.21932044099042125,0.6410549037052165,0.22859636480562245,0.3638534284507439,0.4933040485112983,1,0,0,0,0,1
293,0.21428248689680096,0.5884500951644778,0.3652398533519753,0.2059593091472286,0.40465571674873335,0,0,0,0,0,1
294,0.06001491053677932,0.31483216778117284,0.20107186844167813,0.3890916130849017,0.2769939767987672,0,0,0,0,1,0
295,0.05586932947767953,0.2660412306480665,0.2817821122712931,0.22713192847421032,0.14181697529042248,0,0,1,1,0,1
296,0.11791749502982118,0.36069524760994975,0.25810755719646183,0.23357934012296427,0.2364213350377697,1,0,0,0,0,1
297,0.10822564612326058,0.19341724336583277,0.2329831733736797,0.3016027596564509,0.20804776221484444,1,0,0,0,1,0
298,0.06940177119103574,0.5826071420758252,0.31822592638315095,0.4413690336509129,0.20193092554557907,0,0,1,0,0,0
299,0.09133833363455646,0.527645098482473,0.49114384310843284,0.2657049326512414,0.3156796609582976,0,0,0,1,1,0
300,0.1496023856858848,0.41083343664087635,0.40060275553590546,0.41743910451964145,0.44629091715910074,0,0,0,1,1,0
301,0.053395535875655264,0.3264433279127258,0.21493208772468753,0.24840428028347494,0.19828525017963755,0,0,1,1,1,0
302,0.13064793059822888,0.5051410694882996,0.4468975100267859,0.3179530201342282,0.7995753836508456,0,0,0,1,1,0
303,0.07530950659678304,0.27616293908744205,0.1634710622794753,0.2429483268409443,0.14119206052920308,1,0,0,0,1,0
304,0.20871362732694743,0.18170216799994177,0.047637640425244814,0.1989076359881729,0.057388344830814994,1,0,0,0,0,1
305,0.11988297487800492,0.3362441752776544,0.19258103968511442,0.21209579011592433,0.16289919738146463,1,1,0,0,0,0
306,0.06016175673233348,0.20875294426497293,0.20038642960291914,0.23925235837987519,0.16155776797545934,1,0,0,0,1,0
307,0.16426441351888676,0.5293259729747468,0.5481917333922834,0.3318510348711691,0.5399487447762621,0,0,1,1,0,0
308,0.36023630941622997,0.6141827887202749,0.42185423048544857,0.39129746092833345,0.3481894774124864,0,1,1,0,0,0
309,0.2057654075546722,0.539706557962824,0.3814513790598793,0.5369596846106912,0.42353750608121443,0,1,1,0,0,0
310,0.0883788180010846,0.3819140092320482,0.367421773843941,0.32975665274322996,0.2527973586664685,0,0,1,1,1,0
311,0.08245978673414067,0.25981725503350817,0.2314551112922998,0.22463274980053505,0.10987507811434515,1,0,0,0,0,1
312,0.14737710103018264,0.49227745732183115,0.44950002440305814,0.3542849767681982,0.6009481605725602,0,0,1,0,0,0
313,0.28444108078799935,0.5799782689545034,0.21246450790515536,0.15388722016238796,0.30085472869132257,0,0,0,0,0,1
314,0.1190809687330564,0.5891355710962511,0.8253666918353109,0.18214084573144979,0.5151312829886803,0,0,1,1,0,0
315,0.0861987167901681,0.5013527211206803,0.33500231111315265,0.2000164265264936,0.15762100853507355,0,0,1,1,1,0
316,0.06156244352069418,0.09931744098708539,0.33020782792685965,0.8591425353170319,0.31228232305446935,0,0,0,1,0,0
317,0.033684258087836594,0.49189643479592515,0.23236233086527502,0.19675458769418502,0.19594639981924283,0,0,1,1,0,0
318,0.07876604012289912,0.4765826107882245,0.31825463586330843,0.3054336602994321,0.3795532775456116,0,0,1,1,1,0
319,0.04679875293692404,0.1472041332740227,0.22393179201704194,0.4484559065095977,0.04277714562549491,1,0,0,0,0,1
320,0.08378140249412624,0.3554776090016116,0.4839499651179816,0.2591460552869949,0.5521702047969841,0,0,1,1,0,0
321,0.03448626423278511,0.21365701409601046,0.31573250803147707,0.2322769512366828,0.24454115582768632,0,0,1,1,0,0
322,0.11328619193927358,0.6507700665786729,0.35850460930703926,0.4721101046604403,0.4694473677246791,0,0,1,0,0,0
323,0.11692345924453285,0.5261647621617287,0.5786309597292122,0.2128291171915333,0.41044482939012794,0,1,1,0,0,0
324,0.09487393818904766,0.3778449074242878,0.6236653680411808,0.3806143520908622,0.7229205299765706,0,0,0,1,1,0
325,0.05940493403217062,0.21726670118353986,0.2983489177961454,0.3074811094945323,0.48402396252954094,0,0,0,1,1,0
326,0.11806434122537512,0.3052026893991877,0.2991247914974003,0.28145093161871687,0.5150824297174448,1,1,0,0,0,0
327,0.10938911982649557,0.37332732934201607,0.1930741250068185,0.2110515323602572,0.1559620328660382,0,1,1,0,0,0
328,0.2474358395084042,0.4475574450707718,0.4880726464685904,0.3833247289623129,0.6626437354839628,1,0,0,0,0,0
329,0.46134556298572216,0.891866171762767,0.06437526735703397,0.11250410663162339,0.07226823702792982,1,0,0,0,0,1
330,0.3202150731971807,0.6021997214342492,0.38408547386432473,0.20600037546346267,0.3396971504293998,0,0,1,0,0,0
331,0.15999457798662586,0.3741440666224267,0.1661769307843143,0.15124137607359084,0.31549239008522856,0,0,0,0,0,1
332,0.13849855412976697,0.36341345137131664,0.1537564919312006,0.18754399962453655,0.10727771252699651,0,1,1,0,0,0
333,0.07673278510753667,0.2647304402359788,0.86282825701875,0.4318416482846013,0.7809093629329874,0,0,1,1,1,0
334,0.10822564612326058,0.39815213190307075,0.08811800744723916,0.21784507438869855,0.08519399837562873,0,1,1,0,0,0
335,0.16648969817458892,0.19055866288439527,0.3650582658899795,0.21430163795935608,0.15826627882597444,0,0,1,1,0,0
336,0.16986716067232976,0.4794794758296812,0.3664513934146194,0.5022997137091096,0.969503345431303,0,0,0,1,0,0
337,0.09034429784926812,0.32312897885963066,0.31767111567910833,0.2240226216736284,0.3780164350546647,1,1,0,0,0,0
338,0.33414287005241294,0.7672918596086955,0.3456650120436269,0.5383852724456752,0.4505961116867202,0,0,1,0,0,0
339,0.22786011205494328,0.2131666071129067,0.4847918706235985,0.13519031304266202,0.340505264957752,0,0,0,0,0,1
340,0.0713333634556299,0.3665965390757743,0.20178242807557484,0.20947341249354673,0.15690245833731958,1,0,0,0,0,1
341,0.14029459606000372,0.5012014059548899,0.21606467671689866,0.1825456422771859,0.4965141155420575,0,1,0,0,0,0
342,0.0,0.321526496561682,0.3472454689262941,0.29465081897967804,0.28906277034687855,0,0,1,1,1,0
343,0.13988794505693125,0.23325141652872072,0.30126867192815737,0.17088867508330596,0.21320381788314702,0,0,0,0,1,0
344,0.051057292607988636,0.4971195426271231,0.4088452472891073,0.4360656122401089,0.24826825331235353,0,1,1,0,0,0
345,0.14779504789445153,0.3647315340805507,0.27143162693753103,0.29128924766508657,0.4005601841768325,0,0,1,1,1,0
346,0.3039038496294959,0.5055476150542182,0.3543804924824226,0.33190383442061294,0.33114579241023717,0,0,1,0,0,0
347,0.10290529549972904,0.23234534860826517,0.107014587286868,0.19845003989299292,0.1453730863257658,1,0,0,0,0,0
348,0.015317187782396657,0.26555082366496285,0.2802483082938817,0.41907589055240063,0.1698180419201778,0,0,1,1,0,0
349,0.13086255196096153,0.4350493323901963,0.8555561456948699,0.3403634955648378,0.8077603421357428,0,0,1,1,0,0
350,0.09032170612687518,0.46442452837068227,0.41940459409101477,0.22105411367156336,0.2555596040442366,0,0,0,1,1,0
351,0.12052683896620286,0.3043658983016241,0.2772682642535391,0.27417046041207116,0.41048146934355445,0,0,0,1,1,0
352,0.21030634375564805,0.83203105060125,0.28640218536562956,0.31777702163608207,0.2656355912365373,0,0,0,0,0,1
353,0.24375338875835895,0.5360640555381351,0.8521913946204176,0.30525179518468115,0.6324463072015828,0,0,0,0,0,1
354,0.11919392734502088,0.29929228256192986,0.2615555657633707,0.42675529168817755,0.22547006006916803,0,0,1,0,1,0
355,0.4231655521416955,0.509655001421998,0.40270716043144605,0.36348969822124183,0.2668833852060081,0,1,0,0,0,0
356,0.10539038496294972,0.5117023138458847,0.19150299870520243,0.23014736940911434,0.2526385855349535,1,1,1,0,0,0
357,0.12765452738116767,0.4556883563891463,0.5514703560262634,0.19979936171211338,0.3873860853670203,1,1,1,0,0,0
358,0.0076247063076090305,0.26152912178865473,0.5546420358466568,0.3334643544375088,0.4321682506661346,0,0,0,1,1,0
359,0.08418805349719871,0.2583733801984964,0.1778380038872636,0.16528018960904867,0.19163102752678274,1,1,0,0,0,0
360,0.05014232785107542,0.17871050309558023,0.3753082680431905,0.4531198667104707,0.2781583130965442,0,0,1,1,1,0
361,0.043432586300379605,0.2457704676550161,0.2920852269627954,0.33474914347397566,0.18535134662006608,0,0,1,1,1,0
362,0.07960193385143699,0.3238217470885504,0.25220273486507977,0.21048247054958463,0.19277907940081457,0,0,1,1,0,0
363,0.08418805349719871,0.31168918771102094,0.2074956146269059,0.24609869995776035,0.24465311124093414,0,1,0,0,0,1
364,0.19199575275619019,0.3855947962167563,0.3386785600473132,0.31930234195334867,0.3057828024271933,1,1,1,0,0,0
365,0.07530950659678304,0.13440432870758623,0.11790839953260965,0.13125967991739804,0.09522520340263034,1,0,0,0,0,1
366,0.1160423820712092,0.35038940866762447,0.1400383845749705,0.17740648613131832,0.06127014434106097,1,1,0,0,0,0
367,0.10859840954274369,0.3551585710014513,0.2775180367309089,0.19659032242924862,0.15670908080534618,1,1,0,0,0,1
368,0.1979825591903127,0.4264407756087245,0.3924758194403374,0.2695065002111982,0.29181483795980595,0,1,1,0,0,0
369,0.1884149647569131,0.5226134134513714,0.5666016875432436,0.4209238747829352,0.39539191519072114,0,0,1,0,0,0
370,0.06201427796855241,0.21764407756087256,0.5327661297036894,0.3082907025860046,0.7066788528437692,0,0,0,1,1,0
371,0.6287615217784206,0.8842366058732161,0.15243657358096213,0.017224386351903112,0.15720779128254087,1,0,0,0,0,0
372,0.10790936200975976,0.36693927704166107,0.29784291320837053,0.33700192425024644,0.5627795068669379,0,1,1,1,0,0
373,0.09390249412615226,0.26947772567836603,0.20809061860316896,0.23584972074904959,0.24234886528099792,1,0,0,0,0,1
374,0.22959967467919773,0.18919682639228186,0.049787980489037285,0.19902496832027033,0.02157686146230052,1,0,0,0,0,0
375,0.08200795228628233,0.2830523368166207,0.20978376019545414,0.22176397428075278,0.1624106646691107,0,1,1,0,0,0
376,0.21104057473341786,0.4422614142681087,0.2827991456058705,0.42415638053221943,0.31011853024933483,0,0,1,0,1,0
377,0.062127236580517,0.20985590420838474,0.2811928501910616,0.2765581733702539,0.27684334587912474,0,0,0,1,1,1
378,0.22853786372673057,0.39156901065404626,0.7170013235070353,0.3598406626930117,0.5129125302534059,0,0,1,0,0,0
379,0.09629721669980129,0.3075599244518017,0.23194245471797237,0.246526962969916,0.25464156965560475,1,0,0,0,0,1
380,0.14464350262063996,0.3165659114277589,0.3290982065187745,0.34235814521049424,0.23113703953247416,1,0,0,0,0,0
381,0.13199213808060728,0.5023298889383145,0.25334034801631844,0.30849016755057024,0.2836604127694308,0,1,1,0,0,0
382,0.07229351165732878,0.3162924502847644,0.2960851752857311,0.19264208945417,0.23214870935764048,0,1,0,0,0,0
383,0.13822745346105203,0.3585731891403111,0.2952253263550157,0.23770357159618904,0.32412720577608506,0,0,1,1,1,0
384,0.0466519067413701,0.18112972267393956,0.1861436564968118,0.2938177594217863,0.3648565851156295,0,0,0,1,1,0
385,0.0744397252846557,0.27962313408346773,0.5289965749590172,0.3280436006946074,0.6289777249438695,0,0,1,1,1,0
386,0.09418489065606361,0.2884577520764817,0.10251437627218885,0.24574670296146806,0.1980389482704924,0,0,0,0,0,1
387,0.2680846737755287,0.1482214087259629,0.05536551474662448,0.23316281034401837,0.10566962568216466,1,0,0,0,0,1
388,0.10540168082414614,0.2329451400485667,0.1825140604679071,0.34367226732998546,0.21322213785986027,0,1,1,0,0,0
389,0.12562127236580523,0.302479016414961,0.2696028330515019,0.27695123668278027,0.4170054166064482,0,0,0,1,1,0
390,0.15381574191216352,0.35197730637128,0.15419144055558587,0.31853381517811047,0.1832934025692749,0,1,1,0,0,0
391,0.12619736128682457,0.1943214882120018,0.4419817292868278,0.2660510630309288,0.5327734205635631,0,0,1,1,1,0
392,0.2942684800289175,0.8240277544829397,0.3241357728735606,0.19785751161590087,0.3809639157525337,1,0,0,0,0,1
393,0.09190312669437928,0.3433341111783623,0.24958155932670528,0.17280705871309898,0.37426083982844355,0,0,0,0,1,0
394,0.11998463762877298,0.40699039604465814,0.1775336833975947,0.2393872905617872,0.1387941791327323,0,1,1,0,0,0
395,0.12611829025844945,0.374765734954168,0.5140274520049265,0.39348570892195056,0.3636433955466172,0,0,0,0,1,0
396,0.10604554491234419,0.20631914009232055,0.29645050342073453,0.2463685643215845,0.12022993606328126,0,0,1,0,1,0
397,0.11389616844388228,0.3006687036483363,0.34672008543941296,0.26562866663537804,0.24255852723671645,1,0,0,0,0,1
398,0.1435139165009942,0.2986140989273032,0.2709148562946971,0.351826864410757,0.531592799842041,0,0,1,1,1,0
399,0.11116257003433949,0.3895727443101852,0.3797812050517201,0.2948913502604778,0.2071317633791807,0,0,0,0,1,1
400,0.16415145490692218,0.2867130699841758,0.5951654670888874,0.41345567184493354,0.6665418194179539,0,0,1,1,1,0
401,0.270953822519429,0.5917644442175729,0.2558524275300947,0.3440887971089313,0.3217618932271046,0,1,1,1,0,0
402,0.07849493945418418,0.2970973011208262,0.31563633127294966,0.3959203548129723,0.4262855025882055,0,0,1,1,1,0
403,0.0947722754382796,0.35190802954838807,0.0905288860434604,0.22497888018022244,0.10814689364439294,1,1,0,0,0,0
404,0.06801238026387135,0.08907358657050568,0.12878713930126867,0.1881482611348383,0.11572322179181584,1,0,0,0,1,1
405,0.10374118922826692,0.22983315224128764,0.28036099300349965,0.14268784906368798,0.17752057435162544,1,0,0,0,0,1
406,0.056953732152539405,0.3384683259073442,0.18104772376886571,0.21959332613695032,0.20289984875841444,0,0,1,1,1,0
407,0.12479667449846388,0.4960639826151638,0.28269722695131155,0.3968062139203079,0.3016363810310889,0,0,1,0,0,0
408,0.06660039761431413,0.3896237903902109,0.4109919986678801,0.45269747031491997,0.5041739013611742,0,0,0,1,1,0
409,0.12948445689499377,0.31938438427489046,0.23067851985404103,0.3142159853569249,0.23147901243112196,1,1,0,0,0,0
410,0.2050424724380988,0.3405666844112566,0.22745875165438378,0.28688928521143287,0.15283135240103646,0,1,1,0,0,0
411,0.24652087475149131,0.6726451349439588,0.7247263268803991,0.410968226404468,0.9999999999999999,1,1,0,0,0,1
412,0.19399512018796328,0.4225466889324807,0.20248365712842037,0.3362040643919838,0.21211276149222313,0,0,1,1,1,0
413,0.06360699439725304,0.23258234826552715,0.20516942899714913,0.17172173464119772,0.17690787290821486,1,0,0,0,0,1
414,0.1731768480028919,0.27577280119010295,0.278605408291872,0.27843549068381285,0.22213175320141593,1,0,0,0,1,0
415,0.09767531176576905,0.2719698682281907,0.348840998286044,0.34397146477683394,0.4858091424826011,0,0,1,1,1,0
416,0.09372176034700885,0.41441760068839284,0.2388226816377036,0.23907049326512414,0.12857570323266165,0,0,1,1,1,0
417,0.06835125609976511,0.2370543494906332,0.32671675513971465,0.2291207115032618,0.21953031650813098,0,0,1,1,1,0
418,0.09946005783480949,0.2128876767470521,0.37148057660119943,0.17842141080396112,0.39113353838136894,0,0,0,0,0,1
419,0.17694966564250858,0.30321006920390003,0.13932567173006197,0.22438635190313044,0.14657609812993744,1,1,0,0,0,0
420,0.08452692933309247,0.2708942543990783,0.20452848985263422,0.25209438212793917,0.15175250932792145,0,1,1,0,0,0
421,0.06327941442255569,0.35640373073922027,0.314363065827967,0.23968648800863568,0.4204699277582251,0,0,1,1,1,0
422,0.12720269293330932,0.2722342139997521,0.16911678155243642,0.20395292626836253,0.21645866707920536,0,0,0,0,1,1
423,0.04922736309416231,0.24002231442926836,0.2379893889761338,0.19880790350589006,0.07409005693441652,0,0,1,0,0,0
424,0.10144812940538595,0.2619192596859937,0.19687597791666783,0.21068193551415026,0.16415920466874429,0,1,1,0,0,0
425,0.1546064521959155,0.41152073564693625,0.26432674833556785,0.19537593279204013,0.1958446221708358,1,1,0,0,0,0
426,0.11953280318091464,0.4010708738359672,0.23515791649560602,0.4195276200309757,0.2806986832007849,0,0,0,1,1,0
427,0.06923233327308886,0.536410439652595,0.3635459940226862,0.2027972027972028,0.15509895840754617,0,0,1,1,0,0
428,0.05592580878366182,0.39510212862153726,0.37814835336776553,0.17405664804993665,0.2732709504200363,0,0,1,0,0,0
429,0.11189680101210919,0.34957449446150046,0.26601558350582943,0.18589548035856757,0.4236168926469719,0,1,0,0,0,1
430,0.13036553406831752,0.38387928331303656,0.2373527562536425,0.24180433660299433,0.44222591788172216,0,0,0,0,0,1
431,0.3085351527200435,0.921131983286055,0.3577143808657056,0.24833974750082133,0.5747383805547694,1,0,0,0,0,1
432,0.27531402494126156,0.6950179025894947,0.4370745613909169,0.5179694466607219,0.43611722342432924,0,0,1,0,1,0
433,0.11961187420928976,0.4504980638951075,0.3676004903579211,0.2813746656028535,0.40228836864678463,0,0,1,0,1,0
434,0.15619916862461602,0.42547090008823685,0.3147370068070177,0.34496292298305725,0.4400906228181416,0,0,0,1,1,0
435,0.13860021688053503,0.5991898257870212,0.5397511462259953,0.35460764068146616,0.5068750801498981,0,0,0,1,1,0
436,0.009081872401951907,0.29736164689238764,0.43660372591633484,0.5642159853569249,0.46440530302259253,0,0,1,1,1,0
437,0.18830200614494863,0.39557248178748805,0.12379743164990509,0.2714131506077815,0.16709243649583627,1,0,0,0,0,1
438,0.22858304717151645,0.2569258592149113,0.2822830927000405,0.2577908668512695,0.22746490197794678,1,0,0,0,0,1
439,0.11043963491776632,0.2703291013702227,0.17552689073458944,0.13212793917491902,0.2683225211544842,0,1,0,0,0,0
440,0.08919212000722943,0.47657167234250464,0.19608718494934207,0.3033744778711222,0.21020951946701077,0,1,1,0,0,0
441,0.3458114946683537,0.1675168269756656,0.1614233586072457,0.00709860609189468,0.009471427960762682,0,0,0,0,0,1
442,0.12216473883968926,0.3747365657655819,0.3310770074386263,0.3235908386915098,0.34388224733189887,0,0,1,1,1,0
443,0.09976504608711378,0.4017454113220207,0.28547056273452054,0.21840240296616137,0.196422719213788,0,0,0,1,1,0
444,0.35254382794144234,0.5272221452479746,0.2979369367558862,0.05468273337400853,0.28495502445716886,0,0,1,0,0,0
445,0.07953415868425817,0.28744594584740146,0.389448404757735,0.28391491059276297,0.2875625678093582,0,0,0,1,1,0
446,0.3113930056027474,0.6409163500594321,0.2688585397784202,0.1275402449899094,0.334307006169761,1,1,0,0,0,1
447,0.19491008494487627,0.372497830541599,0.18024242285044945,0.23499319472473834,0.12267259962505113,1,1,0,0,0,0
448,0.11936336526296776,0.4334687269836872,0.4717233152559306,0.23170788942601023,0.6389275078521455,0,0,0,1,1,0
449,0.08833363455629872,0.3205019288125954,0.14768084819288177,0.22501407987985167,0.14252331217036762,0,1,1,0,0,0
450,0.0976527200433761,0.4759846424222094,0.6380983414533312,0.3007403670155348,0.48965837314535676,0,0,0,1,1,0
451,0.051034700885595696,0.19735690689924235,0.09232251081629667,0.3978387384427653,0.18589891036849615,0,0,1,0,0,0
452,0.08187240195192491,0.26675952191699914,0.508566191141977,0.2728211385929507,0.49798582033802385,0,0,0,1,1,0
453,0.0840073197180553,0.4140803319453661,0.1814403259100187,0.29013352419392685,0.2663256436927373,1,1,0,0,0,0
454,0.08352159768660783,0.24235949566472936,0.29058156793954926,0.15216830149716057,0.30797712852684994,1,0,0,0,0,1
455,0.0889887945056933,0.3726710225988289,0.4268475268218318,0.27167714835500073,0.2039074474776445,0,1,1,0,0,0
456,0.059924543647207784,0.1956705631841087,0.30417478905709455,0.3073696437790398,0.2611919791070843,0,0,1,0,0,0
457,0.15113862280860302,0.40405160029460885,0.439901727449421,0.2277772563007462,0.4378006257289824,0,1,1,0,0,0
458,0.041478402313392504,0.19822286718539206,0.5851487294619555,0.27566058102970853,0.5278982712048641,0,0,1,1,1,0
459,0.22868470992228462,0.15160868075052336,0.1377258359482885,0.14896512883090066,0.14387084823527735,1,0,0,0,0,1
460,0.14409000542201345,0.21442999759354198,0.20160084061357902,0.3315870371239499,0.41056696256821634,0,0,1,1,1,0
461,0.118358033616483,0.4378422821973149,0.25329441284806653,0.20522011545501478,0.12247515098714139,1,1,1,0,0,0
462,0.07518525212362204,0.31125164988222953,0.2683733495637594,0.20404092551743558,0.145088108910226,0,1,1,0,0,0
463,0.21590909090909105,0.5088874871473263,0.4330459035878237,0.44023091002956766,0.29115735435109624,0,0,0,0,0,1
464,0.2694175853967109,0.21930672131028006,0.3232443435146719,0.2700403623222415,0.0329515314482756,0,0,0,0,0,1
465,0.11057518525212373,0.5307698478097587,0.40459624422580576,0.34659384239921154,0.3757549357070594,0,0,0,1,1,0
466,0.1214530995843125,0.47772932451451555,0.3022828343147191,0.2819965269629699,0.2858588099750237,0,1,0,0,0,1
467,0.0801554310500634,0.19732773771065637,0.20801525621775563,0.167914300464636,0.3070407741615048,1,1,0,0,0,0
468,0.29667449846376304,0.6169720923788202,0.25279271468231523,0.15900290984183602,0.3504285856774422,0,0,1,0,0,0
469,0.09397026929333108,0.6648897769286304,0.6040173175584309,0.34496292298305725,0.5679335269822723,0,0,1,1,0,0
470,0.07948897523947229,0.38309353829549864,0.3255418196642713,0.4825233491340874,0.34962454225502626,0,0,0,1,1,0
471,0.1169573468281222,0.6084674508316865,0.507555617440435,0.27674590510160985,0.5132341476223723,0,0,1,1,0,0
472,0.03569492138080621,0.37111594023233263,0.29049256855106126,0.2756429811798939,0.25948415016681353,0,0,1,0,1,0
473,0.13474832821254312,0.5793511313999025,0.31701941047953447,0.17044281222133573,0.49037081668420635,0,0,0,0,0,1
474,0.07116392553768303,0.3575577367626578,0.4599919039265956,0.23622518421176142,0.19119134808566418,0,0,0,0,0,1
475,0.22520558467377572,0.4963009822724258,0.5306193783249166,0.3874606936687474,0.5156177801480661,0,1,1,0,0,0
476,0.10437375745526845,0.27629784658465273,0.24185440274232956,0.36229877505045294,0.21740519920939116,0,0,0,0,1,0
477,0.28219320440990425,0.1623538805959266,0.033486019918637346,0.10635589242971791,0.03147779109934108,1,0,0,0,0,1
478,0.06978583047171527,0.6672816503926904,0.3280675361811224,0.3804970197587647,0.5937300897475303,0,0,1,1,1,0
479,0.15109343936381714,0.32812967162785966,0.21397893298346043,0.27889308677899277,0.4732762428577535,1,0,0,0,0,1
480,0.2228673414061091,0.35760695976839685,0.31737827898150245,0.3011510301778758,0.3884628928871672,1,0,0,0,1,0
481,0.11611015723838802,0.24661272797543965,0.43344783631002787,0.229296710001408,0.43440939448405846,0,0,1,1,1,0
482,0.0741912163383337,0.2426402491048706,0.17631640143891916,0.28906579997184023,0.1378354336847376,0,1,1,0,0,0
483,0.09872582685703979,0.2627888661207167,0.2586953838026855,0.226644999296006,0.2765522618046805,1,0,0,0,0,1
484,0.17382071209108985,0.5920506668805743,0.4141421463781555,0.2873586145398226,0.4775671885145959,0,1,1,0,0,0
485,0.084368787276342,0.4458018245327462,0.8357889508694666,0.25706927300887034,0.786466422536014,0,0,0,1,1,0
486,0.06447677570938015,0.3021453938205074,0.3516868255066505,0.20767822781245598,0.13111607333690234,1,1,0,0,0,0
487,0.15894406289535523,0.38949435211586003,0.537429984755266,0.19451940676772894,0.7086268770342806,0,0,0,0,0,1
488,0.13375429242725478,0.2769760302192794,0.302664670400813,0.2376918383629793,0.2490560123110243,1,0,0,0,0,1
489,0.24539128863184545,0.5954452312022811,0.5020103813480249,0.23358520673956917,0.28026511041857066,0,0,0,0,1,1
490,0.08450433761069953,0.28144438529581206,0.09963266220138553,0.16644177969681323,0.19407165553558448,0,1,0,0,0,0
491,0.14719636725103924,0.5019889740467145,0.2920170419474214,0.3197716712817384,0.19716366049419148,0,0,0,1,1,0
492,0.175673233327309,0.2740919266978292,0.15308397235851248,0.29944971136246307,0.12188076952044406,0,1,1,0,0,0
493,0.1272591722392915,0.20245969182752277,0.22961339814019988,0.25068639414277,0.26320921209851256,0,0,0,1,1,0
494,0.1544709018615581,0.49823708716482784,0.26055791132789957,0.5215891491059277,0.4555628609289857,0,0,0,0,0,1
495,0.23717919754202077,0.6326614696895669,0.35592649798890086,0.4357370817102361,0.4895789865795992,0,0,0,0,0,1
496,0.2195802457979399,0.30834384639505297,0.1937724831116483,0.4451882010606843,0.18822554741108194,0,1,1,0,0,0
497,0.17291704319537327,0.42277457321830947,0.4097890714492832,0.46857840146430746,0.4733719138472562,0,0,1,1,1,0
498,0.20034339418037228,0.4035958317229511,0.23701111343976894,0.6337705918242831,0.5300071040798587,0,1,1,0,0,0
499,0.10544686426893202,0.281088885809919,0.469585894458209,0.3938905054676867,0.20888844559068692,0,0,1,0,0,0
500,0.06949213808060739,0.35061364680488005,0.4608596479643542,0.17826301215562962,0.10752401443614164,1,1,1,0,0,0
501,0.136871950117477,0.19416652689763814,0.21140297487633386,0.18371309898155536,0.14476445598829146,0,0,0,0,1,0
502,0.14695915416591376,0.3014453332944411,0.21613573268028835,0.15464988032102125,0.21886876179348497,1,1,0,0,0,0
503,0.2552977589011387,0.18583872355630748,0.14731623779488223,0.14937579199324166,0.14876431757068964,0,0,0,0,0,1
504,0.2914106271462138,0.7108841181060448,0.5694848370880548,0.17731262026564037,0.4117557255016111,0,0,1,0,0,0
505,0.11479983733959886,0.6397131210302558,0.44379114427375066,0.1908351715398695,0.25266911882947557,0,0,1,0,0,0
506,0.09906470269293333,0.4518289081243483,0.2829922168599293,0.2114093959731544,0.12050880681991664,0,0,1,0,0,0
507,0.2615782577263692,0.4687360990585645,0.349391502568063,0.2798082789693528,0.5057107438521211,0,0,1,0,1,0
508,0.13033164648472806,0.33849567202164366,0.3329050835876515,0.3417656169334022,0.3620393798077216,1,0,0,0,0,1
509,0.0716948310139166,0.33788858828419543,0.32592724443538496,0.2987398507532736,0.37288073491604357,0,0,1,1,1,0
510,0.10396710645219598,0.41232288833305386,0.2290119345309014,0.42713075515088933,0.2324418289850529,0,0,1,1,1,0
511,0.26025664196638365,0.8406687765713079,0.3597821811740455,0.48022363542497765,0.35096393610806337,0,0,0,0,0,1
512,0.1078076992589917,0.39075045029934885,0.23189005991668504,0.4164887126296522,0.2226121437018973,0,1,1,0,0,0
513,0.24937872763419477,0.5919813900576822,0.2793489838279498,0.26033111184117896,0.41711126536079157,0,0,0,0,0,1
514,0.2907554671968191,0.5886269333702809,0.28409896731999873,0.33433261369502976,0.34234540484095205,0,1,1,0,0,0
515,0.3741415145490692,0.08744740430683084,0.08079996095510697,0.3587025390716666,0.09311433497466755,1,0,0,0,0,1
516,0.12148698716790174,0.35019798586752815,0.27263311868212,0.25325597221570373,0.24424803620027397,1,0,0,0,0,1
517,0.1741482920657872,0.3269920732730017,0.29901569547280205,0.5563195194067676,0.14071167002872165,0,0,1,0,0,0
518,0.058388306524489564,0.23719654928499034,0.20436053939371318,0.16440606373492278,0.16309868157234247,1,0,0,0,0,1
519,0.20543782757997486,0.4740540067526673,0.3360839407780843,0.2132573802036889,0.46651413589758717,0,0,0,0,0,1
520,0.2630467196819086,0.48095251985327914,0.4378762736243134,0.3314579715586427,0.5700667864928847,0,0,1,0,0,0
521,0.06498508946322079,0.3331668258818211,0.3610324790349021,0.3381341812549867,0.4301611954395471,0,0,0,1,1,0
522,0.12009759624073746,0.2975968234753631,0.5079575501626391,0.530617872060825,0.3393775686134016,0,0,1,1,0,0
523,0.39896981745888316,0.08722316616957515,0.1381478653066029,0.7360550523302201,0.17695876173241837,1,0,0,0,0,1
524,0.09291975420206056,0.259077086873136,0.23123548376909542,0.4896923546252406,0.3306185841914885,0,0,0,1,1,0
525,0.46529911440448224,0.5097953781420685,0.24386980824938204,0.3203759327920402,0.44344928521557514,0,1,1,0,0,0
526,0.28061178384240026,0.7614871910800622,0.2550586104037414,0.36514408410381566,0.3217456088033594,0,0,1,0,0,1
527,0.2644361106090729,0.489218338668864,0.2453921284347304,0.1919322288449805,0.19301113243918272,0,0,1,0,0,0
528,0.21700478944514745,0.6818352524228659,0.25703956453460497,0.26432041113249166,0.24837613761966504,0,0,0,0,0,1
529,0.1173865895535876,0.2952085961598764,0.14732341516492162,0.32268151311775467,0.19131551681672082,1,1,0,0,0,0
530,0.07936472076631129,0.29645010974907215,0.20276931645598695,0.2730323367907261,0.13028760327886874,0,1,1,0,0,0
531,0.051057292607988636,0.4099948224690261,0.5856927741109391,0.29384709250481067,0.5204115073880394,0,0,0,1,1,0
532,0.29649376468461974,0.6186547899453807,0.29420183338740286,0.10619749378138638,0.29260463251144486,0,1,1,0,0,0
533,0.0348364359298754,0.1243373124968098,0.586704783286489,0.7837682451776411,0.3317320316650619,0,0,0,1,1,0
534,0.08924859931321172,0.2924174694270444,0.2522084767611113,0.1946836720326653,0.29810469663136335,1,0,0,0,0,1
535,0.09992318814386425,0.12717219301252092,0.14850409253639646,0.33247876284789035,0.16819570620456897,0,0,1,0,0,0
536,0.11903578528827052,0.3627370908109765,0.1635564729829437,0.2115677946214859,0.12943470658521739,1,0,0,0,0,0
537,0.12592626061810963,0.38571147297110076,0.3903592130157299,0.2915943117285399,0.4981629134462522,0,0,1,1,0,0
538,0.21246385324417139,0.6652325148945171,0.23037994126040356,0.32942225559675226,0.3576934742207394,0,0,0,0,0,1
539,0.30473974335803367,0.3890513450642087,0.32084351323650584,0.46820880461820064,0.2472708323579642,1,0,0,0,0,0
540,0.07062172420025314,0.4041464001575138,0.6957462598724725,0.3374888534284508,0.5335102907380304,0,0,0,1,1,0
541,0.11259714440628965,0.3518296373540629,0.20235948862673941,0.2037651945370066,0.17395632110440956,0,1,1,0,0,0
542,0.12705584673775538,0.40601140515273726,0.3429476597467249,0.510559909888769,0.3553281616717589,0,0,1,1,0,0
543,0.03488161937466128,0.28253458371921747,0.18515174395737216,0.3630555685924813,0.36142464281134284,0,1,1,0,0,0
544,0.25458611964576194,0.6105384632212993,0.39924192617644266,0.43781973060496554,0.4225095518323029,1,0,0,0,1,1
545,0.09559687330562083,0.41374306320233933,0.3007691269734179,0.21819707138499084,0.3570380261649978,1,1,0,0,0,1
546,0.09758494487619751,0.3593115342263966,0.3329761395510411,0.41852442859154265,0.3710853771981427,0,0,0,0,1,0
547,0.07676667269112614,0.29022795720880046,0.21870307794336769,0.2673534519172103,0.22931114852005113,0,1,0,0,0,0
548,0.055812850171697126,0.19539163281825422,0.08799240347155032,0.168465762425494,0.1281360237915431,1,1,0,0,0,1
549,0.2300063256822702,0.4808230815789283,0.2180169213676048,0.6737633172196931,0.2947867452932926,0,1,1,0,0,0
550,0.11463039942165199,0.36701949231027264,0.2571493782962072,0.2721875439996245,0.12752739345406872,1,1,0,0,0,0
551,0.23035649737936037,0.5162472380424559,0.21216808252252972,0.3314345050922232,0.23934438910002093,0,0,0,0,0,1
552,0.07281312127236594,0.3678818064478493,0.12645521177548036,0.17707208898484067,0.11179867566923891,0,1,1,0,0,0
553,0.1327941442255558,0.160780567486564,0.17455005067223245,0.1590263763082555,0.11833687180290962,0,1,0,0,0,0
554,0.07872085667811324,0.29793409221838985,0.25504640887467445,0.25858286009292725,0.15374124457779575,0,0,1,1,1,0
555,0.0796697090186157,0.24729091161006633,0.19208436567839063,0.279157084526212,0.5152900561201953,0,0,0,0,1,1
556,0.15955403939996393,0.349033041398371,0.3244178435161074,0.24641549725442347,0.31136835977177374,0,0,0,0,1,1
557,0.2198287547442619,0.385819034354012,0.3863147649985501,0.49036701553480083,0.0461765190822913,1,1,0,0,0,0
558,0.23956262425447328,0.5802243839831986,0.3264282248641323,0.24487844370394707,0.4017428404513227,0,0,1,0,1,0
559,0.1548436652810412,0.5090643253531295,0.5055430828813983,0.24390458534753834,0.4440803066356991,0,1,1,0,0,0
560,0.11197587204048443,0.4913859739956683,0.21368035438982308,0.20524944853803917,0.14681425782721003,1,1,1,0,0,0
561,0.03523179107175145,0.40870773202266464,0.34323403681129544,0.21161472755432487,0.18293514524688198,0,0,0,1,1,0
562,0.1469252665823243,0.4329728507777235,0.3812453885397497,0.24614563289059932,0.20600610258779845,0,0,1,0,0,0
563,0.12958611964576194,0.5284016743114248,0.3273124768529816,0.28937673065189845,0.48618164867577096,0,0,0,1,1,0
564,0.09651183806253405,0.376288001983505,0.36739378210078744,0.2635401511240437,0.38279998452979735,0,0,1,1,1,0
565,0.20645445508765592,0.6426665013745982,0.22258101097563426,0.16910522363542496,0.29440609688825015,0,0,1,0,1,1
566,0.20131483824326768,0.34985889405021475,0.19840045131302808,0.2236002252780776,0.33549576910315565,1,0,0,0,0,1
567,0.06461232604373768,0.254501170413692,0.3265086114085732,0.25908738912094614,0.18700014452426067,0,0,1,1,1,0
568,0.23051463943611084,0.38695480963458306,0.19843633816322487,0.3782501055990989,0.27243840925606644,0,0,1,1,0,0
569,0.13189047532983922,0.27852928951148914,0.3041683294240591,0.4548681184587225,0.40206852892622535,0,0,1,1,1,0
570,0.07826902223025489,0.33874543319891204,0.6288115423594024,0.33803444877270383,0.705726214054679,0,0,1,1,1,0
571,0.0654143321886862,0.409367684914425,0.18219036107913192,0.17677875815459704,0.23303824600471834,1,0,0,0,0,1
572,0.2319605096692574,0.4599999270770285,0.6292184992406342,0.3085077674003849,0.4590090521040493,0,0,1,1,0,0
573,0.08242589915055143,0.28829002924211156,0.14848830232230983,0.20058548833716616,0.0929168863367578,1,1,0,0,0,0
574,0.11171606723296601,0.29398166716497376,0.2082815366462159,0.2575268691040503,0.24885856367311454,0,0,1,0,0,0
575,0.1309642147117297,0.3012375028257652,0.21770183482287686,0.747582953958793,0.21804436284138767,0,0,1,1,0,0
576,0.08303587565516013,0.12755868476128673,0.2457043440314426,0.19911296756934344,0.1517056916096542,0,0,0,0,1,1
577,0.12250361467558302,0.26074519984540334,0.12311271054815012,0.17608063077861735,0.05135293028027528,1,1,1,0,0,0
578,0.0870459063799025,0.30751252452034916,0.2096552852717496,0.3119984042802835,0.288293331324921,0,0,1,1,1,0
579,0.30764277968552345,0.5918300748918917,0.26021842172503784,0.1983327075608955,0.38258828702111064,1,1,0,0,0,0
580,0.1064183083318272,0.23460231457511438,0.20402392073886716,0.2780013610550523,0.20578015620833473,0,0,1,0,0,0
581,0.0987484185794325,0.3130528472774209,0.32013008265459336,0.381306612850237,0.1733232641313176,1,0,0,0,0,1
582,0.24157328754744278,0.6128027214852951,0.25108162966493164,0.2791981508424462,0.266637083296863,1,0,0,0,1,1
583,0.13168714982830299,0.28989615768863364,0.2604710651504233,0.23254681560050688,0.1582927410145603,1,1,0,0,0,0
584,0.3004924995481657,0.5435477754847555,0.4839126427937769,0.17119373914675928,0.45397512961383524,0,1,1,0,0,0
585,0.16094343032712832,0.35243307494293796,0.5206004874869731,0.28180292861500916,0.6502044712956498,0,0,1,1,1,0
586,0.11066555214169538,0.33813105716431746,0.19329016384500325,0.20778382691134373,0.10273842940804083,0,1,1,0,0,0
587,0.10569537321525402,0.27214306028542057,0.33223687043698696,0.5402449899094195,0.16320453032668586,1,0,0,0,0,1
588,0.012549701789264511,0.5078045810210676,0.5188212174542155,0.3179999530670672,0.23058540467810779,0,0,1,1,1,0
589,0.13433038134827402,0.44879895865996766,0.2546724678956238,0.1848453559862956,0.3267897090584142,1,0,0,0,1,1
590,0.04851572383878555,0.3233094632140071,0.18664535466256313,0.2215058431501385,0.16392715163037613,0,0,1,1,1,0
591,0.28243041749503006,0.46652288687459453,0.26090170735278495,0.4249073074576431,0.3296964786969203,0,1,1,0,0,0
592,0.10858711368154728,0.29273833050149134,0.14050563136453287,0.2148589665368189,0.14260880539502957,0,1,0,0,0,0
